transaction_id,amount,failure_reason,recovery_probability,calibrated_probability,confidence,recovery_flag,recovered_amount,recommended_policy,policy_threshold,expected_recovery,expected_intervention_cost,expected_friction_cost,expected_net_recovery
T0022306,26703.03,LIMIT_EXCEEDED,0.3432546856613142,0.5616687243091443,0.3134906286773715,1,26703.03,INTERVENE,0.475,14998.256795288808,1.5,0.25,14996.506795288808
T0026878,12853.93,PAYMENT_TIMEOUT,0.6599279938780305,0.7628484131990617,0.3198559877560609,1,12853.93,INTERVENE,0.475,9805.600103871815,1.5,0.25,9803.850103871815
T0000835,9567.33,PAYMENT_TIMEOUT,0.6924871494467064,0.779541107046033,0.3849742988934128,1,9567.33,INTERVENE,0.475,7458.127019674723,1.5,0.25,7456.377019674723
T0038230,11837.46,NETWORK_ERROR,0.5336415544564067,0.6902532745440629,0.0672831089128134,1,11837.46,INTERVENE,0.475,8170.845527284363,1.5,0.25,8169.095527284363
T0032751,13412.25,INSUFFICIENT_FUNDS,0.4587827320453022,0.641923788835134,0.0824345359093956,1,13412.25,INTERVENE,0.475,8609.642336804027,1.5,0.25,8607.892336804027
T0007170,10058.29,PAYMENT_TIMEOUT,0.5950646718849923,0.7270749160834712,0.1901293437699847,0,0.0,INTERVENE,0.475,7313.130357693218,1.5,0.25,7311.380357693218
T0019894,11801.87,BANK_DECLINE,0.4340136618784932,0.6252122991668976,0.1319726762430135,1,11801.87,INTERVENE,0.475,7378.674277168834,1.5,0.25,7376.924277168834
T0014488,9490.22,NETWORK_ERROR,0.5376191914477411,0.6927196381506652,0.0752383828954821,0,0.0,INTERVENE,0.475,6574.061764370205,1.5,0.25,6572.311764370205
T0041621,8270.53,PAYMENT_TIMEOUT,0.6145357949947704,0.7381597561723476,0.2290715899895408,1,8270.53,INTERVENE,0.475,6104.9724082160865,1.5,0.25,6103.2224082160865
T0038663,20646.44,BANK_DECLINE,0.2459145887381636,0.49125456894468605,0.5081708225236727,0,0.0,INTERVENE,0.475,10142.657982442322,1.5,0.25,10140.907982442322
T0012356,10751.67,BANK_DECLINE,0.441407603043249,0.6302343473349639,0.1171847939135019,1,10751.67,INTERVENE,0.475,6776.071725210911,1.5,0.25,6774.321725210911
T0039243,10270.54,BANK_DECLINE,0.4543891280420528,0.6389831780173019,0.0912217439158943,1,10270.54,INTERVENE,0.475,6562.70228915382,1.5,0.25,6560.95228915382
T0031286,9521.22,BANK_DECLINE,0.4391937571875489,0.6287335764479859,0.1216124856249022,0,0.0,INTERVENE,0.475,5986.310702748092,1.5,0.25,5984.560702748092
T0011868,10458.95,BANK_DECLINE,0.3948181470127104,0.5981609765876297,0.2103637059745792,1,10458.95,INTERVENE,0.475,6256.13574608119,1.5,0.25,6254.38574608119
T0034332,5766.06,PAYMENT_TIMEOUT,0.6790613679560724,0.7727617301670119,0.3581227359121448,1,5766.06,INTERVENE,0.475,4455.790501846801,1.5,0.25,4454.040501846801
T0014941,5939.97,PAYMENT_TIMEOUT,0.6500377360373243,0.7576086517576865,0.3000754720746486,1,5939.97,INTERVENE,0.475,4500.172663181105,1.5,0.25,4498.422663181105
T0014445,9629.4,LIMIT_EXCEEDED,0.394818372962938,0.5981611344427697,0.210363254074124,0,0.0,INTERVENE,0.475,5759.932828003207,1.5,0.25,5758.182828003207
T0033473,6449.65,INSUFFICIENT_FUNDS,0.553570316070259,0.7024991940002688,0.1071406321405179,1,6449.65,INTERVENE,0.475,4530.873926583834,1.5,0.25,4529.123926583834
T0034060,10016.59,INSUFFICIENT_FUNDS,0.3441637606847962,0.5623191342948527,0.3116724786304076,1,10016.59,INTERVENE,0.475,5632.520217386479,1.5,0.25,5630.770217386479
T0018044,5641.17,NETWORK_ERROR,0.5745428075978803,0.715079724355379,0.1490856151957607,1,5641.17,INTERVENE,0.475,4033.8862886418337,1.5,0.25,4032.1362886418337
T0022168,6466.34,INSUFFICIENT_FUNDS,0.5011056884215934,0.6696797473342562,0.0022113768431868,1,6466.34,INTERVENE,0.475,4330.376937377394,1.5,0.25,4328.626937377394
T0038652,8636.8,LIMIT_EXCEEDED,0.3746778133938617,0.5840131194331069,0.2506443732122766,0,0.0,INTERVENE,0.475,5044.004509919857,1.5,0.25,5042.254509919857
T0034611,5469.4,NETWORK_ERROR,0.5907946489374517,0.7246051905854395,0.1815892978749034,1,5469.4,INTERVENE,0.475,3963.1556293880026,1.5,0.25,3961.4056293880026
T0017466,5768.13,NETWORK_ERROR,0.5437852483931201,0.6965212398693966,0.0875704967862402,0,0.0,INTERVENE,0.475,4017.625059327863,1.5,0.25,4015.875059327863
T0007949,4973.81,PAYMENT_TIMEOUT,0.6230417119144172,0.7429099582028869,0.2460834238288343,1,4973.81,INTERVENE,0.475,3695.092979209101,1.5,0.25,3693.342979209101
T0023546,9465.34,LIMIT_EXCEEDED,0.3234810233299963,0.5474726700846043,0.3530379533400074,1,9465.34,INTERVENE,0.475,5182.014963058608,1.5,0.25,5180.264963058608
T0026292,4568.22,NETWORK_ERROR,0.6697928981701375,0.7679964612802801,0.3395857963402751,1,4568.22,INTERVENE,0.475,3508.3767943498015,1.5,0.25,3506.6267943498015
T0019706,4802.65,NETWORK_ERROR,0.6326804838190164,0.7482242481943917,0.2653609676380328,1,4802.65,INTERVENE,0.475,3593.459185590795,1.5,0.25,3591.709185590795
T0011826,4436.97,PAYMENT_TIMEOUT,0.6744202868158924,0.77038425322718,0.3488405736317848,1,4436.97,INTERVENE,0.475,3418.1718200414007,1.5,0.25,3416.4218200414007
T0005295,4928.56,NETWORK_ERROR,0.5917355317625158,0.7251505735562359,0.1834710635250316,1,4928.56,INTERVENE,0.475,3573.9481108063223,1.5,0.25,3572.1981108063223
T0005715,6531.21,BANK_DECLINE,0.4450454033126302,0.632694950688678,0.1099091933747394,0,0.0,INTERVENE,0.475,4132.2635888874,1.5,0.25,4130.5135888874
T0045321,5159.02,NETWORK_ERROR,0.5619537717799119,0.7075664611678711,0.1239075435598238,1,5159.02,INTERVENE,0.475,3650.349524494271,1.5,0.25,3648.599524494271
T0007824,6529.86,INSUFFICIENT_FUNDS,0.4375447572982346,0.6276140974418954,0.1249104854035306,0,0.0,INTERVENE,0.475,4098.232190321935,1.5,0.25,4096.482190321935
T0032003,4222.16,PAYMENT_TIMEOUT,0.676245375669082,0.7713212657248496,0.3524907513381641,1,4222.16,INTERVENE,0.475,3256.641795292831,1.5,0.25,3254.891795292831
T0012051,4494.92,NETWORK_ERROR,0.618869446770873,0.7405869807993992,0.2377388935417459,0,0.0,INTERVENE,0.475,3328.8792317348357,1.5,0.25,3327.1292317348357
T0042526,6160.93,BANK_DECLINE,0.4463599982429644,0.6335824506440818,0.107280003514071,1,6160.93,INTERVENE,0.475,3903.457127646643,1.5,0.25,3901.707127646643
T0037912,5740.47,BANK_DECLINE,0.4639761526551749,0.6453859763984557,0.0720476946896502,1,5740.47,INTERVENE,0.475,3704.8188359360433,1.5,0.25,3703.0688359360433
T0034042,4600.71,NETWORK_ERROR,0.5724095882435771,0.7138147920904749,0.1448191764871542,1,4600.71,INTERVENE,0.475,3284.0548521185688,1.5,0.25,3282.3048521185688
T0009420,6727.76,BANK_DECLINE,0.3913165740184673,0.5957122545263369,0.2173668519630652,1,6727.76,INTERVENE,0.475,4007.8090775121086,1.5,0.25,4006.0590775121086
T0029592,4308.03,NETWORK_ERROR,0.5923061207237348,0.7254809887028696,0.1846122414474695,0,0.0,INTERVENE,0.475,3125.393863761623,1.5,0.25,3123.643863761623
T0016065,3864.42,PAYMENT_TIMEOUT,0.6580829251813127,0.761876865388894,0.3161658503626254,0,0.0,INTERVENE,0.475,2944.21219614615,1.5,0.25,2942.46219614615
T0008556,4692.25,INSUFFICIENT_FUNDS,0.5367904543475717,0.6922066748257889,0.0735809086951433,0,0.0,INTERVENE,0.475,3248.006769951308,1.5,0.25,3246.256769951308
T0001623,4475.23,NETWORK_ERROR,0.5531976800175946,0.7022727869988492,0.1063953600351892,1,4475.23,INTERVENE,0.475,3142.8322445608596,1.5,0.25,3141.0822445608596
T0005039,5727.91,BANK_DECLINE,0.4275079915372807,0.6207711313693436,0.1449840169254386,1,5727.91,INTERVENE,0.475,3555.721171081777,1.5,0.25,3553.971171081777
T0022423,4379.85,INSUFFICIENT_FUNDS,0.5502224067786585,0.7004615109790343,0.100444813557317,1,4379.85,INTERVENE,0.475,3067.9163488615236,1.5,0.25,3066.1663488615236
T0034352,3856.22,NETWORK_ERROR,0.6201155223497128,0.7412821800266356,0.2402310446994255,1,3856.22,INTERVENE,0.475,2858.5471682623124,1.5,0.25,2856.7971682623124
T0033814,3776.6,PAYMENT_TIMEOUT,0.6254866286270899,0.744264868187976,0.2509732572541798,1,3776.6,INTERVENE,0.475,2810.79070119871,1.5,0.25,2809.04070119871
T0004825,4300.34,NETWORK_ERROR,0.5475719373676434,0.6988426686964625,0.0951438747352868,1,4300.34,INTERVENE,0.475,3005.2610819021456,1.5,0.25,3003.5110819021456
T0017254,3815.13,PAYMENT_TIMEOUT,0.6069349046238178,0.7338673547780701,0.2138698092476356,1,3815.13,INTERVENE,0.475,2799.7993612344585,1.5,0.25,2798.0493612344585
T0008276,3695.33,PAYMENT_TIMEOUT,0.6251163262826447,0.7440599576418109,0.2502326525652893,0,0.0,INTERVENE,0.475,2749.5470832725127,1.5,0.25,2747.7970832725127
T0010198,4987.96,BANK_DECLINE,0.4628317654539224,0.6446243642253734,0.0743364690921551,1,4987.96,INTERVENE,0.475,3215.3605437815936,1.5,0.25,3213.6105437815936
T0002140,5450.57,BANK_DECLINE,0.4186292406996428,0.614677277339555,0.1627415186007144,0,0.0,INTERVENE,0.475,3350.341527548658,1.5,0.25,3348.591527548658
T0020222,4322.65,INSUFFICIENT_FUNDS,0.5268304985171657,0.6860048295880956,0.0536609970343313,1,4322.65,INTERVENE,0.475,2965.358776618981,1.5,0.25,2963.608776618981
T0021895,3974.88,NETWORK_ERROR,0.5710221741335135,0.7129902959051522,0.142044348267027,0,0.0,INTERVENE,0.475,2834.0508673874715,1.5,0.25,2832.3008673874715
T0020862,5537.97,BANK_DECLINE,0.4086783522356417,0.6078046641987616,0.1826432955287166,1,5537.97,INTERVENE,0.475,3366.0039961928155,1.5,0.25,3364.2539961928155
T0041250,3761.39,NETWORK_ERROR,0.6003157745549079,0.7300930462173552,0.2006315491098158,1,3761.39,INTERVENE,0.475,2746.164683111497,1.5,0.25,2744.414683111497
T0006659,5457.57,BANK_DECLINE,0.4102589046152505,0.6088992135275687,0.179482190769499,1,5457.57,INTERVENE,0.475,3323.110080771653,1.5,0.25,3321.360080771653
T0015518,4975.57,LIMIT_EXCEEDED,0.4499772724616433,0.6360198299096729,0.1000454550767133,1,4975.57,INTERVENE,0.475,3164.561185103671,1.5,0.25,3162.811185103671
T0016179,4098.16,INSUFFICIENT_FUNDS,0.5461264626477914,0.6979577131334883,0.0922529252955828,1,4098.16,INTERVENE,0.475,2860.3423816551363,1.5,0.25,2858.5923816551363
T0036036,4342.18,INSUFFICIENT_FUNDS,0.513871235865622,0.677835094726784,0.027742471731244,0,0.0,INTERVENE,0.475,2943.2819916207472,1.5,0.25,2941.5319916207472
T0017271,5035.89,BANK_DECLINE,0.4421488317775444,0.6307362675234298,0.1157023364449112,1,5035.89,INTERVENE,0.475,3176.318462258565,1.5,0.25,3174.568462258565
T0022056,3873.91,NETWORK_ERROR,0.5725640259734103,0.7139064817233797,0.1451280519468205,1,3873.91,INTERVENE,0.475,2765.6094586130175,1.5,0.25,2763.8594586130175
T0020800,3505.26,PAYMENT_TIMEOUT,0.627323636652685,0.7452798019043162,0.2546472733053699,0,0.0,INTERVENE,0.475,2612.3994784231236,1.5,0.25,2610.6494784231236
T0041351,3396.35,PAYMENT_TIMEOUT,0.6461800034616649,0.7555436442034891,0.2923600069233298,1,3396.35,INTERVENE,0.475,2566.09065599052,1.5,0.25,2564.34065599052
T0001218,3722.97,INSUFFICIENT_FUNDS,0.5733799489369964,0.7143906026202835,0.1467598978739928,1,3722.97,INTERVENE,0.475,2659.654781837237,1.5,0.25,2657.904781837237
T0036675,3451.27,NETWORK_ERROR,0.6149104696225893,0.7383701844818074,0.2298209392451786,1,3451.27,INTERVENE,0.475,2548.3148665965273,1.5,0.25,2546.5648665965273
T0002965,4775.68,BANK_DECLINE,0.4429669382683889,0.631289916995534,0.114066123463222,1,4775.68,INTERVENE,0.475,3014.8386307972323,1.5,0.25,3013.0886307972323
T0029724,5312.11,LIMIT_EXCEEDED,0.3982075702976819,0.6005266157390097,0.2035848594046362,1,5312.11,INTERVENE,0.475,3190.0634407333505,1.5,0.25,3188.3134407333505
T0010979,3526.31,NETWORK_ERROR,0.5967851770051511,0.7280661144757945,0.1935703540103022,1,3526.31,INTERVENE,0.475,2567.386820137139,1.5,0.25,2565.636820137139
T0041150,3964.47,INSUFFICIENT_FUNDS,0.5239365905053054,0.6841901995914624,0.0478731810106107,1,3964.47,INTERVENE,0.475,2712.451520574365,1.5,0.25,2710.701520574365
T0035132,3389.91,NETWORK_ERROR,0.6122646315080077,0.7368818685123765,0.2245292630160154,1,3389.91,INTERVENE,0.475,2497.96321488879,1.5,0.25,2496.21321488879
T0037656,3488.31,NETWORK_ERROR,0.5913512597710879,0.7249279112370265,0.1827025195421758,1,3488.31,INTERVENE,0.475,2528.773282047232,1.5,0.25,2527.023282047232
T0035080,3682.97,INSUFFICIENT_FUNDS,0.5585445219861277,0.705511897312759,0.1170890439722553,1,3682.97,INTERVENE,0.475,2598.3791524459716,1.5,0.25,2596.6291524459716
T0000615,4415.97,LIMIT_EXCEEDED,0.4655687741275993,0.6464446713200686,0.0688624517448013,0,0.0,INTERVENE,0.475,2854.680275209283,1.5,0.25,2852.930275209283
T0020328,4929.51,BANK_DECLINE,0.4135687967704695,0.6111877911015126,0.1728624064590609,0,0.0,INTERVENE,0.475,3012.856328112817,1.5,0.25,3011.106328112817
T0022376,4040.65,LIMIT_EXCEEDED,0.5027036401872765,0.6707063417939275,0.005407280374553,1,4040.65,INTERVENE,0.475,2710.089579969633,1.5,0.25,2708.339579969633
T0042949,3438.61,NETWORK_ERROR,0.5857538579661165,0.7216718980216892,0.1715077159322329,0,0.0,INTERVENE,0.475,2481.5482052563607,1.5,0.25,2479.7982052563607
T0006189,3562.58,INSUFFICIENT_FUNDS,0.560687589746752,0.7068043861232842,0.121375179493504,0,0.0,INTERVENE,0.475,2518.04716991509,1.5,0.25,2516.29716991509
T0002330,3089.91,PAYMENT_TIMEOUT,0.6458327531579805,0.7553571817901372,0.291665506315961,1,3089.91,INTERVENE,0.475,2333.9857095851626,1.5,0.25,2332.2357095851626
T0004390,3570.26,INSUFFICIENT_FUNDS,0.5535451464447997,0.7024839045120024,0.1070902928895993,1,3570.26,INTERVENE,0.475,2508.050184923022,1.5,0.25,2506.300184923022
T0024285,4329.66,LIMIT_EXCEEDED,0.4554269516444451,0.639678736785035,0.0891460967111097,0,0.0,INTERVENE,0.475,2769.5914395086943,1.5,0.25,2767.8414395086943
T0021886,5256.59,INSUFFICIENT_FUNDS,0.3749432456845867,0.5842005341147083,0.2501135086308266,1,5256.59,INTERVENE,0.475,3070.9026856220344,1.5,0.25,3069.1526856220344
T0019405,3359.61,NETWORK_ERROR,0.5866035826806771,0.7221677053795876,0.1732071653613542,1,3359.61,INTERVENE,0.475,2426.2018446703164,1.5,0.25,2424.4518446703164
T0010502,3043.84,PAYMENT_TIMEOUT,0.641039734168526,0.7527736700708622,0.282079468337052,0,0.0,INTERVENE,0.475,2291.322607908493,1.5,0.25,2289.572607908493
T0003525,3465.69,INSUFFICIENT_FUNDS,0.5599988925022219,0.7063893933711638,0.1199977850044438,1,3465.69,INTERVENE,0.475,2448.1266567125085,1.5,0.25,2446.3766567125085
T0013097,3516.47,INSUFFICIENT_FUNDS,0.5428583688118367,0.6959514804765027,0.0857167376236733,1,3516.47,INTERVENE,0.475,2447.2925025512072,1.5,0.25,2445.5425025512072
T0025032,3335.14,INSUFFICIENT_FUNDS,0.5704220888699139,0.7126332449455366,0.1408441777398277,1,3335.14,INTERVENE,0.475,2376.7316405476568,1.5,0.25,2374.9816405476568
T0043760,3251.86,NETWORK_ERROR,0.5828673113666634,0.7199835689063796,0.1657346227333267,1,3251.86,INTERVENE,0.475,2341.2857683838997,1.5,0.25,2339.5357683838997
T0032221,4176.0,BANK_DECLINE,0.4535895730160999,0.6384469109752381,0.0928208539678001,1,4176.0,INTERVENE,0.475,2666.1543002325943,1.5,0.25,2664.4043002325943
T0020912,2910.04,PAYMENT_TIMEOUT,0.6506999228899442,0.7579619186771833,0.3013998457798883,1,2910.04,INTERVENE,0.475,2205.6995018273506,1.5,0.25,2203.9495018273506
T0015660,3006.49,NETWORK_ERROR,0.6287062210552534,0.7460419190513738,0.2574124421105068,1,3006.49,INTERVENE,0.475,2242.967569208765,1.5,0.25,2241.217569208765
T0043137,3584.46,INSUFFICIENT_FUNDS,0.5191714304961369,0.6811899451206942,0.0383428609922738,0,0.0,INTERVENE,0.475,2441.6981106873236,1.5,0.25,2439.9481106873236
T0001969,3555.17,INSUFFICIENT_FUNDS,0.5219623910035961,0.6829490408460993,0.0439247820071921,0,0.0,INTERVENE,0.475,2427.999941544827,1.5,0.25,2426.249941544827
T0029525,5643.7,BANK_DECLINE,0.3283827428240702,0.5509998736428224,0.3432345143518595,1,5643.7,INTERVENE,0.475,3109.677986877997,1.5,0.25,3107.927986877997
T0040160,3285.42,INSUFFICIENT_FUNDS,0.5617158003472434,0.7074233223690162,0.1234316006944868,1,3285.42,INTERVENE,0.475,2324.1827317776133,1.5,0.25,2322.4327317776133
T0005932,3070.19,NETWORK_ERROR,0.6003269619459125,0.7300994537914953,0.200653923891825,0,0.0,INTERVENE,0.475,2241.544042036111,1.5,0.25,2239.794042036111
T0042864,3733.84,INSUFFICIENT_FUNDS,0.4927757694478025,0.6643021850152863,0.014448461104395,1,3733.84,INTERVENE,0.475,2480.3980704974765,1.5,0.25,2478.6480704974765
T0040193,3584.35,INSUFFICIENT_FUNDS,0.5079612638044543,0.6740725516278713,0.0159225276089085,1,3584.35,INTERVENE,0.475,2416.11195042736,1.5,0.25,2414.36195042736
T0001485,4606.37,BANK_DECLINE,0.3938547736133321,0.5974877523775696,0.2122904527733358,1,4606.37,INTERVENE,0.475,2752.249657919465,1.5,0.25,2750.499657919465
T0023810,3359.75,INSUFFICIENT_FUNDS,0.5337321462845045,0.6903095680440678,0.0674642925690089,0,0.0,INTERVENE,0.475,2319.267571236057,1.5,0.25,2317.517571236057
T0018357,3583.63,LIMIT_EXCEEDED,0.499394608976544,0.6685786795015828,0.001210782046912,0,0.0,INTERVENE,0.475,2395.938613222257,1.5,0.25,2394.188613222257
T0025105,3444.56,LIMIT_EXCEEDED,0.5182373095508673,0.6806000258703517,0.0364746191017346,1,3444.56,INTERVENE,0.475,2344.3676251119787,1.5,0.25,2342.6176251119787
T0037318,2936.81,NETWORK_ERROR,0.6040660228871624,0.7322356207235344,0.2081320457743247,1,2936.81,INTERVENE,0.475,2150.4368932970833,1.5,0.25,2148.6868932970833
T0023316,4270.86,LIMIT_EXCEEDED,0.4091521313430894,0.6081328755587306,0.1816957373138211,1,4270.86,INTERVENE,0.475,2597.2503729087603,1.5,0.25,2595.5003729087603
T0038314,4328.96,BANK_DECLINE,0.4024318005836505,0.6034683425160832,0.1951363988326989,0,0.0,INTERVENE,0.475,2612.3903160184236,1.5,0.25,2610.6403160184236
T0024850,2900.37,NETWORK_ERROR,0.5932023308612363,0.7259994649301428,0.1864046617224726,0,0.0,INTERVENE,0.475,2105.667068099438,1.5,0.25,2103.917068099438
T0022506,2950.24,NETWORK_ERROR,0.5830417443461505,0.7200857715296365,0.166083488692301,1,2950.24,INTERVENE,0.475,2124.4258465975945,1.5,0.25,2122.6758465975945
T0023521,5498.96,INSUFFICIENT_FUNDS,0.3112909383987239,0.5386809193209974,0.3774181232025522,0,0.0,INTERVENE,0.475,2962.1848281093917,1.5,0.25,2960.4348281093917
T0024886,3119.61,INSUFFICIENT_FUNDS,0.5468837865725771,0.6984215496640872,0.0937675731451541,0,0.0,INTERVENE,0.475,2178.802850547583,1.5,0.25,2177.052850547583
T0043180,3827.32,BANK_DECLINE,0.444440563695782,0.6322863129298595,0.111118872608436,1,3827.32,INTERVENE,0.475,2419.96205120271,1.5,0.25,2418.21205120271
T0044823,3437.17,LIMIT_EXCEEDED,0.4922774868423709,0.6639791355790942,0.0154450263152582,1,3437.17,INTERVENE,0.475,2282.2091654383953,1.5,0.25,2280.4591654383953
T0027274,3091.65,NETWORK_ERROR,0.5443245941253173,0.696852502034572,0.0886491882506346,1,3091.65,INTERVENE,0.475,2154.4240379151847,1.5,0.25,2152.6740379151847
T0023828,2744.33,PAYMENT_TIMEOUT,0.6099718371333361,0.7355877499964013,0.2199436742666722,1,2744.33,INTERVENE,0.475,2018.695529947624,1.5,0.25,2016.945529947624
T0025889,2600.33,PAYMENT_TIMEOUT,0.6398317718913457,0.7521196765359448,0.2796635437826913,1,2600.33,INTERVENE,0.475,1955.7593584867134,1.5,0.25,1954.0093584867134
T0019632,3487.77,INSUFFICIENT_FUNDS,0.4767882298260933,0.6538616831800128,0.0464235403478132,1,3487.77,INTERVENE,0.475,2280.5191627447534,1.5,0.25,2278.7691627447534
T0009618,3165.66,INSUFFICIENT_FUNDS,0.5186853030306862,0.6808830165545243,0.0373706060613723,1,3165.66,INTERVENE,0.475,2155.444130185995,1.5,0.25,2153.694130185995
T0038307,3654.98,LIMIT_EXCEEDED,0.4480321224934166,0.6347100141735135,0.1039357550131667,0,0.0,INTERVENE,0.475,2319.8524076039084,1.5,0.25,2318.1024076039084
T0026059,3723.21,BANK_DECLINE,0.4379294436728283,0.6278753776441796,0.1241411126543433,1,3723.21,INTERVENE,0.475,2337.7118847985857,1.5,0.25,2335.9618847985857
T0042048,2616.95,PAYMENT_TIMEOUT,0.6170070253230585,0.7395456553079541,0.234014050646117,0,0.0,INTERVENE,0.475,1935.3540026581504,1.5,0.25,1933.6040026581504
T0027186,2678.26,NETWORK_ERROR,0.6012895765666252,0.7306504317680684,0.2025791531332503,1,2678.26,INTERVENE,0.475,1956.871825387147,1.5,0.25,1955.121825387147
T0041511,2597.54,PAYMENT_TIMEOUT,0.618888309519216,0.7405975135759277,0.237776619038432,1,2597.54,INTERVENE,0.475,1923.7316654140152,1.5,0.25,1921.9816654140152
T0006338,2920.97,INSUFFICIENT_FUNDS,0.540463433873709,0.6944765131725259,0.0809268677474179,1,2920.97,INTERVENE,0.475,2028.5450606815527,1.5,0.25,2026.7950606815527
T0016752,3345.45,BANK_DECLINE,0.4692699282635716,0.6488994586970647,0.0614601434728566,0,0.0,INTERVENE,0.475,2170.860694098095,1.5,0.25,2169.110694098095
T0022375,2608.61,INSUFFICIENT_FUNDS,0.6003713654340186,0.7301248849276643,0.2007427308680371,1,2608.61,INTERVENE,0.475,1904.6110760711542,1.5,0.25,1902.8610760711542
T0025936,2503.51,INSUFFICIENT_FUNDS,0.6244970550999515,0.743717037073586,0.2489941101999029,1,2503.51,INTERVENE,0.475,1861.9030394840936,1.5,0.25,1860.1530394840936
T0022824,2879.41,NETWORK_ERROR,0.5412918314526856,0.6949871513126583,0.0825836629053711,1,2879.41,INTERVENE,0.475,2001.1529533611813,1.5,0.25,1999.4029533611813
T0028677,2525.76,PAYMENT_TIMEOUT,0.6152226054131662,0.7385454057434572,0.2304452108263324,1,2525.76,INTERVENE,0.475,1865.3884440105946,1.5,0.25,1863.6384440105946
T0000153,3532.84,LIMIT_EXCEEDED,0.4391947521357395,0.6287342514862939,0.1216104957285209,0,0.0,INTERVENE,0.475,2221.217513020839,1.5,0.25,2219.467513020839
T0006332,2823.82,INSUFFICIENT_FUNDS,0.5492492754630742,0.6998677246852617,0.0984985509261484,0,0.0,INTERVENE,0.475,1976.300478320736,1.5,0.25,1974.550478320736
T0032309,3379.59,BANK_DECLINE,0.4543998641337741,0.638990376433944,0.0912002717324517,1,3379.59,INTERVENE,0.475,2159.525486292393,1.5,0.25,2157.775486292393
T0025752,3027.33,INSUFFICIENT_FUNDS,0.5060192436738734,0.6728312341506902,0.0120384873477468,0,0.0,INTERVENE,0.475,2036.882180081409,1.5,0.25,2035.132180081409
T0036346,2934.57,NETWORK_ERROR,0.5201249411186759,0.6817915110841443,0.0402498822373518,1,2934.57,INTERVENE,0.475,2000.7649146821973,1.5,0.25,1999.0149146821973
T0015341,3284.72,BANK_DECLINE,0.4621801049800637,0.6441903435838698,0.0756397900398725,1,3284.72,INTERVENE,0.475,2115.984905376809,1.5,0.25,2114.234905376809
T0029503,4813.1,BANK_DECLINE,0.3153648463896713,0.5416220618530418,0.3692703072206573,0,0.0,INTERVENE,0.475,2606.881145904876,1.5,0.25,2605.131145904876
T0004616,3696.79,LIMIT_EXCEEDED,0.408304484771443,0.607545598002709,0.183391030457114,1,3696.79,INTERVENE,0.475,2245.9684912404346,1.5,0.25,2244.2184912404346
T0039921,2792.35,INSUFFICIENT_FUNDS,0.5391322934643106,0.6936549741894585,0.0782645869286211,1,2792.35,INTERVENE,0.475,1936.9274671779344,1.5,0.25,1935.1774671779344
T0018720,3034.85,BANK_DECLINE,0.4960148496173217,0.6663984067437478,0.0079703007653566,1,3034.85,INTERVENE,0.475,2022.4192047062631,1.5,0.25,2020.6692047062631
T0019010,2455.74,NETWORK_ERROR,0.6124618644620158,0.7369930019963179,0.2249237289240315,1,2455.74,INTERVENE,0.475,1809.8631947224376,1.5,0.25,1808.1131947224376
T0024595,2549.18,INSUFFICIENT_FUNDS,0.5811802889364565,0.7189939440724954,0.1623605778729129,1,2549.18,INTERVENE,0.475,1832.8449823507237,1.5,0.25,1831.0949823507237
T0011198,2470.25,INSUFFICIENT_FUNDS,0.5982259438432335,0.7288944159304951,0.1964518876864669,1,2470.25,INTERVENE,0.475,1800.5514309523055,1.5,0.25,1798.8014309523055
T0023604,2765.46,INSUFFICIENT_FUNDS,0.5312250851470267,0.6887496091736772,0.0624501702940534,0,0.0,INTERVENE,0.475,1904.7094941854375,1.5,0.25,1902.9594941854375
T0020058,2542.15,NETWORK_ERROR,0.5769536327990903,0.7165052122179911,0.1539072655981805,1,2542.15,INTERVENE,0.475,1821.4637252399662,1.5,0.25,1819.7137252399662
T0042583,3936.84,LIMIT_EXCEEDED,0.3708088466859583,0.5812786131212323,0.2583823066280832,0,0.0,INTERVENE,0.475,2288.4008952801923,1.5,0.25,2286.6508952801923
T0032496,2420.0,NETWORK_ERROR,0.6023654245870276,0.731265380865455,0.2047308491740551,1,2420.0,INTERVENE,0.475,1769.662221694401,1.5,0.25,1767.912221694401
T0043325,2691.95,INSUFFICIENT_FUNDS,0.5405399112422827,0.6945236751614376,0.0810798224845654,0,0.0,INTERVENE,0.475,1869.623007350832,1.5,0.25,1867.873007350832
T0020767,2221.85,PAYMENT_TIMEOUT,0.651617903420209,0.758451067794361,0.3032358068404179,1,2221.85,INTERVENE,0.475,1685.1645049789008,1.5,0.25,1683.4145049789008
T0021620,2242.72,PAYMENT_TIMEOUT,0.6429958347841331,0.7538302473239571,0.2859916695682662,1,2242.72,INTERVENE,0.475,1690.6301722783849,1.5,0.25,1688.8801722783849
T0044611,3200.52,BANK_DECLINE,0.4490227058287979,0.6353772989416883,0.1019545883424042,1,3200.52,INTERVENE,0.475,2033.537752808852,1.5,0.25,2031.787752808852
T0036983,3213.93,BANK_DECLINE,0.4465478783204035,0.6337092170659829,0.1069042433591929,1,3213.93,INTERVENE,0.475,2036.6970640048744,1.5,0.25,2034.9470640048744
T0010564,2648.1,INSUFFICIENT_FUNDS,0.541762869849575,0.6952772935911719,0.08352573969915,1,2648.1,INTERVENE,0.475,1841.163801158782,1.5,0.25,1839.413801158782
T0016149,3282.18,BANK_DECLINE,0.4360156468776964,0.6265747847533485,0.1279687062446071,1,3282.18,INTERVENE,0.475,2056.531227021745,1.5,0.25,2054.781227021745
T0041024,3138.11,LIMIT_EXCEEDED,0.4505718401690723,0.6364197961196835,0.0988563196618552,1,3138.11,INTERVENE,0.475,1997.15532640114,1.5,0.25,1995.40532640114
T0045776,4416.1,BANK_DECLINE,0.3198416454264072,0.54485072079253,0.3603167091471855,0,0.0,INTERVENE,0.475,2406.115268091892,1.5,0.25,2404.365268091892
T0006383,3318.78,BANK_DECLINE,0.4250195651808973,0.6190669684577538,0.1499608696382053,1,3318.78,INTERVENE,0.475,2054.547073578224,1.5,0.25,2052.797073578224
T0027169,2252.63,NETWORK_ERROR,0.6212411784290882,0.7419091522767429,0.2424823568581764,0,0.0,INTERVENE,0.475,1671.2468136931595,1.5,0.25,1669.4968136931595
T0019493,3634.57,BANK_DECLINE,0.3842492709484366,0.5907555160758753,0.2315014581031267,1,3634.57,INTERVENE,0.475,2147.1422760638943,1.5,0.25,2145.3922760638943
T0020525,2794.57,INSUFFICIENT_FUNDS,0.495956951498158,0.6663609944385342,0.0080860970036839,0,0.0,INTERVENE,0.475,1862.1924442280947,1.5,0.25,1860.4424442280947
T0043797,2373.09,NETWORK_ERROR,0.5830015400501595,0.7200622173153624,0.1660030801003189,0,0.0,INTERVENE,0.475,1708.7724472889133,1.5,0.25,1707.0224472889133
T0030260,2282.33,INSUFFICIENT_FUNDS,0.596768246333958,0.7280563715592439,0.1935364926679159,1,2282.33,INTERVENE,0.475,1661.664898500809,1.5,0.25,1659.914898500809
T0036246,2871.05,BANK_DECLINE,0.4732617045298315,0.6515381974782337,0.0534765909403369,1,2871.05,INTERVENE,0.475,1870.598741869883,1.5,0.25,1868.848741869883
T0044921,2588.01,NETWORK_ERROR,0.5178065019314078,0.6803277656662292,0.0356130038628155,0,0.0,INTERVENE,0.475,1760.695060821858,1.5,0.25,1758.945060821858
T0010403,3334.56,BANK_DECLINE,0.3995721631820376,0.601477713818573,0.2008556736359248,0,0.0,INTERVENE,0.475,2005.6635253908605,1.5,0.25,2003.9135253908605
T0043353,2012.5,PAYMENT_TIMEOUT,0.6580897916539721,0.7618804860976224,0.3161795833079441,0,0.0,INTERVENE,0.475,1533.284478271465,1.5,0.25,1531.534478271465
T0038880,3097.95,LIMIT_EXCEEDED,0.4267324212136896,0.6202403105615831,0.1465351575726207,0,0.0,INTERVENE,0.475,1921.4734701042564,1.5,0.25,1919.7234701042564
T0029558,2736.12,BANK_DECLINE,0.4812369765862289,0.6567823352745428,0.0375260468275422,1,2736.12,INTERVENE,0.475,1797.035283191382,1.5,0.25,1795.285283191382
T0004062,2161.46,NETWORK_ERROR,0.6090789044447875,0.7350826516501265,0.218157808889575,0,0.0,INTERVENE,0.475,1588.8517482356826,1.5,0.25,1587.1017482356826
T0006303,2431.37,INSUFFICIENT_FUNDS,0.5395682002107858,0.6939241382757524,0.0791364004215715,1,2431.37,INTERVENE,0.475,1687.186332079516,1.5,0.25,1685.436332079516
T0009029,2316.16,PAYMENT_TIMEOUT,0.5653722560148787,0.7096181215285943,0.1307445120297574,0,0.0,INTERVENE,0.475,1643.589108359669,1.5,0.25,1641.839108359669
T0006447,2923.79,BANK_DECLINE,0.4455238599220844,0.6330180673910611,0.1089522801558311,1,2923.79,INTERVENE,0.475,1850.8118952573107,1.5,0.25,1849.0618952573107
T0000307,2585.76,BANK_DECLINE,0.5000866477045345,0.6690242247002246,0.0001732954090689,1,2585.76,INTERVENE,0.475,1729.936079260853,1.5,0.25,1728.186079260853
T0016021,2132.52,PAYMENT_TIMEOUT,0.6053174370502113,0.7329481674214019,0.2106348741004227,1,2132.52,INTERVENE,0.475,1563.026625989488,1.5,0.25,1561.276625989488
T0020509,2852.75,BANK_DECLINE,0.4518152876893117,0.6372556543294722,0.0963694246213766,1,2852.75,INTERVENE,0.475,1817.9310678884017,1.5,0.25,1816.1810678884017
T0037561,2283.32,INSUFFICIENT_FUNDS,0.5643039791722052,0.7089778912391269,0.1286079583444104,1,2283.32,INTERVENE,0.475,1618.8233986241235,1.5,0.25,1617.0733986241235
T0037832,3137.03,LIMIT_EXCEEDED,0.4106317362818198,0.6091572442338383,0.1787365274363603,0,0.0,INTERVENE,0.475,1910.944549878878,1.5,0.25,1909.194549878878
T0013303,1956.09,PAYMENT_TIMEOUT,0.6561064859444717,0.7608331111105073,0.3122129718889435,1,1956.09,INTERVENE,0.475,1488.2580403121522,1.5,0.25,1486.5080403121522
T0005856,2777.65,BANK_DECLINE,0.4576809962774445,0.6411873965596181,0.0846380074451109,1,2777.65,INTERVENE,0.475,1780.9941720538231,1.5,0.25,1779.2441720538231
T0010020,2236.15,INSUFFICIENT_FUNDS,0.5678879402467718,0.7111225067243886,0.1357758804935436,1,2236.15,INTERVENE,0.475,1590.1765934117416,1.5,0.25,1588.4265934117416
T0030948,2821.82,LIMIT_EXCEEDED,0.4495508719803415,0.6357328741046281,0.1008982560393169,0,0.0,INTERVENE,0.475,1793.9237388059216,1.5,0.25,1792.1737388059216
T0034422,2357.39,NETWORK_ERROR,0.5371366329431235,0.692421006797717,0.074273265886247,1,2357.39,INTERVENE,0.475,1632.30635721487,1.5,0.25,1630.55635721487
T0044879,2116.81,NETWORK_ERROR,0.5976931431956479,0.7285882918454532,0.1953862863912958,1,2116.81,INTERVENE,0.475,1542.2829820613736,1.5,0.25,1540.5329820613736
T0041136,3184.36,BANK_DECLINE,0.3956023231181614,0.5987087011726013,0.208795353763677,1,3184.36,INTERVENE,0.475,1906.504039665985,1.5,0.25,1904.754039665985
T0007597,2249.89,INSUFFICIENT_FUNDS,0.5497523808806503,0.7001747940276338,0.0995047617613005,0,0.0,INTERVENE,0.475,1575.316267334833,1.5,0.25,1573.566267334833
T0041259,2486.33,INSUFFICIENT_FUNDS,0.4971156084468758,0.6671092903752072,0.0057687831062483,0,0.0,INTERVENE,0.475,1658.6538419385888,1.5,0.25,1656.9038419385888
T0008774,2931.32,BANK_DECLINE,0.4099981030836214,0.608718680835799,0.1800037938327572,1,2931.32,INTERVENE,0.475,1784.3492435075946,1.5,0.25,1782.5992435075946
T0026707,2053.36,INSUFFICIENT_FUNDS,0.5843484457270177,0.7208506597150758,0.1686968914540354,0,0.0,INTERVENE,0.475,1480.165910632548,1.5,0.25,1478.415910632548
T0014041,3019.33,BANK_DECLINE,0.3946585318833049,0.5980494599163607,0.21068293623339,0,0.0,INTERVENE,0.475,1805.7086758092653,1.5,0.25,1803.9586758092653
T0030765,2435.2,BANK_DECLINE,0.4873343983604192,0.6607661281063967,0.0253312032791614,1,2435.2,INTERVENE,0.475,1609.097675164697,1.5,0.25,1607.347675164697
T0013620,1978.42,INSUFFICIENT_FUNDS,0.5991486562141602,0.729424053076421,0.1982973124283205,1,1978.42,INTERVENE,0.475,1443.107135087453,1.5,0.25,1441.357135087453
T0007071,2026.14,INSUFFICIENT_FUNDS,0.5737498302858229,0.714609906500628,0.1474996605716458,1,2026.14,INTERVENE,0.475,1447.8997159571825,1.5,0.25,1446.1497159571825
T0010540,3025.42,BANK_DECLINE,0.3841233398368964,0.5906670220679071,0.2317533203262072,1,3025.42,INTERVENE,0.475,1787.0158219046875,1.5,0.25,1785.2658219046875
T0028430,3107.28,BANK_DECLINE,0.3723579501371539,0.5823740971686654,0.2552840997256921,0,0.0,INTERVENE,0.475,1809.5993846502506,1.5,0.25,1807.8493846502506
T0030295,2618.72,BANK_DECLINE,0.4395699339410505,0.628988763656511,0.1208601321178989,0,0.0,INTERVENE,0.475,1647.1454551625784,1.5,0.25,1645.3954551625784
T0010295,1697.93,PAYMENT_TIMEOUT,0.675915146568629,0.7711519234874536,0.3518302931372581,0,0.0,INTERVENE,0.475,1309.3619854470521,1.5,0.25,1307.6119854470521
T0014296,2042.47,INSUFFICIENT_FUNDS,0.5615522398143921,0.7073249175879331,0.1231044796287841,0,0.0,INTERVENE,0.475,1444.689924425826,1.5,0.25,1442.939924425826
T0018963,2822.68,BANK_DECLINE,0.4043174405014778,0.6047790917493642,0.1913651189970444,0,0.0,INTERVENE,0.475,1707.0978466990953,1.5,0.25,1705.3478466990953
T0020202,2268.19,INSUFFICIENT_FUNDS,0.500818355262217,0.6694949799019608,0.0016367105244339,1,2268.19,INTERVENE,0.475,1518.5418184638286,1.5,0.25,1516.7918184638286
T0026495,1857.06,NETWORK_ERROR,0.61080829524033,0.7360603428521347,0.2216165904806599,1,1857.06,INTERVENE,0.475,1366.9082202969853,1.5,0.25,1365.1582202969853
T0038623,2860.12,BANK_DECLINE,0.3926366957087462,0.5966360096676214,0.2147266085825074,0,0.0,INTERVENE,0.475,1706.4505839705573,1.5,0.25,1704.7005839705573
T0039647,2625.56,BANK_DECLINE,0.4263832531201484,0.6200012366692768,0.1472334937597031,1,2625.56,INTERVENE,0.475,1627.8504469493862,1.5,0.25,1626.1004469493862
T0007247,2223.9,LIMIT_EXCEEDED,0.5000847831235314,0.6690230246608636,0.0001695662470628,1,2223.9,INTERVENE,0.475,1487.8403045432947,1.5,0.25,1486.0903045432947
T0019003,2211.47,BANK_DECLINE,0.5025424308918424,0.6706028475069075,0.0050848617836847,0,0.0,INTERVENE,0.475,1483.0180791761004,1.5,0.25,1481.2680791761004
T0008028,2138.02,PAYMENT_TIMEOUT,0.5139536124317455,0.6778873780587601,0.027907224863491,0,0.0,INTERVENE,0.475,1449.3367720371903,1.5,0.25,1447.5867720371903
T0007152,2501.85,BANK_DECLINE,0.4312329865472477,0.6233165701028556,0.1375340269055046,1,2501.85,INTERVENE,0.475,1559.444560911829,1.5,0.25,1557.694560911829
T0031087,2035.08,INSUFFICIENT_FUNDS,0.523702647433724,0.6840432586543304,0.0474052948674479,0,0.0,INTERVENE,0.475,1392.0827548222546,1.5,0.25,1390.3327548222546
T0012678,2000.63,NETWORK_ERROR,0.5227910707415013,0.6834703415822281,0.0455821414830026,1,2000.63,INTERVENE,0.475,1367.371269479653,1.5,0.25,1365.621269479653
T0022600,2531.67,BANK_DECLINE,0.4124529709905423,0.6104168113064596,0.1750940580189153,0,0.0,INTERVENE,0.475,1545.3739286802247,1.5,0.25,1543.6239286802247
T0037693,1874.26,INSUFFICIENT_FUNDS,0.5565756011388489,0.7043215162108611,0.1131512022776977,0,0.0,INTERVENE,0.475,1320.0816449733686,1.5,0.25,1318.3316449733686
T0028023,2019.19,PAYMENT_TIMEOUT,0.5145292684628252,0.6782526150805467,0.0290585369256504,1,2019.19,INTERVENE,0.475,1369.5208978444891,1.5,0.25,1367.7708978444891
T0019795,2261.81,BANK_DECLINE,0.4587200702927284,0.6418819240864417,0.0825598594145431,0,0.0,INTERVENE,0.475,1451.8149547179548,1.5,0.25,1450.0649547179548
T0001406,1775.79,NETWORK_ERROR,0.5819483834377346,0.7194447803945909,0.1638967668754691,1,1775.79,INTERVENE,0.475,1277.5828465769107,1.5,0.25,1275.8328465769107
T0023526,1889.73,PAYMENT_TIMEOUT,0.5461423769369994,0.6979674642852743,0.0922847538739988,0,0.0,INTERVENE,0.475,1318.9700562838116,1.5,0.25,1317.2200562838116
T0009042,2534.22,BANK_DECLINE,0.4067507730943365,0.6064683280791286,0.1864984538113269,0,0.0,INTERVENE,0.475,1536.9241663846892,1.5,0.25,1535.1741663846892
T0032545,2317.59,BANK_DECLINE,0.4445805483332788,0.6323809053548269,0.1108389033334422,0,0.0,INTERVENE,0.475,1465.5996624412935,1.5,0.25,1463.8496624412935
T0017280,1892.78,INSUFFICIENT_FUNDS,0.5418480360492955,0.6953297362767159,0.083696072098591,1,1892.78,INTERVENE,0.475,1316.1062182298424,1.5,0.25,1314.3562182298424
T0027780,1916.91,NETWORK_ERROR,0.5336439058280504,0.690254735750907,0.0672878116561008,1,1916.91,INTERVENE,0.475,1323.1562055082711,1.5,0.25,1321.4062055082711
T0004263,2094.96,BANK_DECLINE,0.4875758865408905,0.6609234429221841,0.0248482269182188,1,2094.96,INTERVENE,0.475,1384.6081759842589,1.5,0.25,1382.8581759842589
T0008505,1958.08,INSUFFICIENT_FUNDS,0.5199650732238434,0.6816906933174691,0.0399301464476868,1,1958.08,INTERVENE,0.475,1334.80491277107,1.5,0.25,1333.05491277107
T0009240,1893.97,INSUFFICIENT_FUNDS,0.5355363727272787,0.6914295326807288,0.0710727454545574,1,1893.97,INTERVENE,0.475,1309.54679201132,1.5,0.25,1307.79679201132
T0011407,2414.38,LIMIT_EXCEEDED,0.4199565921879835,0.6155906349848508,0.1600868156240329,0,0.0,INTERVENE,0.475,1486.2697172947242,1.5,0.25,1484.5197172947242
T0016479,1580.83,PAYMENT_TIMEOUT,0.6369759272105047,0.7505689090097374,0.2739518544210093,1,1580.83,INTERVENE,0.475,1186.521848429863,1.5,0.25,1184.771848429863
T0044094,2674.62,LIMIT_EXCEEDED,0.3755057848545375,0.5845976475209932,0.248988430290925,0,0.0,INTERVENE,0.475,1563.5765600125987,1.5,0.25,1561.8265600125987
T0017693,1697.98,PAYMENT_TIMEOUT,0.5875631018194497,0.7227269231080132,0.1751262036388994,1,1697.98,INTERVENE,0.475,1227.1758608989444,1.5,0.25,1225.4258608989444
T0037966,2641.52,LIMIT_EXCEEDED,0.3764582170966278,0.5852697475554093,0.2470835658067444,0,0.0,INTERVENE,0.475,1546.0017435625648,1.5,0.25,1544.2517435625648
T0045458,1863.01,INSUFFICIENT_FUNDS,0.5330984039579014,0.6899156441479839,0.0661968079158028,1,1863.01,INTERVENE,0.475,1285.3197442041355,1.5,0.25,1283.5697442041355
T0045601,2366.89,BANK_DECLINE,0.4180548723324556,0.6142818004317898,0.1638902553350887,1,2366.89,INTERVENE,0.475,1453.937450623999,1.5,0.25,1452.187450623999
T0034486,1712.88,INSUFFICIENT_FUNDS,0.5742882288162094,0.7149289439480172,0.1485764576324189,1,1712.88,INTERVENE,0.475,1224.5874895096797,1.5,0.25,1222.8374895096797
T0033004,2007.06,LIMIT_EXCEEDED,0.4892490237490782,0.6620124123173272,0.0215019525018435,1,2007.06,INTERVENE,0.475,1328.6986322656148,1.5,0.25,1326.9486322656148
T0019048,1620.69,NETWORK_ERROR,0.5988755798699305,0.7292673750107038,0.1977511597398609,1,1620.69,INTERVENE,0.475,1181.9163420060977,1.5,0.25,1180.1663420060977
T0033768,1844.95,INSUFFICIENT_FUNDS,0.5249709777981436,0.6848394625971157,0.0499419555962872,1,1844.95,INTERVENE,0.475,1263.4945665185487,1.5,0.25,1261.7445665185487
T0017990,2350.94,BANK_DECLINE,0.411469855426661,0.6097370697793614,0.177060289146678,1,2350.94,INTERVENE,0.475,1433.455266827092,1.5,0.25,1431.705266827092
T0027139,3160.42,INSUFFICIENT_FUNDS,0.3056151550860932,0.5345788597192679,0.3887696898278135,0,0.0,INTERVENE,0.475,1689.4937198339687,1.5,0.25,1687.7437198339687
T0004376,2866.24,BANK_DECLINE,0.3356347670024368,0.5562088252092512,0.3287304659951263,0,0.0,INTERVENE,0.475,1594.227983167764,1.5,0.25,1592.477983167764
T0003869,1444.36,PAYMENT_TIMEOUT,0.6584454377500342,0.7620679674515348,0.3168908755000683,1,1444.36,INTERVENE,0.475,1100.7004894682987,1.5,0.25,1098.9504894682987
T0014501,1483.74,PAYMENT_TIMEOUT,0.6406104273509348,0.7525413751789446,0.2812208547018695,1,1483.74,INTERVENE,0.475,1116.5757400080072,1.5,0.25,1114.8257400080072
T0019722,2024.57,INSUFFICIENT_FUNDS,0.4694022770671688,0.6489870941502552,0.0611954458656622,1,2024.57,INTERVENE,0.475,1313.9198012037823,1.5,0.25,1312.1698012037823
T0026121,2162.16,BANK_DECLINE,0.4382321926569045,0.6280809531873294,0.1235356146861909,1,2162.16,INTERVENE,0.475,1358.011513743516,1.5,0.25,1356.261513743516
T0002943,1617.79,NETWORK_ERROR,0.5849102456791809,0.7211791198784874,0.1698204913583618,1,1617.79,INTERVENE,0.475,1166.716368348218,1.5,0.25,1164.966368348218
T0001000,2656.77,LIMIT_EXCEEDED,0.3555031148749227,0.5704133393967882,0.2889937702501545,1,2656.77,INTERVENE,0.475,1515.457047709205,1.5,0.25,1513.707047709205
T0016958,1831.75,INSUFFICIENT_FUNDS,0.5149749845653574,0.6785352594087963,0.0299499691307147,0,0.0,INTERVENE,0.475,1242.9069614220627,1.5,0.25,1241.1569614220627
T0022723,1914.79,BANK_DECLINE,0.4912315165965422,0.6633005071975615,0.0175369668069156,1,1914.79,INTERVENE,0.475,1270.0811781768189,1.5,0.25,1268.3311781768189
T0028584,1563.76,NETWORK_ERROR,0.6000205961714636,0.7299239482695378,0.2000411923429272,1,1563.76,INTERVENE,0.475,1141.4258733459724,1.5,0.25,1139.6758733459724
T0009806,2059.37,NETWORK_ERROR,0.4551500647830432,0.6394932219092646,0.0896998704339134,1,2059.37,INTERVENE,0.475,1316.9531564032823,1.5,0.25,1315.2031564032823
T0003177,2150.05,BANK_DECLINE,0.4328371776203982,0.624410694355076,0.1343256447592035,1,2150.05,INTERVENE,0.475,1342.5142133981312,1.5,0.25,1340.7642133981312
T0000486,1604.18,NETWORK_ERROR,0.579569785073949,0.7180472206926818,0.1591395701478979,1,1604.18,INTERVENE,0.475,1151.8769904907863,1.5,0.25,1150.1269904907863
T0044966,2134.77,BANK_DECLINE,0.4350231131837372,0.6258995482564903,0.1299537736325254,1,2134.77,INTERVENE,0.475,1336.1515786315078,1.5,0.25,1334.4015786315078
T0025016,1991.77,BANK_DECLINE,0.462739310426184,0.6445628015391466,0.074521379147632,0,0.0,INTERVENE,0.475,1283.820851221626,1.5,0.25,1282.070851221626
T0043089,1648.54,INSUFFICIENT_FUNDS,0.5574247308059954,0.7048352301052624,0.1148494616119908,0,0.0,INTERVENE,0.475,1161.9490702377293,1.5,0.25,1160.1990702377293
T0006656,1789.21,INSUFFICIENT_FUNDS,0.5130667503313235,0.6773242643251475,0.026133500662647,0,0.0,INTERVENE,0.475,1211.875346973197,1.5,0.25,1210.125346973197
T0020248,1373.02,PAYMENT_TIMEOUT,0.6617864521361967,0.7638242465155725,0.3235729042723934,1,1373.02,INTERVENE,0.475,1048.7459669508112,1.5,0.25,1046.9959669508112
T0005074,1988.54,BANK_DECLINE,0.4553848668595919,0.6396505425624733,0.0892302662808162,1,1988.54,INTERVENE,0.475,1271.9706899071807,1.5,0.25,1270.2206899071807
T0030852,1695.1,INSUFFICIENT_FUNDS,0.5340395975641132,0.6905005753115278,0.0680791951282264,0,0.0,INTERVENE,0.475,1170.4675252105706,1.5,0.25,1168.7175252105706
T0037557,1526.22,INSUFFICIENT_FUNDS,0.5915041123067784,0.7250164934196999,0.1830082246135567,1,1526.22,INTERVENE,0.475,1106.5346725870143,1.5,0.25,1104.7846725870143
T0005549,2446.22,BANK_DECLINE,0.3685961863757491,0.5797124911037018,0.2628076272485018,1,2446.22,INTERVENE,0.475,1418.1042899876973,1.5,0.25,1416.3542899876973
T0045689,2374.4,NETWORK_ERROR,0.3794003770978752,0.5873439190231337,0.2411992458042495,1,2374.4,INTERVENE,0.475,1394.5894013285285,1.5,0.25,1392.8394013285285
T0033444,2238.62,BANK_DECLINE,0.4022431991875388,0.6033371594824293,0.1955136016249223,0,0.0,INTERVENE,0.475,1350.6426319605557,1.5,0.25,1348.8926319605557
T0039628,1642.36,NETWORK_ERROR,0.5482545908907704,0.6992600927996869,0.0965091817815408,1,1642.36,INTERVENE,0.475,1148.4368060104937,1.5,0.25,1146.6868060104937
T0011585,1638.4,INSUFFICIENT_FUNDS,0.548566784762439,0.6994508809589246,0.097133569524878,0,0.0,INTERVENE,0.475,1145.9803233631021,1.5,0.25,1144.2303233631021
T0018726,1699.38,LIMIT_EXCEEDED,0.5226341813465406,0.6833716818832977,0.0452683626930812,1,1699.38,INTERVENE,0.475,1161.3081687588385,1.5,0.25,1159.5581687588385
T0025241,2056.96,BANK_DECLINE,0.4317296978938668,0.6236554826663275,0.1365406042122664,1,2056.96,INTERVENE,0.475,1282.8343816253291,1.5,0.25,1281.0843816253291
T0036337,1637.58,NETWORK_ERROR,0.5421951193560791,0.6955434068807435,0.0843902387121582,0,0.0,INTERVENE,0.475,1139.007972239768,1.5,0.25,1137.257972239768
T0023888,1481.81,INSUFFICIENT_FUNDS,0.5964029493511976,0.7278461046660776,0.1928058987023952,1,1481.81,INTERVENE,0.475,1078.5296363552404,1.5,0.25,1076.7796363552404
T0022413,1599.45,INSUFFICIENT_FUNDS,0.5490242971340473,0.6997303515253321,0.0980485942680946,1,1599.45,INTERVENE,0.475,1119.1837107471924,1.5,0.25,1117.4337107471924
T0024654,1878.39,BANK_DECLINE,0.4674585079447897,0.6476990102149573,0.0650829841104204,0,0.0,INTERVENE,0.475,1216.6313437976737,1.5,0.25,1214.8813437976737
T0028036,2116.02,INSUFFICIENT_FUNDS,0.4132939415023412,0.6109979313226229,0.1734121169953175,0,0.0,INTERVENE,0.475,1292.8838426372965,1.5,0.25,1291.1338426372965
T0002531,1617.0,NETWORK_ERROR,0.5324251250404809,0.689496842919585,0.0648502500809617,1,1617.0,INTERVENE,0.475,1114.916395000969,1.5,0.25,1113.166395000969
T0042084,1459.62,NETWORK_ERROR,0.5893411697765688,0.7237613635744781,0.1786823395531376,1,1459.62,INTERVENE,0.475,1056.4165615005795,1.5,0.25,1054.6665615005795
T0036541,1539.43,INSUFFICIENT_FUNDS,0.55105876958997,0.7009713060301297,0.10211753917994,1,1539.43,INTERVENE,0.475,1079.0962576419627,1.5,0.25,1077.3462576419627
T0015813,2413.19,BANK_DECLINE,0.3511958162865857,0.567342913929691,0.2976083674268285,0,0.0,INTERVENE,0.475,1369.1062464659913,1.5,0.25,1367.3562464659913
T0011112,2129.3,INSUFFICIENT_FUNDS,0.3975859210771437,0.6000930848346632,0.2048281578457125,1,2129.3,INTERVENE,0.475,1277.7782055384484,1.5,0.25,1276.0282055384484
T0020380,1378.31,PAYMENT_TIMEOUT,0.6121680194705881,0.7368274201827734,0.2243360389411761,1,1378.31,INTERVENE,0.475,1015.5766015121183,1.5,0.25,1013.8266015121183
T0001779,1350.33,PAYMENT_TIMEOUT,0.6200035319750996,0.741219748997611,0.2400070639501992,1,1350.33,INTERVENE,0.475,1000.891263663944,1.5,0.25,999.141263663944
T0044447,2152.95,BANK_DECLINE,0.3865591867571589,0.5923776861440536,0.2268816264856822,0,0.0,INTERVENE,0.475,1275.3595393838402,1.5,0.25,1273.6095393838402
T0028736,1620.58,INSUFFICIENT_FUNDS,0.509677219710424,0.6751673438568775,0.019354439420848,0,0.0,INTERVENE,0.475,1094.1626941075785,1.5,0.25,1092.4126941075785
T0021796,1638.01,INSUFFICIENT_FUNDS,0.5024779626477297,0.6705614550939534,0.0049559252954594,1,1638.01,INTERVENE,0.475,1098.3863690584465,1.5,0.25,1096.6363690584465
T0024586,1414.13,INSUFFICIENT_FUNDS,0.581916555454314,0.7194261075903198,0.1638331109086279,0,0.0,INTERVENE,0.475,1017.3620415266989,1.5,0.25,1015.6120415266989
T0025056,1518.16,INSUFFICIENT_FUNDS,0.5401635966874907,0.6942915705425042,0.0803271933749814,1,1518.16,INTERVENE,0.475,1054.0456907348082,1.5,0.25,1052.2956907348082
T0012549,1303.25,PAYMENT_TIMEOUT,0.6281778578198304,0.7457508488893555,0.2563557156396607,1,1303.25,INTERVENE,0.475,971.8997938150526,1.5,0.25,970.1497938150526
T0023681,1900.6,BANK_DECLINE,0.4303904917699983,0.6227414492176568,0.1392190164600033,0,0.0,INTERVENE,0.475,1183.5823983830785,1.5,0.25,1181.8323983830785
T0007500,1453.5,NETWORK_ERROR,0.5626435421297222,0.7079811228384871,0.1252870842594444,1,1453.5,INTERVENE,0.475,1029.0505620457411,1.5,0.25,1027.3005620457411
T0041788,2130.1,BANK_DECLINE,0.3814422952797546,0.5887816197892121,0.2371154094404907,0,0.0,INTERVENE,0.475,1254.1637283130005,1.5,0.25,1252.4137283130005
T0037764,1501.11,NETWORK_ERROR,0.5392697190473108,0.6937398461265285,0.0785394380946216,1,1501.11,INTERVENE,0.475,1041.3798204189932,1.5,0.25,1039.6298204189932
T0032053,1662.26,BANK_DECLINE,0.480536428526474,0.6563231971765964,0.038927142947052,1,1662.26,INTERVENE,0.475,1090.979797738769,1.5,0.25,1089.229797738769
T0041502,1949.37,NETWORK_ERROR,0.4094433966103289,0.6083346016237278,0.1811132067793421,1,1949.37,INTERVENE,0.475,1185.869222367246,1.5,0.25,1184.119222367246
T0022341,1736.04,LIMIT_EXCEEDED,0.4589589893055036,0.6420415359180561,0.0820820213889927,1,1736.04,INTERVENE,0.475,1114.6097880151822,1.5,0.25,1112.8597880151822
T0042581,1724.42,INSUFFICIENT_FUNDS,0.4605305176789821,0.6430906225155439,0.0789389646420357,1,1724.42,INTERVENE,0.475,1108.9583312782543,1.5,0.25,1107.2083312782543
T0035407,1593.55,INSUFFICIENT_FUNDS,0.4963006727657658,0.6665830677489697,0.0073986544684683,1,1593.55,INTERVENE,0.475,1062.2334476113706,1.5,0.25,1060.4834476113706
T0013432,1806.14,LIMIT_EXCEEDED,0.4373559425080586,0.6274858265471794,0.1252881149838828,0,0.0,INTERVENE,0.475,1133.3272507599227,1.5,0.25,1131.5772507599227
T0015759,2677.85,BANK_DECLINE,0.2932059672373309,0.5255948155578827,0.4135880655253382,0,0.0,INTERVENE,0.475,1407.4640768416762,1.5,0.25,1405.7140768416762
T0027356,1340.14,NETWORK_ERROR,0.5855185521708502,0.7215345029698975,0.1710371043417005,1,1340.14,INTERVENE,0.475,966.9572488100786,1.5,0.25,965.2072488100786
T0002729,2156.79,BANK_DECLINE,0.36355091288276,0.5761354839875666,0.27289817423448,1,2156.79,INTERVENE,0.475,1242.6032505095438,1.5,0.25,1240.8532505095438
T0024417,2294.54,BANK_DECLINE,0.3401663652613571,0.5594575733500748,0.3196672694772858,0,0.0,INTERVENE,0.475,1283.6977803546806,1.5,0.25,1281.9477803546806
T0010221,1680.46,BANK_DECLINE,0.4634694156647212,0.6450488236126232,0.0730611686705575,1,1680.46,INTERVENE,0.475,1083.9787461280687,1.5,0.25,1082.2287461280687
T0017889,1445.13,NETWORK_ERROR,0.5336771764870839,0.6902754106438608,0.0673543529741678,1,1445.13,INTERVENE,0.475,997.5377041837626,1.5,0.25,995.7877041837626
T0027843,1270.66,PAYMENT_TIMEOUT,0.6033235371989398,0.7318122848495447,0.2066470743978796,1,1270.66,INTERVENE,0.475,929.8845978669226,1.5,0.25,928.1345978669226
T0030090,1519.27,INSUFFICIENT_FUNDS,0.5015324102269495,0.6699540509584279,0.0030648204538989,1,1519.27,INTERVENE,0.475,1017.8410909996106,1.5,0.25,1016.0910909996106
T0008515,1970.38,BANK_DECLINE,0.3865310774432121,0.5923579580126939,0.2269378451135757,0,0.0,INTERVENE,0.475,1167.1702733090517,1.5,0.25,1165.4202733090517
T0045197,1154.57,PAYMENT_TIMEOUT,0.6588689137333545,0.7622910733603079,0.3177378274667091,1,1154.57,INTERVENE,0.475,880.1184045696107,1.5,0.25,878.3684045696107
T0011091,1931.07,LIMIT_EXCEEDED,0.3931167805627741,0.5969717795578775,0.2137664388744516,1,1931.07,INTERVENE,0.475,1152.7942943508306,1.5,0.25,1151.0442943508306
T0004938,1409.4,INSUFFICIENT_FUNDS,0.5376673211132645,0.6927494143474795,0.075334642226529,1,1409.4,INTERVENE,0.475,976.3610245813377,1.5,0.25,974.6110245813377
T0018803,1769.54,BANK_DECLINE,0.4274373315176208,0.6207227817328252,0.1451253369647583,1,1769.54,INTERVENE,0.475,1098.3937911875037,1.5,0.25,1096.6437911875037
T0005609,1364.02,NETWORK_ERROR,0.5543031495983599,0.7029441608411493,0.1086062991967198,1,1364.02,INTERVENE,0.475,958.8298942705444,1.5,0.25,957.0798942705444
T0007277,1643.87,BANK_DECLINE,0.4575864158690341,0.6411241486040815,0.0848271682619318,1,1643.87,INTERVENE,0.475,1053.9247541657915,1.5,0.25,1052.1747541657915
T0045773,1550.87,LIMIT_EXCEEDED,0.4845464415472117,0.6589473799320515,0.0309071169055765,1,1550.87,INTERVENE,0.475,1021.9417231152207,1.5,0.25,1020.1917231152207
T0027893,1701.9,BANK_DECLINE,0.4400942824665066,0.629344346121741,0.1198114350669866,0,0.0,INTERVENE,0.475,1071.081142664591,1.5,0.25,1069.331142664591
T0013964,1216.47,NETWORK_ERROR,0.6154973173922286,0.7386995559559517,0.2309946347844571,1,1216.47,INTERVENE,0.475,898.6058488337366,1.5,0.25,896.8558488337366
T0022061,1842.33,PAYMENT_TIMEOUT,0.4048269406776884,0.6051329989050224,0.1903461186446231,0,0.0,INTERVENE,0.475,1114.8546778726898,1.5,0.25,1113.1046778726898
T0044352,1272.63,INSUFFICIENT_FUNDS,0.5794251310021218,0.7179620920625561,0.1588502620042435,1,1272.63,INTERVENE,0.475,913.7000972215709,1.5,0.25,911.9500972215709
T0008251,1354.17,INSUFFICIENT_FUNDS,0.5425424137223679,0.6957571230564731,0.0850848274447357,1,1354.17,INTERVENE,0.475,942.1734233293841,1.5,0.25,940.4234233293841
T0009157,1427.3,NETWORK_ERROR,0.5146817678918026,0.6783493350581835,0.0293635357836052,0,0.0,INTERVENE,0.475,968.2080059285453,1.5,0.25,966.4580059285453
T0007755,1417.61,PAYMENT_TIMEOUT,0.5174439955755802,0.680098574957292,0.0348879911511603,1,1417.61,INTERVENE,0.475,964.1145408452066,1.5,0.25,962.3645408452066
T0025270,1411.02,INSUFFICIENT_FUNDS,0.5154518974149729,0.6788375419332167,0.0309037948299457,1,1411.02,INTERVENE,0.475,957.8533484186073,1.5,0.25,956.1033484186073
T0005343,1729.87,BANK_DECLINE,0.4159704169986287,0.6128453004277777,0.1680591660027426,0,0.0,INTERVENE,0.475,1060.1426998509999,1.5,0.25,1058.3926998509999
T0021145,1308.32,INSUFFICIENT_FUNDS,0.5484169116308142,0.6993592989898358,0.0968338232616283,1,1308.32,INTERVENE,0.475,914.985758054382,1.5,0.25,913.235758054382
T0006204,1155.21,NETWORK_ERROR,0.6183107057957692,0.7402748592374364,0.2366214115915383,1,1155.21,INTERVENE,0.475,855.1729201396789,1.5,0.25,853.4229201396789
T0003123,1156.41,PAYMENT_TIMEOUT,0.6171265539837092,0.7396125679672741,0.2342531079674183,1,1156.41,INTERVENE,0.475,855.2953697230356,1.5,0.25,853.5453697230356
T0040524,1266.75,INSUFFICIENT_FUNDS,0.5633252155167723,0.7083905773526812,0.1266504310335445,1,1266.75,INTERVENE,0.475,897.3537638615089,1.5,0.25,895.6037638615089
T0034040,1492.29,LIMIT_EXCEEDED,0.4780610862307295,0.6546985245219147,0.0438778275385409,1,1492.29,INTERVENE,0.475,977.0000611588081,1.5,0.25,975.2500611588081
T0038703,1318.42,NETWORK_ERROR,0.5410927030937097,0.694864448981582,0.0821854061874194,1,1318.42,INTERVENE,0.475,916.1231868262973,1.5,0.25,914.3731868262973
T0019587,1216.68,NETWORK_ERROR,0.5855231756158759,0.7215372030005034,0.1710463512317517,0,0.0,INTERVENE,0.475,877.8798841466526,1.5,0.25,876.1298841466526
T0031676,1096.94,PAYMENT_TIMEOUT,0.6461816494682109,0.7555445278278963,0.2923632989364217,1,1096.94,INTERVENE,0.475,828.7870143555326,1.5,0.25,827.0370143555326
T0018040,1275.45,INSUFFICIENT_FUNDS,0.5546110144807865,0.7031309776594507,0.109222028961573,0,0.0,INTERVENE,0.475,896.8084054557463,1.5,0.25,895.0584054557463
T0038915,1699.39,LIMIT_EXCEEDED,0.4110918759407172,0.6094756152112455,0.1778162481185655,1,1699.39,INTERVENE,0.475,1035.7367657338386,1.5,0.25,1033.9867657338386
T0004943,1381.58,INSUFFICIENT_FUNDS,0.5043316473617896,0.6717505723738126,0.0086632947235791,1,1381.58,INTERVENE,0.475,928.077155780212,1.5,0.25,926.327155780212
T0013482,1069.44,PAYMENT_TIMEOUT,0.64954411693185,0.7573450852293984,0.2990882338637,1,1069.44,INTERVENE,0.475,809.9351279477278,1.5,0.25,808.1851279477278
T0006027,1558.3,BANK_DECLINE,0.445007122359893,0.6326690932083349,0.109985755280214,0,0.0,INTERVENE,0.475,985.8882479465482,1.5,0.25,984.1382479465482
T0009778,1261.28,INSUFFICIENT_FUNDS,0.5495183587790343,0.7000319814708467,0.0990367175580686,1,1261.28,INTERVENE,0.475,882.9363375895495,1.5,0.25,881.1863375895495
T0042807,1080.42,NETWORK_ERROR,0.6392660474904288,0.7518129935499804,0.2785320949808576,1,1080.42,INTERVENE,0.475,812.2737944912699,1.5,0.25,810.5237944912699
T0045755,1041.16,PAYMENT_TIMEOUT,0.6616567251912197,0.7637562200470006,0.3233134503824393,1,1041.16,INTERVENE,0.475,795.1924260641352,1.5,0.25,793.4424260641352
T0023062,1156.07,NETWORK_ERROR,0.5957125481440105,0.7274484281822462,0.191425096288021,1,1156.07,INTERVENE,0.475,840.9813043686493,1.5,0.25,839.2313043686493
T0011105,1332.24,INSUFFICIENT_FUNDS,0.5146192290441967,0.6783096727854784,0.0292384580883933,1,1332.24,INTERVENE,0.475,903.6712784717257,1.5,0.25,901.9212784717257
T0023790,999.41,PAYMENT_TIMEOUT,0.680785164234242,0.7736403374344734,0.3615703284684839,1,999.41,INTERVENE,0.475,773.183889635387,1.5,0.25,771.433889635387
T0005712,1056.42,PAYMENT_TIMEOUT,0.6404127521468485,0.7524343652765603,0.2808255042936969,1,1056.42,INTERVENE,0.475,794.8867121654639,1.5,0.25,793.1367121654639
T0035884,1130.98,PAYMENT_TIMEOUT,0.5979146947458716,0.7287156120735515,0.1958293894917431,1,1130.98,INTERVENE,0.475,824.1627829429453,1.5,0.25,822.4127829429453
T0008039,1126.75,INSUFFICIENT_FUNDS,0.5957542324760734,0.7274724489877038,0.1915084649521468,1,1126.75,INTERVENE,0.475,819.6795818968952,1.5,0.25,817.9295818968952
T0014749,1494.04,BANK_DECLINE,0.4452337709629341,0.6328221754992012,0.1095324580741318,1,1494.04,INTERVENE,0.475,945.4616430828265,1.5,0.25,943.7116430828265
T0028245,1069.29,NETWORK_ERROR,0.6205922551334779,0.7415478334793647,0.2411845102669558,1,1069.29,INTERVENE,0.475,792.9296828611499,1.5,0.25,791.1796828611499
T0008724,1121.91,NETWORK_ERROR,0.5903076658435694,0.7243226473722473,0.1806153316871388,1,1121.91,INTERVENE,0.475,812.624821313398,1.5,0.25,810.874821313398
T0022596,1042.99,PAYMENT_TIMEOUT,0.6338422755362394,0.748859850488999,0.2676845510724788,1,1042.99,INTERVENE,0.475,781.053335461521,1.5,0.25,779.303335461521
T0012101,1542.26,BANK_DECLINE,0.4283280146839702,0.6213320625751488,0.1433439706320595,0,0.0,INTERVENE,0.475,958.255586827149,1.5,0.25,956.505586827149
T0015765,1432.74,NETWORK_ERROR,0.4609891464737249,0.6433965259445968,0.0780217070525501,1,1432.74,INTERVENE,0.475,921.8199385818617,1.5,0.25,920.0699385818617
T0031689,1222.29,INSUFFICIENT_FUNDS,0.5390026210364623,0.6935748784415706,0.0780052420729247,1,1222.29,INTERVENE,0.475,847.7496381703473,1.5,0.25,845.9996381703473
T0019297,1224.52,INSUFFICIENT_FUNDS,0.5351837157466375,0.69121079895956,0.0703674314932749,1,1224.52,INTERVENE,0.475,846.4014475419604,1.5,0.25,844.6514475419604
T0017328,1149.3,NETWORK_ERROR,0.5697918123751486,0.7122579449309991,0.1395836247502972,1,1149.3,INTERVENE,0.475,818.5980561091973,1.5,0.25,816.8480561091973
T0023298,1053.26,PAYMENT_TIMEOUT,0.6208633631984984,0.7416988258120816,0.2417267263969968,0,0.0,INTERVENE,0.475,781.201705274833,1.5,0.25,779.451705274833
T0027976,1094.02,PAYMENT_TIMEOUT,0.5934938258402683,0.726167969390602,0.1869876516805366,1,1094.02,INTERVENE,0.475,794.4422818727064,1.5,0.25,792.6922818727064
T0015778,1788.51,LIMIT_EXCEEDED,0.3626860916023407,0.5755215287165556,0.2746278167953185,0,0.0,INTERVENE,0.475,1029.3260093248468,1.5,0.25,1027.5760093248468
T0026255,1162.47,INSUFFICIENT_FUNDS,0.5537337884304391,0.702598485553503,0.1074675768608781,1,1162.47,INTERVENE,0.475,816.7496615013806,1.5,0.25,814.9996615013806
T0002418,1210.33,INSUFFICIENT_FUNDS,0.529599633300161,0.6877359130037921,0.059199266600322,1,1210.33,INTERVENE,0.475,832.3874075858796,1.5,0.25,830.6374075858796
T0010150,1710.16,BANK_DECLINE,0.3730233213914702,0.5828443809302071,0.2539533572170596,0,0.0,INTERVENE,0.475,996.757146491603,1.5,0.25,995.007146491603
T0024454,1283.41,INSUFFICIENT_FUNDS,0.4959893645793879,0.6663819392127421,0.008021270841224,0,0.0,INTERVENE,0.475,855.2412446050255,1.5,0.25,853.4912446050255
T0031150,1307.58,BANK_DECLINE,0.4860425478214525,0.6599239639222501,0.0279149043570948,1,1307.58,INTERVENE,0.475,862.9033767454557,1.5,0.25,861.1533767454557
T0017469,1455.3,BANK_DECLINE,0.4338047390407227,0.6250699982969575,0.1323905219185546,1,1455.3,INTERVENE,0.475,909.6643685215622,1.5,0.25,907.9143685215622
T0007945,1623.52,BANK_DECLINE,0.3878557712755597,0.5932873513422581,0.2242884574488804,0,0.0,INTERVENE,0.475,963.2138806511828,1.5,0.25,961.4638806511828
T0038114,1357.13,LIMIT_EXCEEDED,0.4610332502593173,0.6434259368200693,0.0779334994813653,1,1357.13,INTERVENE,0.475,873.2126416366208,1.5,0.25,871.4626416366208
T0044954,988.27,PAYMENT_TIMEOUT,0.629730751609993,0.7466056963299265,0.259461503219986,0,0.0,INTERVENE,0.475,737.8480115119764,1.5,0.25,736.0980115119764
T0030471,1148.73,INSUFFICIENT_FUNDS,0.5384792970469614,0.6932515142246036,0.0769585940939228,0,0.0,INTERVENE,0.475,796.3588119352289,1.5,0.25,794.6088119352289
T0020946,1153.86,INSUFFICIENT_FUNDS,0.5311080637570084,0.6886766902603916,0.0622161275140167,1,1153.86,INTERVENE,0.475,794.6364858238553,1.5,0.25,792.8864858238553
T0038580,1312.56,BANK_DECLINE,0.4562540294543635,0.6402326324300499,0.087491941091273,1,1312.56,INTERVENE,0.475,840.3437440223863,1.5,0.25,838.5937440223863
T0008294,974.15,NETWORK_ERROR,0.6094428808252563,0.7352886138521797,0.2188857616505126,1,974.15,INTERVENE,0.475,716.2814031841008,1.5,0.25,714.5314031841008
T0006532,1387.59,LIMIT_EXCEEDED,0.427114650552562,0.6205019544547797,0.145770698894876,1,1387.59,INTERVENE,0.475,861.0023069819077,1.5,0.25,859.2523069819077
T0009472,1318.74,BANK_DECLINE,0.446956432073917,0.633984812491319,0.106087135852166,1,1318.74,INTERVENE,0.475,836.061131624802,1.5,0.25,834.311131624802
T0010518,1385.67,LIMIT_EXCEEDED,0.4242259504637402,0.6185228532475764,0.1515480990725196,1,1385.67,INTERVENE,0.475,857.0685620595692,1.5,0.25,855.3185620595692
T0021304,1486.23,BANK_DECLINE,0.3924184185502073,0.5964833173185254,0.2151631628995852,0,0.0,INTERVENE,0.475,886.5114006983121,1.5,0.25,884.7614006983121
T0013361,982.62,NETWORK_ERROR,0.5913349259862811,0.7249184443193587,0.1826698519725622,1,982.62,INTERVENE,0.475,712.3193617570882,1.5,0.25,710.5693617570882
T0031997,1487.07,BANK_DECLINE,0.3906600277625786,0.5952525831889002,0.2186799444748427,1,1487.07,INTERVENE,0.475,885.1822588827177,1.5,0.25,883.4322588827177
T0030009,1281.48,LIMIT_EXCEEDED,0.4529534491269549,0.6380200116992902,0.09409310174609,1,1281.48,INTERVENE,0.475,817.6098845924065,1.5,0.25,815.8598845924065
T0028280,1390.62,BANK_DECLINE,0.4173589057614039,0.6138023958201995,0.1652821884771921,1,1390.62,INTERVENE,0.475,853.5658876754857,1.5,0.25,851.8158876754857
T0013528,1175.18,LIMIT_EXCEEDED,0.4938523864822071,0.664999658407461,0.0122952270355858,1,1175.18,INTERVENE,0.475,781.4942985672801,1.5,0.25,779.7442985672801
T0036030,1101.5,NETWORK_ERROR,0.5249275858387936,0.6848122408633966,0.0498551716775872,0,0.0,INTERVENE,0.475,754.3206833110314,1.5,0.25,752.5706833110314
T0016981,1267.85,BANK_DECLINE,0.4511695882497816,0.6368217117124554,0.0976608235004368,1,1267.85,INTERVENE,0.475,807.3944071946365,1.5,0.25,805.6444071946365
T0033036,1216.4,BANK_DECLINE,0.4659105042464753,0.6466716497508609,0.0681789915070493,1,1216.4,INTERVENE,0.475,786.6113947569472,1.5,0.25,784.8613947569472
T0025688,1133.12,INSUFFICIENT_FUNDS,0.4988197924777667,0.6682083739588253,0.0023604150444664,1,1133.12,INTERVENE,0.475,757.160272700224,1.5,0.25,755.410272700224
T0012181,1167.93,NETWORK_ERROR,0.4827779974143267,0.6577912856262178,0.0344440051713464,0,0.0,INTERVENE,0.475,768.2541762214286,1.5,0.25,766.5041762214286
T0016455,854.81,PAYMENT_TIMEOUT,0.6592705106225041,0.7625025193529179,0.3185410212450081,1,854.81,INTERVENE,0.475,651.7947785680677,1.5,0.25,650.0447785680677
T0023557,909.83,PAYMENT_TIMEOUT,0.6182519921586848,0.7402420467187373,0.2365039843173695,1,909.83,INTERVENE,0.475,673.4944213661088,1.5,0.25,671.7444213661088
T0031278,965.67,INSUFFICIENT_FUNDS,0.5803845231832166,0.7185264008323408,0.1607690463664333,1,965.67,INTERVENE,0.475,693.8593894917665,1.5,0.25,692.1093894917665
T0016500,2967.37,INSUFFICIENT_FUNDS,0.1868936748991667,0.448549821934511,0.6262126502016665,0,0.0,ABSTAIN,0.475,1331.0132851138098,0.0,0.0,0.0
T0005571,1026.69,NETWORK_ERROR,0.5335916696136076,0.6902222738388502,0.0671833392272152,0,0.0,INTERVENE,0.475,708.6443063276091,1.5,0.25,706.8943063276091
T0020450,1138.94,LIMIT_EXCEEDED,0.4769710614723157,0.6539819448426317,0.0460578770553685,0,0.0,INTERVENE,0.475,744.846196259067,1.5,0.25,743.096196259067
T0021693,1025.58,NETWORK_ERROR,0.5285665819802446,0.6870907254527079,0.0571331639604892,0,0.0,INTERVENE,0.475,704.666506209788,1.5,0.25,702.916506209788
T0006984,1318.64,BANK_DECLINE,0.4096981286204722,0.6085109949627383,0.1806037427590555,0,0.0,INTERVENE,0.475,802.4069383976653,1.5,0.25,800.6569383976653
T0040618,982.08,INSUFFICIENT_FUNDS,0.5481784169419686,0.6992135308433453,0.0963568338839371,1,982.08,INTERVENE,0.475,686.6836243706325,1.5,0.25,684.9336243706325
T0008368,913.32,NETWORK_ERROR,0.5885413293914469,0.7232963295687311,0.1770826587828937,0,0.0,INTERVENE,0.475,660.6010037217136,1.5,0.25,658.8510037217136
T0025637,1258.32,BANK_DECLINE,0.4228285236336423,0.617564031970491,0.1543429527327153,1,1258.32,INTERVENE,0.475,777.0931727091082,1.5,0.25,775.3431727091082
T0000433,1230.15,BANK_DECLINE,0.4294444209452173,0.6220952110083257,0.1411111581095654,1,1230.15,INTERVENE,0.475,765.2704238218919,1.5,0.25,763.5204238218919
T0004784,1095.66,LIMIT_EXCEEDED,0.4810258911531194,0.6566440210299309,0.0379482176937612,0,0.0,INTERVENE,0.475,719.4585880816542,1.5,0.25,717.7085880816542
T0024020,1246.89,BANK_DECLINE,0.4211392545679332,0.6164037455009572,0.1577214908641335,0,0.0,INTERVENE,0.475,768.5876662276886,1.5,0.25,766.8376662276886
T0035164,1192.7,INSUFFICIENT_FUNDS,0.4396153835926357,0.6290195904883933,0.1207692328147285,1,1192.7,INTERVENE,0.475,750.2316655755067,1.5,0.25,748.4816655755067
T0015852,1400.01,BANK_DECLINE,0.3725925573859033,0.5825399344922125,0.2548148852281933,1,1400.01,INTERVENE,0.475,815.5617336884425,1.5,0.25,813.8117336884425
T0018897,1013.71,INSUFFICIENT_FUNDS,0.5138158983339091,0.6777999702170168,0.0276317966678181,0,0.0,INTERVENE,0.475,687.092607808692,1.5,0.25,685.342607808692
T0044225,1025.85,INSUFFICIENT_FUNDS,0.5066094520004978,0.6732087457056106,0.0132189040009955,1,1025.85,INTERVENE,0.475,690.6111917821006,1.5,0.25,688.8611917821006
T0014702,898.63,INSUFFICIENT_FUNDS,0.5781743557394726,0.717225362911011,0.1563487114789452,1,898.63,INTERVENE,0.475,644.5202278727219,1.5,0.25,642.7702278727219
T0006681,964.34,INSUFFICIENT_FUNDS,0.5353849288409517,0.6913356108811073,0.0707698576819033,1,964.34,INTERVENE,0.475,666.682582997087,1.5,0.25,664.932582997087
T0010667,1125.87,BANK_DECLINE,0.4584929248014191,0.6417301484849869,0.0830141503971617,1,1125.87,INTERVENE,0.475,722.5047222747921,1.5,0.25,720.7547222747921
T0031352,1069.78,BANK_DECLINE,0.4799993292457942,0.6559709851030209,0.0400013415084115,1,1069.78,INTERVENE,0.475,701.7446404435096,1.5,0.25,699.9946404435096
T0000183,806.92,PAYMENT_TIMEOUT,0.6360643634896447,0.7500725543115596,0.2721287269792893,1,806.92,INTERVENE,0.475,605.2485455250836,1.5,0.25,603.4985455250836
T0014416,1151.44,BANK_DECLINE,0.4432852035989535,0.6315052081632186,0.1134295928020929,0,0.0,INTERVENE,0.475,727.1403568874565,1.5,0.25,725.3903568874565
T0000114,1205.58,BANK_DECLINE,0.4176481242301977,0.614001645849118,0.1647037515396044,0,0.0,INTERVENE,0.475,740.2281042027796,1.5,0.25,738.4781042027796
T0007204,2259.71,LIMIT_EXCEEDED,0.2227349149443624,0.4744328533927698,0.5545301701112753,0,0.0,ABSTAIN,0.475,1072.0806631401758,0.0,0.0,0.0
T0020901,1003.41,INSUFFICIENT_FUNDS,0.4974568046447217,0.667329484958516,0.0050863907105564,1,1003.41,INTERVENE,0.475,669.6050785022245,1.5,0.25,667.8550785022245
T0029832,1075.92,BANK_DECLINE,0.4615199282951691,0.6437504091536214,0.0769601434096618,1,1075.92,INTERVENE,0.475,692.6239402165644,1.5,0.25,690.8739402165644
T0010429,807.29,PAYMENT_TIMEOUT,0.6120218021843692,0.7367450016973586,0.2240436043687383,1,807.29,INTERVENE,0.475,594.7668724202606,1.5,0.25,593.0168724202606
T0003583,779.11,PAYMENT_TIMEOUT,0.6310524279116598,0.7473317642933234,0.2621048558233196,1,779.11,INTERVENE,0.475,582.2536508785712,1.5,0.25,580.5036508785712
T0033915,1193.48,BANK_DECLINE,0.4114691072797785,0.6097365523361887,0.1770617854404429,1,1193.48,INTERVENE,0.475,727.7083804821946,1.5,0.25,725.9583804821946
T0013176,1110.34,BANK_DECLINE,0.440499741966166,0.6296192089341404,0.119000516067668,0,0.0,INTERVENE,0.475,699.0913924479333,1.5,0.25,697.3413924479333
T0040449,1031.94,LIMIT_EXCEEDED,0.4651022539634424,0.6461347002701021,0.069795492073115,1,1031.94,INTERVENE,0.475,666.7722425967293,1.5,0.25,665.0222425967293
T0006704,836.96,PAYMENT_TIMEOUT,0.5728256864326288,0.7140617892711649,0.1456513728652575,1,836.96,INTERVENE,0.475,597.6411551483942,1.5,0.25,595.8911551483942
T0023506,1115.69,LIMIT_EXCEEDED,0.4272385292017156,0.6205867369311293,0.1455229415965687,1,1115.69,INTERVENE,0.475,692.3824165266917,1.5,0.25,690.6324165266917
T0001894,1063.04,BANK_DECLINE,0.4475796817173424,0.6344050649576887,0.104840636565315,1,1063.04,INTERVENE,0.475,674.3979602526214,1.5,0.25,672.6479602526214
T0020490,1040.28,BANK_DECLINE,0.4521137955196847,0.63745619114808,0.0957724089606305,0,0.0,INTERVENE,0.475,663.1329265275247,1.5,0.25,661.3829265275247
T0045230,714.87,PAYMENT_TIMEOUT,0.6514521855732045,0.7583628143189655,0.302904371146409,1,714.87,INTERVENE,0.475,542.1308250721988,1.5,0.25,540.3808250721988
T0004005,1133.97,BANK_DECLINE,0.4079637667228054,0.6073094494815007,0.1840724665543891,0,0.0,INTERVENE,0.475,688.6706964285373,1.5,0.25,686.9206964285373
T0011274,1015.34,BANK_DECLINE,0.4541775574929906,0.6388413098466417,0.0916448850140186,1,1015.34,INTERVENE,0.475,648.6411355396891,1.5,0.25,646.8911355396891
T0000901,1160.94,BANK_DECLINE,0.3971443023876355,0.5997850097983374,0.2057113952247289,1,1160.94,INTERVENE,0.475,696.3144092752818,1.5,0.25,694.5644092752818
T0023879,1256.01,BANK_DECLINE,0.3637593387078756,0.5762834149072742,0.2724813225842487,1,1256.01,INTERVENE,0.475,723.8177319576855,1.5,0.25,722.0677319576855
T0001142,897.12,INSUFFICIENT_FUNDS,0.505622981781729,0.6725776497783494,0.011245963563458,1,897.12,INTERVENE,0.475,603.3828611691529,1.5,0.25,601.6328611691529
T0000671,1107.12,BANK_DECLINE,0.4095324655670659,0.6083962820965997,0.1809350688658682,1,1107.12,INTERVENE,0.475,673.5676918347874,1.5,0.25,671.8176918347874
T0020991,1115.13,BANK_DECLINE,0.4045003343362218,0.6049061454541408,0.1909993313275563,1,1115.13,INTERVENE,0.475,674.5489899802761,1.5,0.25,672.7989899802761
T0032153,946.46,BANK_DECLINE,0.4761912207571496,0.653468850023085,0.0476175584857007,1,946.46,INTERVENE,0.475,618.482127792849,1.5,0.25,616.732127792849
T0028547,1301.5,LIMIT_EXCEEDED,0.3452669563506998,0.5631081426636424,0.3094660872986002,1,1301.5,INTERVENE,0.475,732.8852476767306,1.5,0.25,731.1352476767306
T0018191,674.42,PAYMENT_TIMEOUT,0.6560035794746212,0.7607786805501517,0.3120071589492423,1,674.42,INTERVENE,0.475,513.0843577366333,1.5,0.25,511.33435773663325
T0023520,1370.52,BANK_DECLINE,0.3196612194562477,0.5447206689739098,0.3606775610875045,1,1370.52,INTERVENE,0.475,746.5505712421228,1.5,0.25,744.8005712421228
T0032708,1138.68,BANK_DECLINE,0.3823992220688362,0.5894548657452172,0.2352015558623275,0,0.0,INTERVENE,0.475,671.200466526764,1.5,0.25,669.450466526764
T0027860,856.0,INSUFFICIENT_FUNDS,0.5077856577254839,0.6739604062211935,0.0155713154509677,1,856.0,INTERVENE,0.475,576.9101077253416,1.5,0.25,575.1601077253416
T0014407,848.44,INSUFFICIENT_FUNDS,0.5095664133184558,0.675096706212234,0.0191328266369115,1,848.44,INTERVENE,0.475,572.7790494187079,1.5,0.25,571.0290494187079
T0025062,892.61,NETWORK_ERROR,0.4819419153761451,0.6572440552353987,0.0361161692477097,1,892.61,INTERVENE,0.475,586.6626161436693,1.5,0.25,584.9126161436693
T0010074,694.6,NETWORK_ERROR,0.6153438499120174,0.738613447387139,0.2306876998240348,1,694.6,INTERVENE,0.475,513.0409005551068,1.5,0.25,511.29090055510676
T0024029,1022.9,LIMIT_EXCEEDED,0.4154367898232293,0.6124772349784531,0.1691264203535414,1,1022.9,INTERVENE,0.475,626.5029636594596,1.5,0.25,624.7529636594596
T0042165,682.19,NETWORK_ERROR,0.618768095550427,0.7405303824992471,0.237536191100854,0,0.0,INTERVENE,0.475,505.1824216371614,1.5,0.25,503.4324216371614
T0021765,704.2,NETWORK_ERROR,0.597811476295129,0.7286562996328428,0.1956229525902579,1,704.2,INTERVENE,0.475,513.119766201448,1.5,0.25,511.369766201448
T0005622,718.44,NETWORK_ERROR,0.5819681871470689,0.7194563984291281,0.1639363742941377,1,718.44,INTERVENE,0.475,516.8862548874229,1.5,0.25,515.1362548874229
T0037261,778.06,INSUFFICIENT_FUNDS,0.5360978166845447,0.6917775883719495,0.0721956333690894,0,0.0,INTERVENE,0.475,538.2444704086789,1.5,0.25,536.4944704086789
T0012287,1014.55,BANK_DECLINE,0.4048971080472742,0.6051817296832561,0.1902057839054515,0,0.0,INTERVENE,0.475,613.9871238501474,1.5,0.25,612.2371238501474
T0026587,660.2,NETWORK_ERROR,0.615388508276192,0.7386385064945178,0.2307770165523839,1,660.2,INTERVENE,0.475,487.64914198768065,1.5,0.25,485.89914198768065
T0030481,994.44,INSUFFICIENT_FUNDS,0.4084181837368958,0.6076243905142517,0.1831636325262083,0,0.0,INTERVENE,0.475,604.2459989029925,1.5,0.25,602.4959989029925
T0027448,1063.72,BANK_DECLINE,0.3802042877187796,0.5879101263127341,0.2395914245624407,1,1063.72,INTERVENE,0.475,625.3717595613815,1.5,0.25,623.6217595613815
T0024290,712.32,INSUFFICIENT_FUNDS,0.5606191672441904,0.706763171692473,0.1212383344883807,1,712.32,INTERVENE,0.475,503.44154245998243,1.5,0.25,501.69154245998243
T0008920,992.41,INSUFFICIENT_FUNDS,0.3979582949986598,0.6003527929334588,0.2040834100026803,0,0.0,INTERVENE,0.475,595.7961152350938,1.5,0.25,594.0461152350938
T0044537,873.23,LIMIT_EXCEEDED,0.4512905738242252,0.636903037114174,0.0974188523515494,0,0.0,INTERVENE,0.475,556.1628390992101,1.5,0.25,554.4128390992101
T0020930,896.6,BANK_DECLINE,0.4365545871346247,0.626941228045304,0.1268908257307505,1,896.6,INTERVENE,0.475,562.1155050654196,1.5,0.25,560.3655050654196
T0029978,903.18,BANK_DECLINE,0.4323703690319425,0.6240924421487491,0.135259261936115,1,903.18,INTERVENE,0.475,563.6678118999072,1.5,0.25,561.9178118999072
T0044597,744.15,INSUFFICIENT_FUNDS,0.5226860727693491,0.6834043155659218,0.0453721455386981,1,744.15,INTERVENE,0.475,508.55532142838075,1.5,0.25,506.80532142838075
T0004847,850.16,BANK_DECLINE,0.4574015293169012,0.6410004968140739,0.0851969413661974,1,850.16,INTERVENE,0.475,544.952982371453,1.5,0.25,543.202982371453
T0040700,624.2,INSUFFICIENT_FUNDS,0.6220317836880492,0.7423489138470684,0.2440635673760984,1,624.2,INTERVENE,0.475,463.37419202334013,1.5,0.25,461.62419202334013
T0041719,846.45,BANK_DECLINE,0.4571690034245246,0.6408449573166921,0.0856619931509506,1,846.45,INTERVENE,0.475,542.4432141207141,1.5,0.25,540.6932141207141
T0035909,961.12,BANK_DECLINE,0.4023526051451178,0.6034132593805658,0.1952947897097644,0,0.0,INTERVENE,0.475,579.9525518558494,1.5,0.25,578.2025518558494
T0016648,640.92,PAYMENT_TIMEOUT,0.5997605839331802,0.7297749405683576,0.1995211678663604,0,0.0,INTERVENE,0.475,467.7273549090717,1.5,0.25,465.9773549090717
T0019360,959.03,LIMIT_EXCEEDED,0.399568619647928,0.6014752450236744,0.200862760704144,0,0.0,INTERVENE,0.475,576.8328042350545,1.5,0.25,575.0828042350545
T0030928,621.54,PAYMENT_TIMEOUT,0.6109932160906049,0.7361647486524596,0.2219864321812097,0,0.0,INTERVENE,0.475,457.55583787744973,1.5,0.25,455.80583787744973
T0019137,684.65,INSUFFICIENT_FUNDS,0.55215846861809,0.7016408567413628,0.10431693723618,0,0.0,INTERVENE,0.475,480.378412567974,1.5,0.25,478.628412567974
T0000667,695.21,INSUFFICIENT_FUNDS,0.5433109206934718,0.6962297425592905,0.0866218413869435,1,695.21,INTERVENE,0.475,484.0258793246444,1.5,0.25,482.2758793246444
T0000192,615.14,NETWORK_ERROR,0.6117817262513902,0.7366096418149107,0.2235634525027803,0,0.0,INTERVENE,0.475,453.11805506602417,1.5,0.25,451.36805506602417
T0019913,605.88,PAYMENT_TIMEOUT,0.619664924186729,0.7410309264202308,0.239329848373458,0,0.0,INTERVENE,0.475,448.9758176994894,1.5,0.25,447.2258176994894
T0036572,852.16,LIMIT_EXCEEDED,0.4391590130027101,0.6287100033920341,0.1216819739945797,0,0.0,INTERVENE,0.475,535.7615164905558,1.5,0.25,534.0115164905558
T0045712,977.5,BANK_DECLINE,0.3827608301276337,0.5897091880689973,0.2344783397447325,1,977.5,INTERVENE,0.475,576.4407313374448,1.5,0.25,574.6907313374448
T0044928,912.46,INSUFFICIENT_FUNDS,0.4079626459912013,0.6073086726299326,0.1840747080175973,0,0.0,INTERVENE,0.475,554.1448714279084,1.5,0.25,552.3948714279084
T0020069,604.98,NETWORK_ERROR,0.614832641521314,0.7383264829132663,0.229665283042628,1,604.98,INTERVENE,0.475,446.67275563286785,1.5,0.25,444.92275563286785
T0026611,545.61,PAYMENT_TIMEOUT,0.6746303403538817,0.7704922331848633,0.3492606807077634,0,0.0,INTERVENE,0.475,420.38826734799324,1.5,0.25,418.63826734799324
T0025050,732.93,LIMIT_EXCEEDED,0.4994265686159063,0.6685992622716185,0.0011468627681873,1,732.93,INTERVENE,0.475,490.0364572967373,1.5,0.25,488.2864572967373
T0026617,662.72,INSUFFICIENT_FUNDS,0.5485836809697137,0.699461204612956,0.0971673619394273,0,0.0,INTERVENE,0.475,463.5469295210982,1.5,0.25,461.7969295210982
T0037232,685.21,INSUFFICIENT_FUNDS,0.5272903237040195,0.6862926427622507,0.054580647408039,1,685.21,INTERVENE,0.475,470.2545817471218,1.5,0.25,468.5045817471218
T0006739,801.96,BANK_DECLINE,0.4430198164929859,0.6313256901925716,0.1139603670140281,0,0.0,INTERVENE,0.475,506.2979505068347,1.5,0.25,504.5479505068347
T0034899,641.57,INSUFFICIENT_FUNDS,0.549735314845492,0.7001643807523944,0.0994706296909839,1,641.57,INTERVENE,0.475,449.2044617593137,1.5,0.25,447.4544617593137
T0030466,576.66,NETWORK_ERROR,0.6081719374156116,0.7345689832771355,0.2163438748312232,1,576.66,INTERVENE,0.475,423.59654989659293,1.5,0.25,421.84654989659293
T0038605,796.3,LIMIT_EXCEEDED,0.4401160523354244,0.6293591061439198,0.1197678953291511,0,0.0,INTERVENE,0.475,501.1586562224033,1.5,0.25,499.4086562224033
T0018611,611.91,INSUFFICIENT_FUNDS,0.5725316553112089,0.7138872647293993,0.1450633106224177,0,0.0,INTERVENE,0.475,436.8347561605667,1.5,0.25,435.0847561605667
T0036279,580.6,NETWORK_ERROR,0.6022127584597896,0.7311781717928365,0.2044255169195792,1,580.6,INTERVENE,0.475,424.5220465429209,1.5,0.25,422.7720465429209
T0041660,645.37,INSUFFICIENT_FUNDS,0.5377242597151077,0.6927846382619135,0.0754485194302154,1,645.37,INTERVENE,0.475,447.1024219950911,1.5,0.25,445.3524219950911
T0040033,550.87,PAYMENT_TIMEOUT,0.6289487429667496,0.7461754483915786,0.2578974859334992,1,550.87,INTERVENE,0.475,411.0456692554689,1.5,0.25,409.2956692554689
T0022129,823.55,BANK_DECLINE,0.4205533557937956,0.6160010062150026,0.1588932884124088,1,823.55,INTERVENE,0.475,507.3076286683654,1.5,0.25,505.5576286683654
T0042579,1124.12,BANK_DECLINE,0.3054995089383522,0.5344952282191269,0.3890009821232956,0,0.0,INTERVENE,0.475,600.8367759456848,1.5,0.25,599.0867759456848
T0017826,702.01,BANK_DECLINE,0.4883325371753305,0.6614161244280968,0.0233349256493389,1,702.01,INTERVENE,0.475,464.3207335097683,1.5,0.25,462.5707335097683
T0012538,624.01,INSUFFICIENT_FUNDS,0.5439700954651939,0.6966347945827357,0.0879401909303878,1,624.01,INTERVENE,0.475,434.7070781675729,1.5,0.25,432.9570781675729
T0004910,584.8,NETWORK_ERROR,0.5773599453716123,0.7167450344282854,0.1547198907432245,1,584.8,INTERVENE,0.475,419.15249613366126,1.5,0.25,417.40249613366126
T0017950,527.85,PAYMENT_TIMEOUT,0.6385751983726877,0.7514381350474985,0.2771503967453754,0,0.0,INTERVENE,0.475,396.6466195848221,1.5,0.25,394.8966195848221
T0037614,1224.74,NETWORK_ERROR,0.2724920918224771,0.5105642254663904,0.4550158163550458,1,1224.74,INTERVENE,0.475,625.3084294977069,1.5,0.25,623.5584294977069
T0030460,601.56,NETWORK_ERROR,0.5436045680594803,0.6964102216777194,0.0872091361189606,1,601.56,INTERVENE,0.475,418.9325329524488,1.5,0.25,417.1825329524488
T0037164,742.49,BANK_DECLINE,0.4382102190043236,0.628066033983884,0.1235795619913526,0,0.0,INTERVENE,0.475,466.33274957269407,1.5,0.25,464.58274957269407
T0022537,721.78,NETWORK_ERROR,0.4476338595452713,0.634441586994971,0.1047322809094574,1,721.78,INTERVENE,0.475,457.9272486612301,1.5,0.25,456.1772486612301
T0013884,753.19,BANK_DECLINE,0.4285314995312989,0.6214712048129295,0.1429370009374022,1,753.19,INTERVENE,0.475,468.0858967530504,1.5,0.25,466.3358967530504
T0019419,555.68,NETWORK_ERROR,0.5788770467111521,0.7176394040220365,0.1577540934223043,1,555.68,INTERVENE,0.475,398.77786402696523,1.5,0.25,397.02786402696523
T0038648,799.13,BANK_DECLINE,0.4022418467380812,0.6033362187229593,0.1955163065238375,1,799.13,INTERVENE,0.475,482.14407246807843,1.5,0.25,480.39407246807843
T0031813,1122.07,BANK_DECLINE,0.2862503549846111,0.5205514362604082,0.4274992900307778,1,1122.07,INTERVENE,0.475,584.0951500847162,1.5,0.25,582.3451500847162
T0016314,711.4,BANK_DECLINE,0.4489096800100747,0.6353011878139186,0.1021806399798506,1,711.4,INTERVENE,0.475,451.9532650108217,1.5,0.25,450.2032650108217
T0022816,450.44,PAYMENT_TIMEOUT,0.7083338871488463,0.787354694479668,0.4166677742976925,1,450.44,INTERVENE,0.475,354.65604858142166,1.5,0.25,352.90604858142166
T0011220,765.01,BANK_DECLINE,0.4158606992748948,0.6127696339364535,0.1682786014502103,1,765.01,INTERVENE,0.475,468.7748976577262,1.5,0.25,467.0248976577262
T0005945,759.13,BANK_DECLINE,0.4131821733715949,0.6109207164283078,0.1736356532568101,1,759.13,INTERVENE,0.475,463.7682434622213,1.5,0.25,462.0182434622213
T0010183,889.34,NETWORK_ERROR,0.3512003697236798,0.5673461625892077,0.2975992605526403,1,889.34,INTERVENE,0.475,504.563636237086,1.5,0.25,502.813636237086
T0002285,574.39,INSUFFICIENT_FUNDS,0.5416991188441214,0.6952380343951204,0.0833982376882427,0,0.0,INTERVENE,0.475,399.33777457621323,1.5,0.25,397.58777457621323
T0020416,541.39,INSUFFICIENT_FUNDS,0.5682147553213718,0.7113176029548528,0.1364295106427435,1,541.39,INTERVENE,0.475,385.1002370637278,1.5,0.25,383.3502370637278
T0031682,695.02,BANK_DECLINE,0.4419825599096817,0.6306237017258606,0.1160348801806365,0,0.0,INTERVENE,0.475,438.2960851735076,1.5,0.25,436.5460851735076
T0016656,695.04,BANK_DECLINE,0.4382413808403701,0.6280871915124202,0.1235172383192597,1,695.04,INTERVENE,0.475,436.5457215887925,1.5,0.25,434.7957215887925
T0006448,560.96,INSUFFICIENT_FUNDS,0.5403676132890259,0.6944174168728912,0.0807352265780518,1,560.96,INTERVENE,0.475,389.5403941690171,1.5,0.25,387.7903941690171
T0009904,530.34,INSUFFICIENT_FUNDS,0.5697758784396475,0.7122484532364499,0.139551756879295,1,530.34,INTERVENE,0.475,377.73384468941885,1.5,0.25,375.98384468941885
T0010756,716.96,LIMIT_EXCEEDED,0.4206537781739577,0.6160700465830002,0.1586924436520845,1,716.96,INTERVENE,0.475,441.69758059814785,1.5,0.25,439.94758059814785
T0014761,695.54,BANK_DECLINE,0.4325988970690437,0.6242482572137789,0.1348022058619125,1,695.54,INTERVENE,0.475,434.1896328224717,1.5,0.25,432.4396328224717
T0034482,654.79,BANK_DECLINE,0.4590465503520936,0.6421000239205964,0.0819068992958128,1,654.79,INTERVENE,0.475,420.4406746629673,1.5,0.25,418.6906746629673
T0019997,697.51,BANK_DECLINE,0.4290263307311991,0.6218094852264323,0.1419473385376017,1,697.51,INTERVENE,0.475,433.7183340402888,1.5,0.25,431.9683340402888
T0021313,564.77,INSUFFICIENT_FUNDS,0.5289588347859453,0.687335790680835,0.0579176695718905,0,0.0,INTERVENE,0.475,388.18663450281514,1.5,0.25,386.43663450281514
T0042549,475.94,PAYMENT_TIMEOUT,0.6245541210139873,0.7437486498379717,0.2491082420279746,1,475.94,INTERVENE,0.475,353.97973240388427,1.5,0.25,352.22973240388427
T0029092,780.83,BANK_DECLINE,0.3796172606868931,0.5874966964805262,0.2407654786262136,0,0.0,INTERVENE,0.475,458.73504551288926,1.5,0.25,456.98504551288926
T0010789,614.39,LIMIT_EXCEEDED,0.4814683103655645,0.6569338867395582,0.0370633792688709,1,614.39,INTERVENE,0.475,403.61361067391715,1.5,0.25,401.86361067391715
T0028119,720.76,BANK_DECLINE,0.4047506016125418,0.6050799795511698,0.1904987967749164,0,0.0,INTERVENE,0.475,436.1174460613011,1.5,0.25,434.3674460613011
T0028429,765.39,BANK_DECLINE,0.3775546505792049,0.5860430715785105,0.2448906988415902,0,0.0,INTERVENE,0.475,448.5515065554762,1.5,0.25,446.8015065554762
T0014810,518.56,INSUFFICIENT_FUNDS,0.552782750424167,0.7020205664467088,0.105565500848334,1,518.56,INTERVENE,0.475,364.0397849366053,1.5,0.25,362.2897849366053
T0015931,476.58,NETWORK_ERROR,0.5973398641517076,0.7283851935212377,0.1946797283034151,1,476.58,INTERVENE,0.475,347.1338155283514,1.5,0.25,345.3838155283514
T0006144,503.45,INSUFFICIENT_FUNDS,0.5572764289242884,0.7047455465303172,0.1145528578485768,1,503.45,INTERVENE,0.475,354.8041454006882,1.5,0.25,353.0541454006882
T0012291,477.65,NETWORK_ERROR,0.586264115227552,0.7219696941168566,0.1725282304551039,1,477.65,INTERVENE,0.475,344.84882439491656,1.5,0.25,343.09882439491656
T0012720,455.06,NETWORK_ERROR,0.6131801623230075,0.7373974810547773,0.226360324646015,1,455.06,INTERVENE,0.475,335.56009772878696,1.5,0.25,333.81009772878696
T0017842,521.56,NETWORK_ERROR,0.515797792443663,0.6790566874641101,0.0315955848873259,1,521.56,INTERVENE,0.475,354.1688059137812,1.5,0.25,352.4188059137812
T0021006,600.41,BANK_DECLINE,0.4462854777648994,0.6335321650728358,0.107429044470201,0,0.0,INTERVENE,0.475,380.3790472313813,1.5,0.25,378.6290472313813
T0032633,439.8,NETWORK_ERROR,0.6062992689919877,0.7335063713183204,0.2125985379839754,1,439.8,INTERVENE,0.475,322.59610210579734,1.5,0.25,320.84610210579734
T0030981,606.82,BANK_DECLINE,0.4392131723376801,0.6287467488723256,0.1215736553246398,1,606.82,INTERVENE,0.475,381.53610215070466,1.5,0.25,379.78610215070466
T0022581,642.01,BANK_DECLINE,0.4133915687170426,0.611065372424111,0.1732168625659147,1,642.01,INTERVENE,0.475,392.31007975000347,1.5,0.25,390.56007975000347
T0004637,564.45,NETWORK_ERROR,0.4689081706424691,0.6486598677822114,0.0621836587150617,0,0.0,INTERVENE,0.475,366.1360623696693,1.5,0.25,364.3860623696693
T0014571,641.17,BANK_DECLINE,0.4113334462678371,0.609642720604179,0.1773331074643258,1,641.17,INTERVENE,0.475,390.88462316978143,1.5,0.25,389.13462316978143
T0028520,653.51,BANK_DECLINE,0.4020803216477208,0.6032238568976241,0.1958393567045583,0,0.0,INTERVENE,0.475,394.21282272116633,1.5,0.25,392.46282272116633
T0027560,466.83,NETWORK_ERROR,0.5516324449673534,0.7013206952429919,0.1032648899347068,1,466.83,INTERVENE,0.475,327.39754016028587,1.5,0.25,325.64754016028587
T0037771,936.07,NETWORK_ERROR,0.274205004158866,0.5118082624072422,0.451589991682268,0,0.0,INTERVENE,0.475,479.0883601915472,1.5,0.25,477.3383601915472
T0031500,795.89,BANK_DECLINE,0.3216986421710826,0.5461888934235075,0.3566027156578347,1,795.89,INTERVENE,0.475,434.7062783868354,1.5,0.25,432.9562783868354
T0034584,436.71,NETWORK_ERROR,0.5840229146742204,0.7206602273139775,0.1680458293484408,1,436.71,INTERVENE,0.475,314.7195278702871,1.5,0.25,312.9695278702871
T0033862,759.17,NETWORK_ERROR,0.3274309708288759,0.5503153827561498,0.3451380583422482,1,759.17,INTERVENE,0.475,417.7829291269862,1.5,0.25,416.0329291269862
T0018843,553.95,LIMIT_EXCEEDED,0.4473365844830651,0.6342411706599268,0.1053268310338697,1,553.95,INTERVENE,0.475,351.3378964870665,1.5,0.25,349.5878964870665
T0026881,517.86,LIMIT_EXCEEDED,0.4679547602541116,0.6480280685057485,0.0640904794917767,0,0.0,INTERVENE,0.475,335.5878155563869,1.5,0.25,333.8378155563869
T0027948,423.79,INSUFFICIENT_FUNDS,0.5629722060436121,0.7081785805523099,0.1259444120872241,0,0.0,INTERVENE,0.475,300.1190006522634,1.5,0.25,298.3690006522634
T0027304,430.14,NETWORK_ERROR,0.5433990592856165,0.6962839199248774,0.0867981185712329,1,430.14,INTERVENE,0.475,299.4995653164867,1.5,0.25,297.7495653164867
T0019516,607.12,INSUFFICIENT_FUNDS,0.381861975449165,0.5890769269056519,0.2362760491016698,0,0.0,INTERVENE,0.475,357.6403838629594,1.5,0.25,355.8903838629594
T0045263,378.61,NETWORK_ERROR,0.5963889273253756,0.7278380314849068,0.1927778546507512,1,378.61,INTERVENE,0.475,275.5667571005006,1.5,0.25,273.8167571005006
T0010693,479.53,BANK_DECLINE,0.4674597480721209,0.6476998327017465,0.0650805038557582,1,479.53,INTERVENE,0.475,310.5915007754685,1.5,0.25,308.8415007754685
T0020397,601.75,BANK_DECLINE,0.3709839079254257,0.5814024520834014,0.2580321841491486,0,0.0,INTERVENE,0.475,349.85892554118675,1.5,0.25,348.10892554118675
T0029955,373.36,NETWORK_ERROR,0.5943407545321474,0.7266571869382785,0.1886815090642948,1,373.36,INTERVENE,0.475,271.30472731527567,1.5,0.25,269.55472731527567
T0036986,375.2,NETWORK_ERROR,0.5894676709953078,0.7238348681847375,0.1789353419906156,1,375.2,INTERVENE,0.475,271.5828425429135,1.5,0.25,269.8328425429135
T0008618,406.05,INSUFFICIENT_FUNDS,0.5380590273980966,0.6929916900557561,0.0761180547961932,1,406.05,INTERVENE,0.475,281.3892757471398,1.5,0.25,279.6392757471398
T0018355,365.31,NETWORK_ERROR,0.5942596995518677,0.7266103901645582,0.1885193991037355,0,0.0,INTERVENE,0.475,265.43804163101476,1.5,0.25,263.68804163101476
T0035129,476.71,INSUFFICIENT_FUNDS,0.4397370803501991,0.6291021277617695,0.1205258392996017,1,476.71,INTERVENE,0.475,299.89927532531317,1.5,0.25,298.14927532531317
T0022042,337.94,PAYMENT_TIMEOUT,0.6051714084510277,0.7328650818776161,0.2103428169020553,1,337.94,INTERVENE,0.475,247.6644257697216,1.5,0.25,245.9144257697216
T0042375,579.72,LIMIT_EXCEEDED,0.3502417104345779,0.5666620777339678,0.2995165791308442,1,579.72,INTERVENE,0.475,328.5053397039358,1.5,0.25,326.7553397039358
T0023498,484.89,LIMIT_EXCEEDED,0.4117002071815812,0.6098963769368695,0.1765995856368376,0,0.0,INTERVENE,0.475,295.73265421291865,1.5,0.25,293.98265421291865
T0042809,446.49,BANK_DECLINE,0.4413568163150211,0.6301999469734957,0.1172863673699576,0,0.0,INTERVENE,0.475,281.3779743241961,1.5,0.25,279.6279743241961
T0035863,362.46,INSUFFICIENT_FUNDS,0.5412565140607002,0.6949653908555312,0.0825130281214003,1,362.46,INTERVENE,0.475,251.89715556949582,1.5,0.25,250.14715556949582
T0030704,462.25,LIMIT_EXCEEDED,0.4165319837119156,0.6132324978509885,0.1669360325761688,0,0.0,INTERVENE,0.475,283.46672213161946,1.5,0.25,281.71672213161946
T0030786,415.77,BANK_DECLINE,0.4627636145020065,0.6445789852674253,0.0744727709959869,0,0.0,INTERVENE,0.475,267.9966047046374,1.5,0.25,266.2466047046374
T0018217,476.02,BANK_DECLINE,0.4028463241224306,0.6037566149747354,0.1943073517551388,1,476.02,INTERVENE,0.475,287.40022386027357,1.5,0.25,285.65022386027357
T0014339,405.46,LIMIT_EXCEEDED,0.4662398404753021,0.6468903335443693,0.0675203190493957,1,405.46,INTERVENE,0.475,262.2881546389,1.5,0.25,260.5381546389
T0001904,291.86,PAYMENT_TIMEOUT,0.643397789140613,0.754046983773912,0.2867955782812259,1,291.86,INTERVENE,0.475,220.07615268425397,1.5,0.25,218.32615268425397
T0004409,321.38,NETWORK_ERROR,0.576328283414335,0.7161358659088103,0.1526565668286699,0,0.0,INTERVENE,0.475,230.15174458577346,1.5,0.25,228.40174458577346
T0009771,461.34,BANK_DECLINE,0.4014085162660344,0.602756411668257,0.1971829674679311,1,461.34,INTERVENE,0.475,278.07564295903364,1.5,0.25,276.32564295903364
T0041443,364.47,INSUFFICIENT_FUNDS,0.504982338009212,0.6721674621049731,0.0099646760184239,0,0.0,INTERVENE,0.475,244.98487491339958,1.5,0.25,243.23487491339958
T0002288,320.46,NETWORK_ERROR,0.5736946001746208,0.7145771668084737,0.1473892003492416,1,320.46,INTERVENE,0.475,228.99339887544346,1.5,0.25,227.24339887544346
T0044092,426.11,BANK_DECLINE,0.4205033188963214,0.6159666041118295,0.1589933622073571,1,426.11,INTERVENE,0.475,262.46952967809165,1.5,0.25,260.71952967809165
T0002672,327.4,INSUFFICIENT_FUNDS,0.5382283691854725,0.6930963973225143,0.0764567383709449,0,0.0,INTERVENE,0.475,226.91976048339114,1.5,0.25,225.16976048339114
T0000191,300.35,NETWORK_ERROR,0.5817220425677668,0.7193119745242124,0.1634440851355336,1,300.35,INTERVENE,0.475,216.0453515483472,1.5,0.25,214.2953515483472
T0044793,386.63,BANK_DECLINE,0.4405474906330202,0.6296515724464549,0.1189050187339595,0,0.0,INTERVENE,0.475,243.44218745497284,1.5,0.25,241.69218745497284
T0019367,280.39,INSUFFICIENT_FUNDS,0.6058449248439892,0.73324815402584,0.2116898496879784,0,0.0,INTERVENE,0.475,205.59544990730527,1.5,0.25,203.84544990730527
T0025822,249.46,PAYMENT_TIMEOUT,0.6435621412903394,0.7541355664968006,0.2871242825806788,1,249.46,INTERVENE,0.475,188.12665841829187,1.5,0.25,186.37665841829187
T0019001,250.75,NETWORK_ERROR,0.6380300752980247,0.7511420809734314,0.2760601505960494,1,250.75,INTERVENE,0.475,188.34887680408792,1.5,0.25,186.59887680408792
T0005658,628.72,BANK_DECLINE,0.2478200264627361,0.4926387649621142,0.5043599470745277,0,0.0,INTERVENE,0.475,309.73184430698046,1.5,0.25,307.98184430698046
T0001558,374.45,BANK_DECLINE,0.4082361973225382,0.6074982726317064,0.1835276053549236,0,0.0,INTERVENE,0.475,227.47772818694247,1.5,0.25,225.72772818694247
T0016052,338.92,BANK_DECLINE,0.4441444289944146,0.6320861709968552,0.1117111420111707,1,338.92,INTERVENE,0.475,214.22664507425415,1.5,0.25,212.47664507425415
T0041575,357.06,BANK_DECLINE,0.4169072564952323,0.6134911668091936,0.1661854870095354,0,0.0,INTERVENE,0.475,219.05315602089067,1.5,0.25,217.30315602089067
T0017955,279.47,INSUFFICIENT_FUNDS,0.4904468200604305,0.6627909512122709,0.0191063598791388,1,279.47,INTERVENE,0.475,185.2301871352934,1.5,0.25,183.4801871352934
T0039103,242.71,NETWORK_ERROR,0.5544856490954306,0.7030549123420072,0.1089712981908612,0,0.0,INTERVENE,0.475,170.63845777452858,1.5,0.25,168.88845777452858
T0015600,230.4,NETWORK_ERROR,0.5693418881955876,0.7119898576148533,0.1386837763911752,1,230.4,INTERVENE,0.475,164.04246319446221,1.5,0.25,162.29246319446221
T0014645,304.35,BANK_DECLINE,0.4250865053317495,0.6191128500705947,0.1498269893365009,0,0.0,INTERVENE,0.475,188.4269959189855,1.5,0.25,186.6769959189855
T0035860,243.65,INSUFFICIENT_FUNDS,0.528905018296504,0.6873021742960925,0.057810036593008,1,243.65,INTERVENE,0.475,167.46117476724294,1.5,0.25,165.71117476724294
T0004475,429.62,BANK_DECLINE,0.2926713637709761,0.5252073570148502,0.4146572724580477,0,0.0,INTERVENE,0.475,225.63958472071997,1.5,0.25,223.88958472071997
T0028832,257.66,BANK_DECLINE,0.479606317028577,0.6557131518809832,0.040787365942846,1,257.66,INTERVENE,0.475,168.95105071365415,1.5,0.25,167.20105071365415
T0029260,302.98,BANK_DECLINE,0.406487211693107,0.6062854840378373,0.1870255766137859,0,0.0,INTERVENE,0.475,183.69237595378397,1.5,0.25,181.94237595378397
T0017251,208.77,INSUFFICIENT_FUNDS,0.5564051039223759,0.7042183047976118,0.1128102078447517,1,208.77,INTERVENE,0.475,147.01965549259742,1.5,0.25,145.26965549259742
T0016502,492.75,BANK_DECLINE,0.2356322783157568,0.48378788424092156,0.5287354433684863,1,492.75,INTERVENE,0.475,238.3864799597141,1.5,0.25,236.6364799597141
T0001103,278.71,INSUFFICIENT_FUNDS,0.3955694908833492,0.5986857737289317,0.2088610182333015,0,0.0,INTERVENE,0.475,166.85971199599055,1.5,0.25,165.10971199599055
T0004058,956.35,INSUFFICIENT_FUNDS,0.1145907131744675,0.3973107665998682,0.770818573651065,0,0.0,ABSTAIN,0.475,379.96815163778393,0.0,0.0,0.0
T0037538,220.56,INSUFFICIENT_FUNDS,0.4901075553133624,0.6625705266446633,0.0197848893732751,0,0.0,INTERVENE,0.475,146.13655535674695,1.5,0.25,144.38655535674695
T0008860,205.28,INSUFFICIENT_FUNDS,0.5172147903211869,0.6799536175244041,0.0344295806423737,1,205.28,INTERVENE,0.475,139.58087860540968,1.5,0.25,137.83087860540968
T0034892,221.27,BANK_DECLINE,0.466122805440571,0.646812627707896,0.0677543891188579,1,221.27,INTERVENE,0.475,143.12023013292617,1.5,0.25,141.37023013292617
T0040635,194.97,INSUFFICIENT_FUNDS,0.5076225053980141,0.6738561961706226,0.0152450107960282,0,0.0,INTERVENE,0.475,131.38174256738628,1.5,0.25,129.63174256738628
T0040793,199.48,LIMIT_EXCEEDED,0.4220313839233073,0.6170166769911313,0.1559372321533854,0,0.0,INTERVENE,0.475,123.08248672619087,1.5,0.25,121.33248672619087
T0008036,197.03,INSUFFICIENT_FUNDS,0.4252322661571702,0.6192127489974125,0.1495354676856595,1,197.03,INTERVENE,0.475,122.00348793496019,1.5,0.25,120.25348793496019
T0004593,550.79,NETWORK_ERROR,0.1304065657544532,0.40836860646458567,0.7391868684910934,0,0.0,ABSTAIN,0.475,224.92534475462912,0.0,0.0,0.0
T0045469,110.46,NETWORK_ERROR,0.5743320270439937,0.7149548879187541,0.1486640540879873,1,110.46,INTERVENE,0.475,78.97391691950557,1.5,0.25,77.22391691950557
T0002337,103.68,NETWORK_ERROR,0.5937604647913978,0.7263220487898537,0.1875209295827955,1,103.68,INTERVENE,0.475,75.30507001853204,1.5,0.25,73.55507001853204
