transaction_id,amount,failure_reason,treatment,recovered,recovered_amount,intervention_cost,customer_friction_cost,predicted_control_probability,predicted_treatment_probability,predicted_uplift,expected_incremental_recovered_value,predicted_incremental_net_value
T0014488,9490.22,NETWORK_ERROR,0,1,6907.236674328646,0.0,0.0,0.5550594921985676,0.6443845393051848,0.08932504710661715,847.7143485521601,847.7143485521601
T0017466,5768.13,NETWORK_ERROR,0,0,0.0,0.0,0.0,0.5434001243753794,0.6832846343534801,0.13988450997810065,806.8720385399816,806.8720385399816
T0045321,5159.02,NETWORK_ERROR,0,0,0.0,0.0,0.0,0.5691677781888578,0.7028331950420467,0.1336654168531889,689.5825588539386,689.5825588539386
T0004825,4300.34,NETWORK_ERROR,1,1,3550.347055557,1.5,0.25,0.5409863189695285,0.6990349283200455,0.158048609350517,679.6627567344024,677.9127567344024
T0001623,4475.23,NETWORK_ERROR,0,1,3168.3434833746483,0.0,0.0,0.5511478505709925,0.7019148232120769,0.1507669726410844,674.7168789725602,674.7168789725602
T0038230,11837.46,NETWORK_ERROR,0,0,0.0,0.0,0.0,0.5622082248128865,0.6186969522953135,0.05648872748242706,668.6830520241309,668.6830520241309
T0018044,5641.17,NETWORK_ERROR,0,1,4150.057046405621,0.0,0.0,0.5916973147314064,0.7082759725236355,0.11657865779222909,657.640026977789,657.640026977789
T0045689,2374.4,NETWORK_ERROR,1,0,0.0,1.5,0.25,0.33185218205084294,0.598931779447376,0.26707959739653303,634.153796058328,632.403796058328
T0034042,4600.71,NETWORK_ERROR,1,1,4234.574176930057,1.5,0.25,0.5824271912419946,0.715373703701971,0.13294651245997635,611.6483493397378,609.8983493397378
T0036346,2934.57,NETWORK_ERROR,0,0,0.0,0.0,0.0,0.4873970560030457,0.6889005081693825,0.2015034521663368,591.325985623767,591.325985623767
T0034611,5469.4,NETWORK_ERROR,0,1,4116.292062923824,0.0,0.0,0.6154422569748835,0.7215722605426609,0.10613000356777735,580.4674415136014,580.4674415136014
T0021895,3974.88,NETWORK_ERROR,0,1,3404.784987327387,0.0,0.0,0.5766556750214087,0.7195144653102901,0.14285879028888138,567.8465483434688,567.8465483434688
T0005295,4928.56,NETWORK_ERROR,0,1,4030.94824268264,0.0,0.0,0.6138233322228122,0.7266350036053896,0.11281167138257742,555.9990911093158,555.9990911093158
T0022056,3873.91,NETWORK_ERROR,1,1,3462.8386751736243,1.5,0.25,0.57849097879914,0.7214674544031451,0.14297647560400506,553.8779986071112,552.1279986071112
T0027274,3091.65,NETWORK_ERROR,1,1,2706.5102080880647,1.5,0.25,0.5285735387330045,0.706779156071262,0.17820561733825746,550.9493968438237,549.1993968438237
T0044921,2588.01,NETWORK_ERROR,1,1,1815.8563381185315,1.5,0.25,0.48145525084208607,0.6900255468863021,0.20857029604421606,539.7820118653916,538.0320118653916
T0022824,2879.41,NETWORK_ERROR,1,0,0.0,1.5,0.25,0.5223350122748582,0.7062227123606557,0.18388770008579747,529.488082504046,527.738082504046
T0029592,4308.03,NETWORK_ERROR,0,0,0.0,0.0,0.0,0.6112000678135503,0.732017647775225,0.12081757996167475,520.4857590022937,520.4857590022937
T0041502,1949.37,NETWORK_ERROR,1,1,1478.66980255745,1.5,0.25,0.3589534503991543,0.6239114339488094,0.26495798354965516,516.5011443921912,514.7511443921912
T0009806,2059.37,NETWORK_ERROR,0,1,1633.484572739129,0.0,0.0,0.4046627396415243,0.65282329576437,0.2481605561228457,511.0544044627047,511.0544044627047
T0042949,3438.61,NETWORK_ERROR,1,1,2588.728275075863,1.5,0.25,0.5963897521603443,0.7343720603825294,0.13798230822218516,474.4673448758881,472.7173448758881
T0019405,3359.61,NETWORK_ERROR,0,1,2711.913768244121,0.0,0.0,0.5972364220251067,0.735589155228745,0.13835273320363828,464.81122599827523,464.81122599827523
T0043760,3251.86,NETWORK_ERROR,1,1,3183.2457093710395,1.5,0.25,0.5909069439715746,0.7338384965886073,0.14293155261703272,464.79339869322405,463.04339869322405
T0037656,3488.31,NETWORK_ERROR,1,1,3152.93725844811,1.5,0.25,0.6051560544416187,0.7378528369507762,0.1326967825091575,462.8875133945192,461.1375133945192
T0034422,2357.39,NETWORK_ERROR,0,1,1721.6769993544665,0.0,0.0,0.5123914842414581,0.7073990422127641,0.19500755797130598,459.708867085977,459.708867085977
T0041250,3761.39,NETWORK_ERROR,0,1,3269.5075422614163,0.0,0.0,0.6200331870462864,0.7418134331440851,0.1217802460977987,458.062999869799,458.062999869799
T0010979,3526.31,NETWORK_ERROR,1,1,2696.0525904817987,1.5,0.25,0.6135000264530196,0.741261578191354,0.12776155173833437,450.52683751040587,448.77683751040587
T0012051,4494.92,NETWORK_ERROR,1,1,3444.1846976001384,1.5,0.25,0.6506246478972747,0.7484120186493961,0.0977873707521214,439.5464085411256,437.7964085411256
T0022506,2950.24,NETWORK_ERROR,1,0,0.0,1.5,0.25,0.5894531561986642,0.7363494291933982,0.14689627299473396,433.37926043998385,431.62926043998385
T0012678,2000.63,NETWORK_ERROR,1,1,1529.0773494031316,1.5,0.25,0.4863654115859789,0.6991221976296574,0.21275678604367854,425.6476088625646,423.8976088625646
T0034352,3856.22,NETWORK_ERROR,0,0,0.0,0.0,0.0,0.6489301223706168,0.7540686394342825,0.10513851706366573,405.437252271249,405.437252271249
T0024850,2900.37,NETWORK_ERROR,0,1,2881.779333583355,0.0,0.0,0.6046251810966383,0.7437063963816656,0.13908121528502726,403.3869843762345,403.3869843762345
T0005932,3070.19,NETWORK_ERROR,0,0,0.0,0.0,0.0,0.6161986373643642,0.7471692277259414,0.1309705903615772,402.10459682221074,402.10459682221074
T0019706,4802.65,NETWORK_ERROR,1,1,4303.471913160272,1.5,0.25,0.6710732993589253,0.7548845544180142,0.08381125505908882,402.5161241095329,400.7661241095329
T0020058,2542.15,NETWORK_ERROR,1,1,1975.826877530886,1.5,0.25,0.5776828269591086,0.7353217632816941,0.15763893632258552,400.7418219724608,398.9918219724608
T0035132,3389.91,NETWORK_ERROR,1,0,0.0,1.5,0.25,0.6353173476649792,0.752552896322092,0.11723554865711283,397.41795874823333,395.66795874823333
T0036675,3451.27,NETWORK_ERROR,0,1,2908.8253591217085,0.0,0.0,0.6394196389734867,0.7537933542646266,0.11437371529113982,394.73457237285214,394.73457237285214
T0027780,1916.91,NETWORK_ERROR,0,1,1716.5945159337807,0.0,0.0,0.5039961720966576,0.708390176988155,0.2043940048914974,391.8049119165603,391.8049119165603
T0037318,2936.81,NETWORK_ERROR,1,1,2564.0063094575944,1.5,0.25,0.6209554167542777,0.7506572325943708,0.1297018158400931,380.9095897773438,379.1595897773438
T0043797,2373.09,NETWORK_ERROR,0,1,2267.828273383652,0.0,0.0,0.5860905255921285,0.7408542732814419,0.15476374768931345,367.2683020040329,367.2683020040329
T0037614,1224.74,NETWORK_ERROR,1,0,0.0,1.5,0.25,0.2302878801753747,0.5310864394754242,0.3007985593000495,368.40002751714263,366.65002751714263
T0015765,1432.74,NETWORK_ERROR,0,1,1415.7994093985226,0.0,0.0,0.406832322521059,0.6622078481080378,0.2553755255869788,365.886730529488,365.886730529488
T0027186,2678.26,NETWORK_ERROR,0,1,2203.138853987852,0.0,0.0,0.6154317628256438,0.7508027315928402,0.13537096876719634,362.5586508104313,362.5586508104313
T0002531,1617.0,NETWORK_ERROR,0,0,0.0,0.0,0.0,0.5001990255710471,0.709959685243974,0.2097606596729269,339.1829866911228,339.1829866911228
T0032496,2420.0,NETWORK_ERROR,0,1,2367.368528087786,0.0,0.0,0.6155769718473326,0.7534654961521384,0.1378885243048058,333.69022881763004,333.69022881763004
T0036337,1637.58,NETWORK_ERROR,0,1,1383.561074349361,0.0,0.0,0.5165073435968156,0.7172777116834297,0.20077036808661408,328.7775393712775,328.7775393712775
T0015660,3006.49,NETWORK_ERROR,1,1,2208.5613348748907,1.5,0.25,0.6562451197802286,0.765737572310798,0.10949245253056938,329.18796360863155,327.43796360863155
T0009157,1427.3,NETWORK_ERROR,1,1,1400.1825953597286,1.5,0.25,0.46936437952830395,0.697518218825452,0.228153839297148,325.64397482881935,323.89397482881935
T0039628,1642.36,NETWORK_ERROR,0,0,0.0,0.0,0.0,0.5264901822308818,0.7217909650293229,0.1953007827984411,320.7541936368477,320.7541936368477
T0019010,2455.74,NETWORK_ERROR,1,1,2005.6741075059692,1.5,0.25,0.6304771022198996,0.7596860502070689,0.1292089479871693,317.30358193001115,315.55358193001115
T0044879,2116.81,NETWORK_ERROR,0,1,1996.7633143271464,0.0,0.0,0.6069401632434878,0.7527021211608259,0.14576195791733815,308.55037013900056,308.55037013900056
T0037764,1501.11,NETWORK_ERROR,1,0,0.0,1.5,0.25,0.5108721871342303,0.7161840931175204,0.20531190598329008,308.19575519057656,306.44575519057656
T0017889,1445.13,NETWORK_ERROR,0,1,1162.4195544207373,0.0,0.0,0.5012676597192568,0.7123642929437229,0.21109663322446615,305.0620775716728,305.0620775716728
T0004062,2161.46,NETWORK_ERROR,1,1,1879.4399902135533,1.5,0.25,0.6239655998287381,0.7597244425886075,0.13575884275986938,293.43730827174727,291.68730827174727
T0012181,1167.93,NETWORK_ERROR,1,1,842.0535751052312,1.5,0.25,0.42654143306829134,0.6777509356537151,0.2512095025854238,293.395114354594,291.645114354594
T0001406,1775.79,NETWORK_ERROR,0,1,1747.7253060176022,0.0,0.0,0.581037086818384,0.7447745119983418,0.16373742517995782,290.7632822603173,290.7632822603173
T0037771,936.07,NETWORK_ERROR,1,1,864.3963167204288,1.5,0.25,0.2304630425910405,0.535315763726217,0.30485272113517653,285.36348667300473,283.61348667300473
T0026292,4568.22,NETWORK_ERROR,1,1,3385.797363619269,1.5,0.25,0.7164614520238356,0.7785753522547406,0.06211390023090502,283.74996131282495,281.99996131282495
T0027169,2252.63,NETWORK_ERROR,1,1,1957.0858543994684,1.5,0.25,0.6418431048328281,0.7666571729652297,0.12481406813240159,281.1599142970918,279.4099142970918
T0038703,1318.42,NETWORK_ERROR,0,1,1111.9342992937025,0.0,0.0,0.5128069630615428,0.7190718772478031,0.20626491418626025,271.9437881614493,271.9437881614493
T0000486,1604.18,NETWORK_ERROR,0,0,0.0,0.0,0.0,0.5763560013983658,0.7444771766269777,0.1681211752286118,269.6966268782345,269.6966268782345
T0007500,1453.5,NETWORK_ERROR,0,1,1120.5149678489945,0.0,0.0,0.5487111550402463,0.7338187390426639,0.18510758400241767,269.05387334751407,269.05387334751407
T0005609,1364.02,NETWORK_ERROR,0,1,1029.6204457129782,0.0,0.0,0.5347182124927338,0.7285092847126695,0.19379107221993574,264.3348983294367,264.3348983294367
T0002943,1617.79,NETWORK_ERROR,1,1,1407.856565085688,1.5,0.25,0.5847049229457019,0.7479994146016795,0.16329449165597765,264.1761956561241,262.4261956561241
T0010183,889.34,NETWORK_ERROR,1,1,836.7054629321466,1.5,0.25,0.2974867964408121,0.5932566412647933,0.29576984482398117,263.0399537957594,261.2899537957594
T0026495,1857.06,NETWORK_ERROR,0,1,1684.4240456140124,0.0,0.0,0.6247888734593846,0.7630671700602932,0.13827829660090862,256.79109348568335,256.79109348568335
T0022061,1842.33,PAYMENT_TIMEOUT,1,1,1416.0031959457478,1.5,0.25,0.28506058066989254,0.42089419043743714,0.1358336097675446,250.25033428304044,248.50033428304044
T0019048,1620.69,NETWORK_ERROR,0,1,1156.4181051670712,0.0,0.0,0.6059116388750324,0.7572066094774,0.15129497060236763,245.2022459055512,245.2022459055512
T0036030,1101.5,NETWORK_ERROR,1,1,872.9387072462173,1.5,0.25,0.4846430933221328,0.7084379468986484,0.22379485357651557,246.5100312145319,244.7600312145319
T0028584,1563.76,NETWORK_ERROR,0,1,1549.1008390157242,0.0,0.0,0.6072991561725689,0.7583715469582009,0.15107239078563195,236.24096181493982,236.24096181493982
T0042084,1459.62,NETWORK_ERROR,1,1,1055.642177630352,1.5,0.25,0.5905959719733413,0.7521690561083189,0.1615730841349775,235.83530506509584,234.08530506509584
T0025062,892.61,NETWORK_ERROR,0,0,0.0,0.0,0.0,0.4241441783516517,0.6797005768336577,0.255556398482006,228.11219684902338,228.11219684902338
T0033862,759.17,NETWORK_ERROR,1,0,0.0,1.5,0.25,0.2751407017695705,0.5771456911428552,0.3020049893732847,229.27312778251653,227.52312778251653
T0021693,1025.58,NETWORK_ERROR,0,1,791.9794604327791,0.0,0.0,0.4902775531694862,0.7119105190990379,0.22163296592955173,227.30233719802965,227.30233719802965
T0027356,1340.14,NETWORK_ERROR,0,1,1259.966240022956,0.0,0.0,0.5840501111729668,0.7505298022712048,0.16647969109823801,223.10609322839272,223.10609322839272
T0005571,1026.69,NETWORK_ERROR,1,1,856.7442527009792,1.5,0.25,0.49865633400048487,0.7157738687483788,0.21711753474789391,222.9124017503152,221.1624017503152
T0008028,2138.02,PAYMENT_TIMEOUT,0,1,1522.3311799024575,0.0,0.0,0.3945721155221533,0.49688735647818016,0.10231524095602684,218.75203146880452,218.75203146880452
T0017328,1149.3,NETWORK_ERROR,0,1,1084.521875787686,0.0,0.0,0.5583457691551535,0.741259654771123,0.18291388561596944,210.22292873843367,210.22292873843367
T0028023,2019.19,PAYMENT_TIMEOUT,0,0,0.0,0.0,0.0,0.39483161180710363,0.4986469387685726,0.10381532696146895,209.6228700473285,209.6228700473285
T0019587,1216.68,NETWORK_ERROR,1,1,1005.6222999550656,1.5,0.25,0.5833491270658789,0.7514720185586284,0.1681228914927495,204.55175962139847,202.80175962139847
T0022537,721.78,NETWORK_ERROR,0,0,0.0,0.0,0.0,0.3897190045808819,0.6603625363427368,0.2706435317618549,195.34508835507162,195.34508835507162
T0023062,1156.07,NETWORK_ERROR,0,1,830.17299482873,0.0,0.0,0.5985375361208934,0.758626333332951,0.1600887972120576,185.07385579294342,185.07385579294342
T0008724,1121.91,NETWORK_ERROR,1,1,902.3545582976244,1.5,0.25,0.5901436997252996,0.7553569317021277,0.16521323197682813,185.35437708712325,183.60437708712325
T0013964,1216.47,NETWORK_ERROR,0,1,1010.19065676024,0.0,0.0,0.6280140405871302,0.7706321619845781,0.1426181213974479,173.49066613635344,173.49066613635344
T0004593,550.79,NETWORK_ERROR,0,0,0.0,0.0,0.0,0.13453512055399255,0.4308223366365977,0.2962872160826051,163.19203574613806,163.19203574613806
T0013361,982.62,NETWORK_ERROR,1,1,739.4747788759998,1.5,0.25,0.590915139334851,0.7570745027971284,0.16615936346227744,163.27151372530307,161.52151372530307
T0006204,1155.21,NETWORK_ERROR,1,1,984.7678611242928,1.5,0.25,0.6317037829323185,0.772782255289992,0.14107847235767346,162.97526205230795,161.22526205230795
T0023526,1889.73,PAYMENT_TIMEOUT,0,1,1552.4098283491471,0.0,0.0,0.44540000297052973,0.5297628706866729,0.08436286771614321,159.42304200922732,159.42304200922732
T0007204,2259.71,LIMIT_EXCEEDED,1,1,2258.9165959337724,1.5,0.25,0.21361331799915018,0.28377287055255385,0.07015955255340367,158.5402425004518,156.7902425004518
T0007755,1417.61,PAYMENT_TIMEOUT,1,1,1072.23919780337,1.5,0.25,0.39614029624053165,0.5075506706766989,0.11141037443616725,157.93646090445503,156.18646090445503
T0008368,913.32,NETWORK_ERROR,0,1,767.4128938652709,0.0,0.0,0.5862493398490385,0.7557629340187707,0.16951359416973222,154.82015582709982,154.82015582709982
T0028245,1069.29,NETWORK_ERROR,0,1,950.940590222544,0.0,0.0,0.6344776643130425,0.7747687614945558,0.14029109718151322,150.01186730522028,150.01186730522028
T0009029,2316.16,PAYMENT_TIMEOUT,0,0,0.0,0.0,0.0,0.47906096550430655,0.543069778981121,0.06400881347681442,148.2546534224585,148.2546534224585
T0004637,564.45,NETWORK_ERROR,1,1,518.4543748246682,1.5,0.25,0.4096141801580473,0.6748638304997995,0.2652496503417522,149.72016513540203,147.97016513540203
T0008294,974.15,NETWORK_ERROR,1,1,767.0445761551938,1.5,0.25,0.6178995871842538,0.7686553803965246,0.15075579321227084,146.85875595773362,145.10875595773362
T0042807,1080.42,NETWORK_ERROR,0,1,1046.9557315722068,0.0,0.0,0.6603370607889062,0.7855795807306851,0.12524251994177893,135.3145233954968,135.3145233954968
T0005622,718.44,NETWORK_ERROR,0,1,707.5111316012312,0.0,0.0,0.5749804883713764,0.7528770674609057,0.17789657908952927,127.80801828108142,127.80801828108142
T0030460,601.56,NETWORK_ERROR,1,1,465.4646754356288,1.5,0.25,0.5127218207548869,0.7267906766985233,0.21406885594363634,128.77526098145387,127.02526098145387
T0017842,521.56,NETWORK_ERROR,1,1,461.9326083294592,1.5,0.25,0.4659185600573968,0.7061216974343354,0.2402031373769386,125.28034833031609,123.53034833031609
T0021765,704.2,NETWORK_ERROR,0,1,505.1815334871253,0.0,0.0,0.5991361158706965,0.7633176877874922,0.16418157191679572,115.61666294380755,115.61666294380755
T0004910,584.8,NETWORK_ERROR,1,1,481.6138131664028,1.5,0.25,0.567010659856253,0.7507992486014458,0.18378858874519277,107.47956669818872,105.72956669818872
T0010074,694.6,NETWORK_ERROR,1,1,547.9629169938972,1.5,0.25,0.6249107378395673,0.7742701848208037,0.14935944698123638,103.7450718731668,101.9950718731668
T0019419,555.68,NETWORK_ERROR,1,1,467.03204825474313,1.5,0.25,0.5692189196364141,0.7520412734238618,0.1828223537874477,101.59072555260893,99.84072555260893
T0026587,660.2,NETWORK_ERROR,0,1,597.0841153609202,0.0,0.0,0.6247847787085975,0.7745416298072495,0.149756851098652,98.86947309533005,98.86947309533005
T0042165,682.19,NETWORK_ERROR,1,1,517.4790849760966,1.5,0.25,0.6297562746252481,0.7764168386218471,0.146660563996599,100.05037015283988,98.30037015283988
T0027560,466.83,NETWORK_ERROR,0,0,0.0,0.0,0.0,0.525093551050025,0.7337435526440536,0.20865000159402858,97.40408024414036,97.40408024414036
T0017693,1697.98,PAYMENT_TIMEOUT,1,0,0.0,1.5,0.25,0.510879555627677,0.5690372168346874,0.05815766120701049,98.75054557627968,97.00054557627968
T0000192,615.14,NETWORK_ERROR,0,1,500.4135629808858,0.0,0.0,0.6193105468076456,0.7726736696583588,0.15336312285071318,94.3397913903877,94.3397913903877
T0001000,2656.77,LIMIT_EXCEEDED,0,0,0.0,0.0,0.0,0.33338597542739806,0.3688119324034536,0.03542595697605555,94.1186197152751,94.1186197152751
T0036279,580.6,NETWORK_ERROR,0,0,0.0,0.0,0.0,0.6050252931517516,0.7670036267869713,0.16197833363521974,94.04462050860859,94.04462050860859
T0027304,430.14,NETWORK_ERROR,1,1,366.2999446065457,1.5,0.25,0.5113723074675772,0.7280213719473804,0.21664906447980314,93.18942859534252,91.43942859534252
T0020069,604.98,NETWORK_ERROR,0,1,603.905151233472,0.0,0.0,0.6236770288524144,0.7745980874749145,0.15092105862250016,91.30422204544016,91.30422204544016
T0030466,576.66,NETWORK_ERROR,1,1,532.904619357369,1.5,0.25,0.6138183294555669,0.7707366357336352,0.15691830627806824,90.48851049831083,88.73851049831083
T0012291,477.65,NETWORK_ERROR,0,1,458.6524560901568,0.0,0.0,0.5802473680091759,0.7575305159406477,0.17728314793147182,84.67929560946752,84.67929560946752
T0015778,1788.51,LIMIT_EXCEEDED,0,1,1498.6154922809685,0.0,0.0,0.33590609964911344,0.38212615880266143,0.04622005915354799,82.66503799671212,82.66503799671212
T0016021,2132.52,PAYMENT_TIMEOUT,1,1,1835.985368148045,1.5,0.25,0.5411843360670795,0.5800451240844632,0.038860788017383685,82.87140766283106,81.12140766283106
T0015931,476.58,NETWORK_ERROR,0,0,0.0,0.0,0.0,0.597134671520643,0.7646871515166941,0.16755247999605105,79.852160916518,79.852160916518
T0034584,436.71,NETWORK_ERROR,0,1,403.8719664697719,0.0,0.0,0.5765457962927583,0.7563625953076221,0.1798167990148638,78.52779429778117,78.52779429778117
T0037966,2641.52,LIMIT_EXCEEDED,0,0,0.0,0.0,0.0,0.3541505235592225,0.38359657758041776,0.029446054021195267,77.78234061806772,77.78234061806772
T0044094,2674.62,LIMIT_EXCEEDED,1,1,2301.1901584239963,1.5,0.25,0.35337472633571987,0.38261198940586283,0.02923726307014296,78.19856855266576,76.44856855266576
T0028547,1301.5,LIMIT_EXCEEDED,0,1,1033.7871541998463,0.0,0.0,0.31638225094692823,0.37451259762223166,0.058130346675303424,75.6566461979074,75.6566461979074
T0032633,439.8,NETWORK_ERROR,0,1,324.7870125279572,0.0,0.0,0.6102936758591683,0.7705653957020745,0.16027171984290622,70.48750238691017,70.48750238691017
T0023828,2744.33,PAYMENT_TIMEOUT,1,1,2026.4565862113825,1.5,0.25,0.5519136429891768,0.5779366513509786,0.026023008361801825,71.4157225375436,69.6657225375436
T0027976,1094.02,PAYMENT_TIMEOUT,0,1,1007.5617085991424,0.0,0.0,0.5166639611605939,0.580195367314612,0.06353140615401809,69.50462896061887,69.50462896061887
T0012720,455.06,NETWORK_ERROR,1,1,360.2892356269317,1.5,0.25,0.6204526711839411,0.7746635272999416,0.1542108561160005,70.17519218414718,68.42519218414718
T0011091,1931.07,LIMIT_EXCEEDED,0,0,0.0,0.0,0.0,0.3670162530511214,0.40218619416620316,0.03516994111508176,67.91561818910093,67.91561818910093
T0035884,1130.98,PAYMENT_TIMEOUT,0,0,0.0,0.0,0.0,0.5238058120197652,0.5836316987305609,0.059825886710795695,67.66188135217571,67.66188135217571
T0006704,836.96,PAYMENT_TIMEOUT,1,1,705.6913526097429,1.5,0.25,0.48232920441989113,0.5646309593870903,0.08230175496719916,68.88327683734701,67.13327683734701
T0027843,1270.66,PAYMENT_TIMEOUT,1,1,923.9905559555924,1.5,0.25,0.5330431555874758,0.5868686721933927,0.053825516605916834,68.39393093047428,66.64393093047428
T0036986,375.2,NETWORK_ERROR,0,1,345.5430533845245,0.0,0.0,0.5845870020086636,0.7603822983930534,0.17579529638438973,65.95839520342302,65.95839520342302
T0045263,378.61,NETWORK_ERROR,0,0,0.0,0.0,0.0,0.595142918340996,0.7648001152045073,0.16965719686351133,64.23391130449403,64.23391130449403
T0029955,373.36,NETWORK_ERROR,0,1,288.9871797901286,0.0,0.0,0.5920112847209821,0.7635332899347144,0.1715220052137323,64.03945586659908,64.03945586659908
T0028677,2525.76,PAYMENT_TIMEOUT,1,0,0.0,1.5,0.25,0.558636329188038,0.5845343839244367,0.025898054736398723,65.41227073100644,63.662270731006444
T0018355,365.31,NETWORK_ERROR,0,0,0.0,0.0,0.0,0.5918423510925593,0.7635405996859359,0.17169824859337657,62.72308719364639,62.72308719364639
T0020380,1378.31,PAYMENT_TIMEOUT,1,1,1217.966101506539,1.5,0.25,0.5472904457874299,0.5932719233556225,0.0459814775681926,63.37673034701554,61.62673034701554
T0015759,2677.85,BANK_DECLINE,1,1,2036.6660659167824,1.5,0.25,0.3162940637625097,0.3398759272774931,0.023581863514983425,63.148693213598364,61.398693213598364
T0002288,320.46,NETWORK_ERROR,0,0,0.0,0.0,0.0,0.5597042904404941,0.7503338095211489,0.19062951908065484,61.089135684586644,61.089135684586644
T0042048,2616.95,PAYMENT_TIMEOUT,1,1,2113.45362853669,1.5,0.25,0.5618679059367966,0.5851307907890976,0.02326288485230099,60.87780651422907,59.12780651422907
T0004409,321.38,NETWORK_ERROR,1,1,264.7247149870526,1.5,0.25,0.5638621843214588,0.7521055706843077,0.18824338636284887,60.49765950929237,58.74765950929237
T0041511,2597.54,PAYMENT_TIMEOUT,0,1,2154.544361851415,0.0,0.0,0.564593382716489,0.5868960565305622,0.02230267381407325,57.93208733900782,57.93208733900782
T0038915,1699.39,LIMIT_EXCEEDED,1,1,1305.7948457315065,1.5,0.25,0.38385456276024815,0.417111897153721,0.03325733439347284,56.51718149492381,54.76718149492381
T0001779,1350.33,PAYMENT_TIMEOUT,1,1,959.480755206926,1.5,0.25,0.5590273092099853,0.6000614866442409,0.041034177434255525,55.40968081479826,53.65968081479826
T0031813,1122.07,BANK_DECLINE,0,0,0.0,0.0,0.0,0.3017057726517949,0.3493637661835271,0.04765799353173222,53.47560480215077,53.47560480215077
T0000191,300.35,NETWORK_ERROR,1,1,289.8554559109582,1.5,0.25,0.5721837968684568,0.7558647221430775,0.18368092527462077,55.16856590623235,53.41856590623235
T0003123,1156.41,PAYMENT_TIMEOUT,1,0,0.0,1.5,0.25,0.5535454389550502,0.5995754662266679,0.04603002727161776,53.229583837171496,51.479583837171496
T0039103,242.71,NETWORK_ERROR,1,0,0.0,1.5,0.25,0.5284246981285745,0.7375664984613717,0.20914180033279717,50.7608063587732,49.0108063587732
T0023298,1053.26,PAYMENT_TIMEOUT,0,1,897.091764687782,0.0,0.0,0.5585951912206935,0.6036655391945152,0.0450703479738217,47.47079470690744,47.47079470690744
T0011407,2414.38,LIMIT_EXCEEDED,0,0,0.0,0.0,0.0,0.3968386154220355,0.4162483427588124,0.019409727336776872,46.862457487367344,46.862457487367344
T0042583,3936.84,LIMIT_EXCEEDED,0,0,0.0,0.0,0.0,0.35547220466393786,0.3673158908185665,0.011843686154628663,46.626697400988306,46.626697400988306
T0019360,959.03,LIMIT_EXCEEDED,0,0,0.0,0.0,0.0,0.36816136003472516,0.41630183552782135,0.04814047549309619,46.16816021214404,46.16816021214404
T0006532,1387.59,LIMIT_EXCEEDED,0,1,1191.6864446800007,0.0,0.0,0.3982700550585563,0.43144854620206574,0.03317849114350946,46.03814252582229,46.03814252582229
T0042579,1124.12,BANK_DECLINE,1,1,1003.4746366281958,1.5,0.25,0.32043566615812424,0.3628284567217201,0.04239279056359585,47.654583728349365,45.904583728349365
T0023520,1370.52,BANK_DECLINE,1,1,1069.5887993575984,1.5,0.25,0.335825923309765,0.3705095602343771,0.03468363692461207,47.53461807791933,45.78461807791933
T0010518,1385.67,LIMIT_EXCEEDED,1,1,1286.1287421948284,1.5,0.25,0.3953467039726804,0.4294448457803156,0.03409814180763521,47.24877215858588,45.49877215858588
T0012549,1303.25,PAYMENT_TIMEOUT,1,0,0.0,1.5,0.25,0.5709939569578376,0.6072156124573463,0.03622165549950873,47.205872529734755,45.455872529734755
T0015600,230.4,NETWORK_ERROR,0,0,0.0,0.0,0.0,0.5522745924885974,0.7480557851627758,0.19578119267417837,45.107986792130696,45.107986792130696
T0010429,807.29,PAYMENT_TIMEOUT,0,0,0.0,0.0,0.0,0.5437251687522558,0.5987425403869487,0.05501737163469289,44.41497394697122,44.41497394697122
T0024029,1022.9,LIMIT_EXCEEDED,0,0,0.0,0.0,0.0,0.38445583540832295,0.4268814904371441,0.04242565502882112,43.39720252898112,43.39720252898112
T0023557,909.83,PAYMENT_TIMEOUT,1,0,0.0,1.5,0.25,0.553813231973575,0.6029108873560811,0.0490976553825061,44.67051979666553,42.92051979666553
T0017254,3815.13,PAYMENT_TIMEOUT,0,0,0.0,0.0,0.0,0.5535116707939803,0.5646770289443628,0.011165358150382443,42.59729284026857,42.59729284026857
T0016648,640.92,PAYMENT_TIMEOUT,0,1,531.3144217265815,0.0,0.0,0.523800755343234,0.5900416403924612,0.0662408850492272,42.4551080457507,42.4551080457507
T0023506,1115.69,LIMIT_EXCEEDED,0,1,946.4335345757712,0.0,0.0,0.3968577561326291,0.4342505069192366,0.03739275078660753,41.71871812511016,41.71871812511016
T0004058,956.35,INSUFFICIENT_FUNDS,0,1,743.3553476457072,0.0,0.0,0.14967496061525934,0.19240329915808216,0.04272833854282282,40.863246565428604,40.863246565428604
T0013432,1806.14,LIMIT_EXCEEDED,1,0,0.0,1.5,0.25,0.41097649867403385,0.43440962147676715,0.023433122802733297,42.32350041892872,40.57350041892872
T0016479,1580.83,PAYMENT_TIMEOUT,1,1,1123.606010790104,1.5,0.25,0.5855439882711573,0.6116269155018376,0.026082927230680286,41.23267385407632,39.48267385407632
T0042375,579.72,LIMIT_EXCEEDED,0,0,0.0,0.0,0.0,0.3174928420902327,0.384948202267971,0.06745536017773829,39.10522140223844,39.10522140223844
T0005658,628.72,BANK_DECLINE,1,1,564.3040086112692,1.5,0.25,0.26388334111141304,0.32748972255259545,0.06360638144118241,39.99060413970021,38.24060413970021
T0022596,1042.99,PAYMENT_TIMEOUT,0,1,937.3965224884008,0.0,0.0,0.5778661091247607,0.6143055979509993,0.0364394888262386,38.006022450878596,38.006022450878596
T0044954,988.27,PAYMENT_TIMEOUT,1,1,724.6166389141509,1.5,0.25,0.5714782488293189,0.6115239236063424,0.04004567477702359,39.5759390118891,37.8259390118891
T0014501,1483.74,PAYMENT_TIMEOUT,0,1,1107.9491660195467,0.0,0.0,0.5902686365719566,0.6154631271705331,0.02519449059857648,37.38207348073187,37.38207348073187
T0037832,3137.03,LIMIT_EXCEEDED,0,0,0.0,0.0,0.0,0.3914431046760487,0.4026462284316887,0.011203123755639977,35.14453531515528,35.14453531515528
T0030928,621.54,PAYMENT_TIMEOUT,1,1,482.2593655413886,1.5,0.25,0.5410606803941336,0.5996991198931793,0.05863843949904568,36.44613568623685,34.69613568623685
T0016500,2967.37,INSUFFICIENT_FUNDS,0,0,0.0,0.0,0.0,0.20246519172134086,0.2139759367670335,0.011510745045692633,34.156639526236944,34.156639526236944
T0031500,795.89,BANK_DECLINE,0,1,753.0327426972873,0.0,0.0,0.334849838815552,0.3774301112467661,0.042580272431214095,33.889213025278984,33.889213025278984
T0016502,492.75,BANK_DECLINE,0,1,352.4464445841168,0.0,0.0,0.2526375123377821,0.32052077378282223,0.06788326144504014,33.44947707704353,33.44947707704353
T0024417,2294.54,BANK_DECLINE,0,1,2201.0169560167624,0.0,0.0,0.36168890086457245,0.37623469935365916,0.014545798489086714,33.37591646514903,33.37591646514903
T0003583,779.11,PAYMENT_TIMEOUT,0,1,730.365330599739,0.0,0.0,0.5722277415623278,0.6146077433770898,0.04238000181476198,33.01868321389921,33.01868321389921
T0010756,716.96,LIMIT_EXCEEDED,0,1,550.2000097011229,0.0,0.0,0.387990085511378,0.43360797918274746,0.04561789367136948,32.706205046625065,32.706205046625065
T0030009,1281.48,LIMIT_EXCEEDED,1,0,0.0,1.5,0.25,0.42363367774452676,0.45047333268637885,0.026839654941852087,34.39448101488461,32.64448101488461
T0019001,250.75,NETWORK_ERROR,1,1,221.1386446552136,1.5,0.25,0.6542562504832388,0.7905216650098907,0.13626541452665197,34.16855269255798,32.41855269255798
T0019913,605.88,PAYMENT_TIMEOUT,0,0,0.0,0.0,0.0,0.5541792811599747,0.6070285929112177,0.05284931175124297,32.020341003843086,32.020341003843086
T0005712,1056.42,PAYMENT_TIMEOUT,1,0,0.0,1.5,0.25,0.5875403926457193,0.6194122058940797,0.031871813248360414,33.67002095183291,31.92002095183291
T0038114,1357.13,LIMIT_EXCEEDED,0,0,0.0,0.0,0.0,0.4321384290320574,0.4552663513727809,0.023127922340723472,31.387597246266047,31.387597246266047
T0038605,796.3,LIMIT_EXCEEDED,0,1,646.1679570561956,0.0,0.0,0.4079886493803394,0.4464536470400847,0.038464997659745315,30.62967763645519,30.62967763645519
T0036572,852.16,LIMIT_EXCEEDED,1,1,650.9841808292362,1.5,0.25,0.4073467583135103,0.445225099505416,0.037878341191905696,32.27840723009436,30.52840723009436
T0031676,1096.94,PAYMENT_TIMEOUT,0,1,789.8491530086668,0.0,0.0,0.5960859838789372,0.6235663006300383,0.027480316751101075,30.144258656952815,30.144258656952815
T0044537,873.23,LIMIT_EXCEEDED,0,1,850.5134062892229,0.0,0.0,0.41962090799109425,0.4534382039199247,0.033817295928830426,29.530277323932594,29.530277323932594
T0000183,806.92,PAYMENT_TIMEOUT,1,1,685.3813511957227,1.5,0.25,0.5797696626542063,0.6183525510568695,0.03858288840266322,31.133304309877,29.383304309877
T0022341,1736.04,LIMIT_EXCEEDED,1,1,1511.345930254282,1.5,0.25,0.4322638860231535,0.4500258195311506,0.017761933507997096,30.835427047223277,29.085427047223277
T0040449,1031.94,LIMIT_EXCEEDED,0,1,727.2511154642675,0.0,0.0,0.4343011294851262,0.46133632932287,0.027035199837743773,27.89870412056131,27.89870412056131
T0013482,1069.44,PAYMENT_TIMEOUT,0,0,0.0,0.0,0.0,0.6007267189924386,0.6264514543824266,0.025724735389987985,27.51106101546875,27.51106101546875
T0023879,1256.01,BANK_DECLINE,1,1,1178.0136550869256,1.5,0.25,0.38044302321755036,0.4030980892493273,0.022655066031776916,28.454989486572124,26.704989486572124
T0021620,2242.72,PAYMENT_TIMEOUT,1,1,1605.2779675051966,1.5,0.25,0.5980259368676588,0.6100350146701861,0.012009077802527246,26.932998969283904,25.182998969283904
T0042549,475.94,PAYMENT_TIMEOUT,0,1,424.43144209673466,0.0,0.0,0.5607867806856539,0.6122791144277362,0.051492333742082286,24.50726132120664,24.50726132120664
T0040033,550.87,PAYMENT_TIMEOUT,1,1,464.8379451994964,1.5,0.25,0.5677858313753911,0.6151124820552871,0.047326650679896054,26.070832060034338,24.320832060034338
T0004475,429.62,BANK_DECLINE,0,0,0.0,0.0,0.0,0.30441744764687917,0.3603079061020303,0.055890458455151115,24.011658761502023,24.011658761502023
T0030704,462.25,LIMIT_EXCEEDED,0,1,372.3956272501263,0.0,0.0,0.38242765488572766,0.4332442541645037,0.05081659927877602,23.489973016614215,23.489973016614215
T0023498,484.89,LIMIT_EXCEEDED,1,1,444.426365741027,1.5,0.25,0.3777075185165648,0.4296009435417917,0.05189342502522687,25.162602860482256,23.412602860482256
T0004784,1095.66,LIMIT_EXCEEDED,0,0,0.0,0.0,0.0,0.45039597874051324,0.471505655197546,0.021109676457032767,23.12902810691252,23.12902810691252
T0020450,1138.94,LIMIT_EXCEEDED,1,1,1077.627585110553,1.5,0.25,0.4466622744678908,0.4683284861792297,0.021666211711338867,24.676515166512292,22.926515166512292
T0015852,1400.01,BANK_DECLINE,1,1,1034.9813316282005,1.5,0.25,0.3904649645745132,0.40801855059244063,0.017553586017927447,24.575195960958606,22.825195960958606
T0025889,2600.33,PAYMENT_TIMEOUT,0,0,0.0,0.0,0.0,0.5955048493774956,0.6040332540499548,0.008528404672459189,22.1766665219358,22.1766665219358
T0034040,1492.29,LIMIT_EXCEEDED,1,1,1262.3045086446548,1.5,0.25,0.4497984480161882,0.4654876879638578,0.01568923994766963,23.412895881507914,21.662895881507914
T0010150,1710.16,BANK_DECLINE,0,0,0.0,0.0,0.0,0.3926598000965299,0.4052827016471994,0.012622901550669474,21.58718131589291,21.58718131589291
T0045197,1154.57,PAYMENT_TIMEOUT,0,1,1135.759855876095,0.0,0.0,0.6143095027955876,0.632825366381847,0.01851586358625945,21.377860620787573,21.377860620787573
T0045230,714.87,PAYMENT_TIMEOUT,0,1,618.8263655133707,0.0,0.0,0.6014278837712288,0.6312951189926287,0.02986723522139989,21.35119044272214,21.35119044272214
T0022042,337.94,PAYMENT_TIMEOUT,1,1,317.1802368396323,1.5,0.25,0.5304237672276394,0.5975934544630372,0.06716968723539785,22.699324104330348,20.949324104330348
T0003869,1444.36,PAYMENT_TIMEOUT,0,1,1372.7375086141758,0.0,0.0,0.6153412234943189,0.6297577975224647,0.01441657402814589,20.822722863292796,20.822722863292796
T0018843,553.95,LIMIT_EXCEEDED,1,0,0.0,1.5,0.25,0.41383591160271466,0.45391714977389297,0.04008123817117831,22.203001884924227,20.453001884924227
T0015813,2413.19,BANK_DECLINE,1,1,2012.170593339848,1.5,0.25,0.3737772646771028,0.3829093960041701,0.009132131327067305,22.037567997165553,20.287567997165553
T0017950,527.85,PAYMENT_TIMEOUT,1,1,433.3681865265157,1.5,0.25,0.5818374231663682,0.6230178168898629,0.04118039372349469,21.737070826946674,19.987070826946674
T0027448,1063.72,BANK_DECLINE,1,0,0.0,1.5,0.25,0.39653079793925633,0.4167924384255729,0.020261640486316568,21.55271221810466,19.80271221810466
T0045773,1550.87,LIMIT_EXCEEDED,0,1,1389.5137096176015,0.0,0.0,0.4565102643378193,0.4692606519849635,0.012750387647144146,19.774193690326438,19.774193690326438
T0028429,765.39,BANK_DECLINE,0,0,0.0,0.0,0.0,0.39208070544620777,0.4178392776207301,0.02575857217452232,19.71535355665764,19.71535355665764
T0004376,2866.24,BANK_DECLINE,1,0,0.0,1.5,0.25,0.360122166196928,0.36760845389343055,0.007486287696502558,21.45749724722349,19.70749724722349
T0045469,110.46,NETWORK_ERROR,1,1,84.96847106394502,1.5,0.25,0.5594898039810751,0.7523605381755831,0.19287073419450806,21.30450129912536,19.55450129912536
T0029092,780.83,BANK_DECLINE,0,0,0.0,0.0,0.0,0.3943210140212442,0.41917010495260437,0.024849090931360174,19.402915671933965,19.402915671933965
T0045755,1041.16,PAYMENT_TIMEOUT,0,1,877.3525813369608,0.0,0.0,0.6175366318576212,0.6360148314976296,0.018478199640008408,19.238762337191154,19.238762337191154
T0032708,1138.68,BANK_DECLINE,1,1,1004.1902996202244,1.5,0.25,0.39925132417904374,0.4176258712226348,0.01837454704359104,20.922729227596246,19.172729227596246
T0038880,3097.95,LIMIT_EXCEEDED,1,1,2985.2747267715954,1.5,0.25,0.40759506992628225,0.41420515508401173,0.006610085157729484,20.477713314388055,18.727713314388055
T0013528,1175.18,LIMIT_EXCEEDED,0,0,0.0,0.0,0.0,0.46337678101146673,0.4792898237906501,0.015913042779183373,18.700689613240716,18.700689613240716
T0018191,674.42,PAYMENT_TIMEOUT,0,1,553.360591762581,0.0,0.0,0.6076164043312448,0.6351703880350419,0.027553983703797136,18.582957689514863,18.582957689514863
T0045712,977.5,BANK_DECLINE,1,0,0.0,1.5,0.25,0.39871742378083264,0.4194809745538171,0.020763550772984474,20.296370880592324,18.546370880592324
T0026881,517.86,LIMIT_EXCEEDED,0,1,399.52979724463097,0.0,0.0,0.4341476257985518,0.46848848052546144,0.03434085472690962,17.783755028877415,17.783755028877415
T0016455,854.81,PAYMENT_TIMEOUT,1,0,0.0,1.5,0.25,0.6131902458664317,0.6359593177458766,0.02276907187944488,19.463230333268278,17.713230333268278
T0010789,614.39,LIMIT_EXCEEDED,0,0,0.0,0.0,0.0,0.4480192373612942,0.47668509349220645,0.02866585613091227,17.61201534827119,17.61201534827119
T0002729,2156.79,BANK_DECLINE,1,0,0.0,1.5,0.25,0.3852490149846989,0.39416545416035254,0.008916439175653657,19.23088684965805,17.48088684965805
T0020248,1373.02,PAYMENT_TIMEOUT,1,1,1303.0038800106786,1.5,0.25,0.6195636758271337,0.6329826362365816,0.0134189604094479,18.424501021380156,16.674501021380156
T0020397,601.75,BANK_DECLINE,1,1,586.0720807814297,1.5,0.25,0.3843156419572861,0.4147252732324433,0.030409631275157167,18.298995619825824,16.548995619825824
T0002337,103.68,NETWORK_ERROR,1,1,73.42147308030889,1.5,0.25,0.5895906034333852,0.7651391117948052,0.17554850836142,18.200869346912025,16.450869346912025
T0025050,732.93,LIMIT_EXCEEDED,0,1,558.7854084489425,0.0,0.0,0.46616737956241344,0.4874805870805978,0.021313207518184385,15.62108918630288,15.62108918630288
T0000901,1160.94,BANK_DECLINE,0,0,0.0,0.0,0.0,0.4148254985729393,0.4279645801206017,0.013139081547662357,15.253685331943137,15.253685331943137
T0031997,1487.07,BANK_DECLINE,0,1,1200.5187332589992,0.0,0.0,0.4098908966319195,0.42009006594749415,0.01019916931557463,15.166878714111565,15.166878714111565
T0014339,405.46,LIMIT_EXCEEDED,0,1,403.8335475109496,0.0,0.0,0.43179867404904093,0.46845418459066723,0.0366555105416263,14.8623433042078,14.8623433042078
T0007945,1623.52,BANK_DECLINE,0,0,0.0,0.0,0.0,0.4077259777127907,0.4167360148615615,0.0090100371487708,14.627975511772368,14.627975511772368
T0013303,1956.09,PAYMENT_TIMEOUT,1,1,1479.3571984454263,1.5,0.25,0.6149483933051361,0.623085681406156,0.00813728810101988,15.917267881523975,14.167267881523975
T0035909,961.12,BANK_DECLINE,0,0,0.0,0.0,0.0,0.41913367920706435,0.43368012519834737,0.014546445991283019,13.980880171141935,13.980880171141935
T0020767,2221.85,PAYMENT_TIMEOUT,1,1,2001.185406839132,1.5,0.25,0.6101559619484488,0.6170451366203253,0.006889174671876552,15.306712744708918,13.556712744708918
T0012287,1014.55,BANK_DECLINE,0,0,0.0,0.0,0.0,0.4221041099253492,0.4349631257547482,0.012859015829399023,13.046114509716778,13.046114509716778
T0020991,1115.13,BANK_DECLINE,0,0,0.0,0.0,0.0,0.4222679219907473,0.4336748233537941,0.011406901363046784,12.720177916974361,12.720177916974361
T0028119,720.76,BANK_DECLINE,0,0,0.0,0.0,0.0,0.4202603334025926,0.43779780817050934,0.017537474767916728,12.64031031372366,12.64031031372366
T0021304,1486.23,BANK_DECLINE,1,1,1356.1065003742617,1.5,0.25,0.4117313166594456,0.4213546025591917,0.009623285899746092,14.302416202779636,12.552416202779636
T0004616,3696.79,LIMIT_EXCEEDED,0,1,2692.712004659997,0.0,0.0,0.3922213757720358,0.3955705798143484,0.0033492040423125924,12.381304011580768,12.381304011580768
T0038648,799.13,BANK_DECLINE,1,1,607.473646312158,1.5,0.25,0.41808723338757176,0.43521999588244964,0.017132762494877884,13.691304492531764,11.941304492531764
T0004005,1133.97,BANK_DECLINE,0,0,0.0,0.0,0.0,0.426001707933916,0.4359555275387145,0.00995381960479852,11.287332817253377,11.287332817253377
T0028520,653.51,BANK_DECLINE,1,0,0.0,1.5,0.25,0.41708238091061556,0.43656097122686344,0.01947859031624788,12.729453557571151,10.979453557571151
T0040793,199.48,LIMIT_EXCEEDED,0,1,171.43068361936457,0.0,0.0,0.38647432973016543,0.43975746673657795,0.05328313700641252,10.62892017003917,10.62892017003917
T0018217,476.02,BANK_DECLINE,0,1,400.8944385311433,0.0,0.0,0.4168644294650955,0.43888637490619314,0.022021945441097646,10.482886468871301,10.482886468871301
T0043353,2012.5,PAYMENT_TIMEOUT,1,1,1608.419825297961,1.5,0.25,0.6180179382599945,0.6240791020148603,0.0060611637548657615,12.198092056667345,10.448092056667345
T0001904,291.86,PAYMENT_TIMEOUT,1,1,212.5156254544684,1.5,0.25,0.5874898068928375,0.6290543165460394,0.04156450965320191,12.13101778738351,10.38101778738351
T0030948,2821.82,LIMIT_EXCEEDED,0,1,2292.2749475451023,0.0,0.0,0.4291098495513252,0.4326831690798569,0.003573319528531682,10.083264512001271,10.083264512001271
T0000671,1107.12,BANK_DECLINE,1,1,1105.4009350151805,1.5,0.25,0.42748779238453744,0.4373414568194319,0.009853664434894438,10.90918896916033,9.15918896916033
T0005945,759.13,BANK_DECLINE,1,0,0.0,1.5,0.25,0.42928990068815787,0.44342900485560827,0.0141391041674504,10.733418146636623,8.983418146636623
T0014571,641.17,BANK_DECLINE,1,1,533.6886368929838,1.5,0.25,0.4266785725705477,0.4432957507795594,0.016617178209011707,10.654436152272035,8.904436152272035
T0020800,3505.26,PAYMENT_TIMEOUT,0,1,2634.5117229692305,0.0,0.0,0.5824158529354594,0.5849524593214288,0.00253660638596942,8.89146490048317,8.89146490048317
T0022129,823.55,BANK_DECLINE,0,0,0.0,0.0,0.0,0.43734918604329964,0.4480209242270438,0.010671738183744173,8.788709981222514,8.788709981222514
T0025822,249.46,PAYMENT_TIMEOUT,1,1,199.83167002739413,1.5,0.25,0.5874848658463687,0.6295849460631019,0.04210008021673317,10.502286010866257,8.752286010866257
T0009771,461.34,BANK_DECLINE,1,0,0.0,1.5,0.25,0.4152781820872633,0.43800336891226943,0.022725186825006127,10.484037689848327,8.734037689848327
T0006984,1318.64,BANK_DECLINE,0,1,1065.7817716122777,0.0,0.0,0.4288835272757992,0.43534316496551445,0.006459637689715247,8.517936643166115,8.517936643166115
T0022581,642.01,BANK_DECLINE,1,1,630.1671225302781,1.5,0.25,0.4288312126979628,0.4447543160595458,0.01592310336158298,10.222791589169889,8.472791589169889
T0011220,765.01,BANK_DECLINE,1,1,718.2052609114803,1.5,0.25,0.4321186529246681,0.4452762178601712,0.013157564935503074,10.065668751309207,8.315668751309207
T0026611,545.61,PAYMENT_TIMEOUT,1,1,388.252416565394,1.5,0.25,0.6324325286228776,0.6503044149869938,0.017871886364116185,9.751079919125432,8.001079919125432
T0008515,1970.38,BANK_DECLINE,0,1,1638.0802792529068,0.0,0.0,0.4083118396153749,0.41236652633990434,0.0040546867245294105,7.98927362827826,7.98927362827826
T0033915,1193.48,BANK_DECLINE,1,1,1000.4697189853806,1.5,0.25,0.43001247269768333,0.4378550386979563,0.007842566000272944,9.359945670005754,7.609945670005754
T0023790,999.41,PAYMENT_TIMEOUT,0,0,0.0,0.0,0.0,0.6430635562845816,0.650594825582786,0.007531269298204468,7.526825849318527,7.526825849318527
T0041788,2130.1,BANK_DECLINE,0,0,0.0,0.0,0.0,0.40387084494489855,0.4071695490847696,0.003298704139871045,7.026569688339312,7.026569688339312
T0019997,697.51,BANK_DECLINE,0,0,0.0,0.0,0.0,0.44542289152487385,0.4552887781142672,0.009865886589393358,6.881554554967761,6.881554554967761
T0001558,374.45,BANK_DECLINE,1,1,355.30760027964266,1.5,0.25,0.4219082543328009,0.44376199115809184,0.02185373682529096,8.1831317542302,6.4331317542302
T0033004,2007.06,LIMIT_EXCEEDED,1,1,1948.648023070596,1.5,0.25,0.4637819335981964,0.4677867036060381,0.004004770007841663,8.037813691938688,6.2878136919386876
T0014761,695.54,BANK_DECLINE,0,1,663.5460747411511,0.0,0.0,0.44911359239755033,0.45782936469689456,0.008715772299344227,6.062168265085883,6.062168265085883
T0044092,426.11,BANK_DECLINE,1,0,0.0,1.5,0.25,0.43499008776880965,0.4519867347046569,0.016996646935847237,7.242441225833867,5.492441225833867
T0029260,302.98,BANK_DECLINE,1,1,248.11967517724923,1.5,0.25,0.41967203899024064,0.4432283894903336,0.02355635050009297,7.137103074518168,5.387103074518168
T0014645,304.35,BANK_DECLINE,0,1,218.08594509722212,0.0,0.0,0.43904566951214163,0.4564677201280957,0.017422050615954088,5.302401104965627,5.302401104965627
T0013884,753.19,BANK_DECLINE,1,0,0.0,1.5,0.25,0.4452341620481311,0.4543776210758085,0.00914345902767738,6.886761905056327,5.136761905056327
T0041575,357.06,BANK_DECLINE,1,1,273.52487298445203,1.5,0.25,0.4308472445871889,0.45012424739056006,0.019277002803371135,6.883046620971697,5.133046620971697
T0005549,2446.22,BANK_DECLINE,1,0,0.0,1.5,0.25,0.39215992799335425,0.39494123128898945,0.0027813032956351957,6.803679747848728,5.053679747848728
T0000114,1205.58,BANK_DECLINE,1,1,1157.5396659694538,1.5,0.25,0.4365385300579843,0.44212211346414976,0.005583583406165438,6.731456482804928,4.981456482804928
T0029978,903.18,BANK_DECLINE,0,0,0.0,0.0,0.0,0.45008973310878,0.4555725913971437,0.005482858288363701,4.952007948884328,4.952007948884328
T0016656,695.04,BANK_DECLINE,0,1,514.6850634848779,0.0,0.0,0.45494273520206385,0.46180379128523646,0.006861056083172612,4.768708420048292,4.768708420048292
T0024020,1246.89,BANK_DECLINE,0,1,990.2227205034874,0.0,0.0,0.44042044139570913,0.4441809951413777,0.0037605537456685822,4.688996859936699,4.688996859936699
T0037164,742.49,BANK_DECLINE,0,1,682.3071566682246,0.0,0.0,0.45518831452213204,0.4613022226510732,0.006113908128941137,4.539515646657505,4.539515646657505
T0031682,695.02,BANK_DECLINE,0,1,539.6263893695926,0.0,0.0,0.4587981562047054,0.4644273938699342,0.005629237665228826,3.9124327620873385,3.9124327620873385
T0028280,1390.62,BANK_DECLINE,0,0,0.0,0.0,0.0,0.4373110691492465,0.44006143706427164,0.0027503679150251426,3.8247166299922633,3.8247166299922633
T0020930,896.6,BANK_DECLINE,0,0,0.0,0.0,0.0,0.45438055443705555,0.4585823523380708,0.0042017979010152695,3.767331998050291,3.767331998050291
T0016052,338.92,BANK_DECLINE,0,0,0.0,0.0,0.0,0.45893379518550725,0.46954640015615434,0.010612604970647088,3.5968240766517114,3.5968240766517114
T0030981,606.82,BANK_DECLINE,1,1,566.9224990867747,1.5,0.25,0.4554286590214303,0.4633781219535935,0.007949462932163198,4.823893096495272,3.073893096495272
T0042809,446.49,BANK_DECLINE,1,0,0.0,1.5,0.25,0.4566980469387734,0.4665043060028988,0.009806259064125411,4.378396609541355,2.6283966095413547
T0044793,386.63,BANK_DECLINE,1,0,0.0,1.5,0.25,0.45551441227622996,0.46654269420395744,0.011028281927727479,4.263864641717275,2.5138646417172748
T0025637,1258.32,BANK_DECLINE,1,0,0.0,1.5,0.25,0.4422474571326251,0.44526138461784515,0.003013927485220058,3.7924852332021035,2.0424852332021035
T0008276,3695.33,PAYMENT_TIMEOUT,1,0,0.0,1.5,0.25,0.5802420701626725,0.5812403641112268,0.0009982939485543296,3.6890255769112708,1.9390255769112708
T0021006,600.41,BANK_DECLINE,1,1,557.1745149928265,1.5,0.25,0.4626650604804627,0.4683940685622279,0.005729008081765241,3.4397537423726683,1.6897537423726683
T0030786,415.77,BANK_DECLINE,0,0,0.0,0.0,0.0,0.4783681584835183,0.48169710672471494,0.0033289482411966165,1.384076810242317,1.384076810242317
T0034892,221.27,BANK_DECLINE,0,1,213.682994946749,0.0,0.0,0.4806132843589212,0.485983418173119,0.005370133814197819,1.1882495090675516,1.1882495090675516
T0006739,801.96,BANK_DECLINE,1,1,582.7944379169969,1.5,0.25,0.4604924290540895,0.4640714182372661,0.0035789891831766174,2.87020616534032,1.1202061653403201
T0010502,3043.84,PAYMENT_TIMEOUT,1,1,2372.497203585556,1.5,0.25,0.5997607320769005,0.6006836945960168,0.0009229625191162771,2.8093502341868892,1.0593502341868892
T0044447,2152.95,BANK_DECLINE,1,0,0.0,1.5,0.25,0.40938291835111773,0.41058809823710657,0.0012051798859888385,2.5946920355396697,0.8446920355396697
T0016314,711.4,BANK_DECLINE,1,1,596.970195334987,1.5,0.25,0.466006443570106,0.4690999147609293,0.003093471190823316,2.200695405151707,0.4506954051517069
T0010693,479.53,BANK_DECLINE,0,1,448.8724072440195,0.0,0.0,0.48348168831094845,0.4842768101367381,0.0007951218257896686,0.38128476912091974,0.38128476912091974
T0028832,257.66,BANK_DECLINE,0,0,0.0,0.0,0.0,0.4943169589336038,0.49481095090321536,0.0004939919696115846,0.12728197089012092,0.12728197089012092
T0000433,1230.15,BANK_DECLINE,1,1,950.01794767712,1.5,0.25,0.44896476696640536,0.45021549205811756,0.0012507250917122015,1.5385794715697647,-0.2114205284302353
T0013176,1110.34,BANK_DECLINE,0,0,0.0,0.0,0.0,0.45970500954575017,0.4591901830338859,-0.0005148265118642414,-0.5716324691833418,-0.5716324691833418
T0034482,654.79,BANK_DECLINE,1,1,536.7697276681884,1.5,0.25,0.4760097216396301,0.4767065127382709,0.0006967910986407921,0.45625184347900427,-1.2937481565209956
T0010295,1697.93,PAYMENT_TIMEOUT,1,0,0.0,1.5,0.25,0.6404359741861897,0.6405233458766365,8.737169044681359e-05,0.1483510143603582,-1.6016489856396419
T0004847,850.16,BANK_DECLINE,0,1,655.1136713526334,0.0,0.0,0.4754886079423235,0.47358759624669816,-0.0019010116956253431,-1.6161641031528415,-1.6161641031528415
T0022816,450.44,PAYMENT_TIMEOUT,1,0,0.0,1.5,0.25,0.6749446570835598,0.6748975264865464,-4.7130597013334e-05,-0.021229506118686164,-1.7712295061186862
T0014416,1151.44,BANK_DECLINE,0,1,1028.1202313714705,0.0,0.0,0.4628156066112256,0.46072302786478825,-0.002092578746437368,-2.4094788717978433,-2.4094788717978433
T0041719,846.45,BANK_DECLINE,1,1,837.4401033517582,1.5,0.25,0.4752303042785135,0.47346440238091636,-0.001765901897597122,-1.494747661221084,-3.244747661221084
T0020490,1040.28,BANK_DECLINE,0,1,905.5119396604142,0.0,0.0,0.47121716169538186,0.4679968334324735,-0.0032203282629083563,-3.3500430853383047,-3.3500430853383047
T0033814,3776.6,PAYMENT_TIMEOUT,1,1,2938.404010810502,1.5,0.25,0.5812577358761565,0.5807437781144693,-0.0005139577616871671,-1.9410128827877553,-3.6910128827877555
T0001894,1063.04,BANK_DECLINE,1,0,0.0,1.5,0.25,0.46670896169415216,0.46461312163595214,-0.002095840058200016,-2.227961815468945,-3.977961815468945
T0008036,197.03,INSUFFICIENT_FUNDS,0,1,183.9828670947629,0.0,0.0,0.4082825754534233,0.38454475875403216,-0.023737816699391123,-4.6770620242810335,-4.6770620242810335
T0011274,1015.34,BANK_DECLINE,1,1,743.8351709678917,1.5,0.25,0.4731773903201137,0.46968110131534885,-0.003496289004764841,-3.549922078097934,-5.299922078097934
T0041024,3138.11,LIMIT_EXCEEDED,0,1,2201.0252896514703,0.0,0.0,0.43196903156226285,0.43022685065522853,-0.0017421809070343186,-5.467155326173466,-5.467155326173466
T0005343,1729.87,BANK_DECLINE,1,1,1469.1687492672393,1.5,0.25,0.43783040773728815,0.43568129049855076,-0.002149117238737397,-3.7176934377746607,-5.467693437774661
T0001103,278.71,INSUFFICIENT_FUNDS,1,0,0.0,1.5,0.25,0.37852979335594655,0.3636892702484523,-0.01484052310749423,-4.136202195289717,-5.886202195289717
T0012101,1542.26,BANK_DECLINE,1,1,1390.4341522795794,1.5,0.25,0.44962749344195374,0.4462889985071025,-0.0033384949348512216,-5.148827198223645,-6.898827198223645
T0017469,1455.3,BANK_DECLINE,1,1,1344.9605220658557,1.5,0.25,0.4548044653471085,0.4510156737463172,-0.003788791600791319,-5.513828416631607,-7.263828416631607
T0010667,1125.87,BANK_DECLINE,0,1,1045.8731613970594,0.0,0.0,0.4782214218654186,0.4715463663286484,-0.006675055536770225,-7.515244777183492,-7.515244777183492
T0009472,1318.74,BANK_DECLINE,0,0,0.0,0.0,0.0,0.4675717521449385,0.4615928215952986,-0.005978930549639938,-7.884654873032172,-7.884654873032172
T0007247,2223.9,LIMIT_EXCEEDED,1,1,1808.0756280338808,1.5,0.25,0.4756324912876019,0.4728040566008233,-0.0028284346867785692,-6.2901558999268605,-8.04015589992686
T0016981,1267.85,BANK_DECLINE,0,1,935.9051384154416,0.0,0.0,0.4715902580150219,0.46503738352395035,-0.006552874491071559,-8.308061923505075,-8.308061923505075
T0017826,702.01,BANK_DECLINE,1,1,636.8077228268281,1.5,0.25,0.505555421255923,0.4961742416180106,-0.009381179637912407,-6.585681917610889,-8.335681917610888
T0002330,3089.91,PAYMENT_TIMEOUT,0,1,2960.39508091403,0.0,0.0,0.6068638604634766,0.6040763496316606,-0.0027875108318160535,-8.61315759433674,-8.61315759433674
T0020912,2910.04,PAYMENT_TIMEOUT,0,1,2130.792069675403,0.0,0.0,0.6127252693860908,0.6096848541432179,-0.003040415242872907,-8.847729973369875,-8.847729973369875
T0029832,1075.92,BANK_DECLINE,1,0,0.0,1.5,0.25,0.4809983749612242,0.47414028964306965,-0.006858085318154572,-7.378751155508867,-9.128751155508867
T0019516,607.12,INSUFFICIENT_FUNDS,0,1,531.1045112067526,0.0,0.0,0.366423237508675,0.3513747507380284,-0.01504848677064663,-9.136237288194982,-9.136237288194982
T0040635,194.97,INSUFFICIENT_FUNDS,0,1,149.10865691711516,0.0,0.0,0.4958923344542776,0.44160608182701167,-0.05428625262726594,-10.584190674738041,-10.584190674738041
T0032153,946.46,BANK_DECLINE,1,1,915.1981442701036,1.5,0.25,0.49498335238466296,0.4854923254421503,-0.009491026942512637,-8.98287736001051,-10.73287736001051
T0038580,1312.56,BANK_DECLINE,0,0,0.0,0.0,0.0,0.47704328271576585,0.4681077482785945,-0.008935534437171322,-11.72842508085359,-11.72842508085359
T0018803,1769.54,BANK_DECLINE,0,1,1525.5965377591513,0.0,0.0,0.4500285447669399,0.44337871956186525,-0.006649825205074622,-11.767131693387746,-11.767131693387746
T0037538,220.56,INSUFFICIENT_FUNDS,1,1,211.7337732059442,1.5,0.25,0.47345199997132936,0.4276429286053244,-0.04580907136600498,-10.10364878048606,-11.85364878048606
T0008860,205.28,INSUFFICIENT_FUNDS,0,1,189.64185041623355,0.0,0.0,0.512183332022035,0.4505941146812865,-0.061589217340748514,-12.643034535708855,-12.643034535708855
T0033036,1216.4,BANK_DECLINE,0,1,1052.2734683711617,0.0,0.0,0.4862648737464781,0.4757329114249692,-0.010531962321508881,-12.811078967883404,-12.811078967883404
T0014749,1494.04,BANK_DECLINE,1,0,0.0,1.5,0.25,0.4668318003114778,0.4586213143964884,-0.008210485914989407,-12.266794376430774,-14.016794376430774
T0033444,2238.62,BANK_DECLINE,1,1,1933.5021566851144,1.5,0.25,0.42637719431962845,0.42088624834914823,-0.005490945970480221,-12.292141468436432,-14.042141468436432
T0006027,1558.3,BANK_DECLINE,0,0,0.0,0.0,0.0,0.4669762414385923,0.4578144358847191,-0.009161805553873192,-14.276841594600596,-14.276841594600596
T0017955,279.47,INSUFFICIENT_FUNDS,1,0,0.0,1.5,0.25,0.4741300635904683,0.42727872041242626,-0.046851343178042015,-13.093544877967403,-14.843544877967403
T0031352,1069.78,BANK_DECLINE,1,1,1047.315694279939,1.5,0.25,0.4994990585082284,0.4868211265619453,-0.012677931946283083,-13.562598037494716,-15.312598037494716
T0027893,1701.9,BANK_DECLINE,0,1,1534.868757724266,0.0,0.0,0.4627563523712348,0.4529372276501679,-0.009819124721066885,-16.711168362783734,-16.711168362783734
T0000153,3532.84,LIMIT_EXCEEDED,1,1,3074.9142299880987,1.5,0.25,0.42274310435196544,0.41850188386209497,-0.0042412204898704675,-14.983553395433983,-16.733553395433983
T0035860,243.65,INSUFFICIENT_FUNDS,0,1,196.01222570161517,0.0,0.0,0.5319800176550011,0.46122644332831236,-0.07075357432668877,-17.23910838469772,-17.23910838469772
T0035129,476.71,INSUFFICIENT_FUNDS,1,1,360.6592743370453,1.5,0.25,0.42463652523288126,0.3916236733637908,-0.033012851869090476,-15.73755661451412,-17.48755661451412
T0023681,1900.6,BANK_DECLINE,0,1,1887.5957507425685,0.0,0.0,0.45386653185509096,0.4441391337671794,-0.009727398087911565,-18.48789280588472,-18.48789280588472
T0018726,1699.38,LIMIT_EXCEEDED,1,1,1685.0051919995549,1.5,0.25,0.5107069480706121,0.4997546503666981,-0.010952297703914038,-18.61211567207744,-20.36211567207744
T0017251,208.77,INSUFFICIENT_FUNDS,1,0,0.0,1.5,0.25,0.5765745709487984,0.4871629025348931,-0.0894116684139053,-18.66647401477101,-20.41647401477101
T0041443,364.47,INSUFFICIENT_FUNDS,1,1,286.18745434427973,1.5,0.25,0.49240336719534444,0.43739971679018547,-0.05500365040515898,-20.047180463168292,-21.797180463168292
T0031150,1307.58,BANK_DECLINE,0,1,1161.1931432966926,0.0,0.0,0.5068765575781043,0.48847984446498144,-0.01839671311312291,-24.055174132457253,-24.055174132457253
T0023316,4270.86,LIMIT_EXCEEDED,0,0,0.0,0.0,0.0,0.39632311986263197,0.3905851053955781,-0.0057380144670538535,-24.50625646676162,-24.50625646676162
T0007277,1643.87,BANK_DECLINE,1,0,0.0,1.5,0.25,0.4803510797035043,0.46567363240943077,-0.014677447294073553,-24.127815283308692,-25.877815283308692
T0008920,992.41,INSUFFICIENT_FUNDS,0,1,773.4977646207805,0.0,0.0,0.3849400858999102,0.35860090203022765,-0.026339183869682536,-26.139269464111646,-26.139269464111646
T0041351,3396.35,PAYMENT_TIMEOUT,0,1,3284.539402021894,0.0,0.0,0.609080119554537,0.6013689201616377,-0.007711199392899326,-26.189932058073627,-26.189932058073627
T0017990,2350.94,BANK_DECLINE,1,1,2236.3145675301307,1.5,0.25,0.4367218681198074,0.42630254372501303,-0.010419324394794371,-24.49520649269788,-26.24520649269788
T0028430,3107.28,BANK_DECLINE,0,1,2440.2064584951786,0.0,0.0,0.39984970807258247,0.3911913935906038,-0.00865831448197868,-26.903807423562714,-26.903807423562714
T0002672,327.4,INSUFFICIENT_FUNDS,1,1,325.4334921880113,1.5,0.25,0.54787349545608,0.4691095268451504,-0.0787639686109296,-25.78732332321835,-27.53732332321835
T0025241,2056.96,BANK_DECLINE,1,1,1874.8192710900703,1.5,0.25,0.4561734474928598,0.44350897842898823,-0.012664469063871586,-26.0503062856213,-27.8003062856213
T0044928,912.46,INSUFFICIENT_FUNDS,1,1,795.0722113544144,1.5,0.25,0.3947160454490526,0.3660735824469964,-0.028642463002056195,-26.135101790856197,-27.885101790856197
T0035863,362.46,INSUFFICIENT_FUNDS,0,1,360.7403373399156,0.0,0.0,0.5530355047986834,0.4715774218289906,-0.08145808296969276,-29.525296753194834,-29.525296753194834
T0009042,2534.22,BANK_DECLINE,0,1,2388.986083819396,0.0,0.0,0.43282713977612586,0.4211466548653762,-0.011680484910749633,-29.600918470519932,-29.600918470519932
T0010221,1680.46,BANK_DECLINE,1,0,0.0,1.5,0.25,0.4865354370328686,0.4693527407796261,-0.017182696253242535,-28.87483374572395,-30.62483374572395
T0030481,994.44,INSUFFICIENT_FUNDS,1,1,753.3642239260919,1.5,0.25,0.39564437646018036,0.36560603659155333,-0.03003833986862703,-29.871326698957464,-31.621326698957464
T0044966,2134.77,BANK_DECLINE,0,1,2111.9534895775446,0.0,0.0,0.4600478875496984,0.4450346653412108,-0.015013222208487609,-32.04977637401309,-32.04977637401309
T0045601,2366.89,BANK_DECLINE,1,1,2157.98616097618,1.5,0.25,0.44371812397048815,0.4307910422263706,-0.012927081744117552,-30.59698050933439,-32.34698050933439
T0003177,2150.05,BANK_DECLINE,1,0,0.0,1.5,0.25,0.4578690584362843,0.4433506942414198,-0.014518364194864464,-31.21520893716834,-32.96520893716834
T0038307,3654.98,LIMIT_EXCEEDED,0,1,3508.208363974325,0.0,0.0,0.43239920223265405,0.42334614378236246,-0.009053058450291585,-33.08874757464674,-33.08874757464674
T0019367,280.39,INSUFFICIENT_FUNDS,0,0,0.0,0.0,0.0,0.6513886276178211,0.5307682909882621,-0.12062033662955907,-33.82073618756206,-33.82073618756206
T0038623,2860.12,BANK_DECLINE,0,0,0.0,0.0,0.0,0.4198379694511243,0.4079460559039961,-0.011891913547128208,-34.01229977441233,-34.01229977441233
T0008618,406.05,INSUFFICIENT_FUNDS,1,0,0.0,1.5,0.25,0.5480554417111484,0.46815479196841775,-0.07990064974273065,-32.44365882803578,-34.19365882803578
T0026121,2162.16,BANK_DECLINE,0,0,0.0,0.0,0.0,0.46353276786807585,0.4470026740055713,-0.016530093862504536,-35.74070774575281,-35.74070774575281
T0022600,2531.67,BANK_DECLINE,1,0,0.0,1.5,0.25,0.4388037524048509,0.4251993520446623,-0.013604400360188618,-34.44185225987872,-36.19185225987872
T0010540,3025.42,BANK_DECLINE,1,1,2878.1276011288714,1.5,0.25,0.4117993081520868,0.4003049664695419,-0.011494341682544928,-34.775211213205075,-36.525211213205075
T0032053,1662.26,BANK_DECLINE,1,0,0.0,1.5,0.25,0.5035279983245566,0.48116532383604255,-0.02236267448851409,-37.17257929527743,-38.92257929527743
T0005074,1988.54,BANK_DECLINE,1,1,1974.161388476953,1.5,0.25,0.4801389729291238,0.4606677496693458,-0.01947122325977796,-38.71930630099886,-40.46930630099886
T0024654,1878.39,BANK_DECLINE,1,1,1518.640200347698,1.5,0.25,0.49172967058220984,0.47008084409812745,-0.021648826484082395,-40.664939179435535,-42.414939179435535
T0027948,423.79,INSUFFICIENT_FUNDS,1,0,0.0,1.5,0.25,0.5881868423344753,0.49100084618101963,-0.09718599615345563,-41.18645330987297,-42.93645330987297
T0025016,1991.77,BANK_DECLINE,0,1,1450.5778398267423,0.0,0.0,0.48763231809062524,0.4656989819764889,-0.021933336114136337,-43.68616087205333,-43.68616087205333
T0021313,564.77,INSUFFICIENT_FUNDS,1,1,422.7769221889652,1.5,0.25,0.5339561135830546,0.45803263845335446,-0.07592347512970016,-42.87930104900076,-44.62930104900076
T0018963,2822.68,BANK_DECLINE,1,0,0.0,1.5,0.25,0.43193736942129807,0.4165713365411413,-0.015366032880156755,-43.37339369016087,-45.12339369016087
T0014041,3019.33,BANK_DECLINE,0,1,2448.662470411624,0.0,0.0,0.4228880019580817,0.40781125035661614,-0.015076751601465543,-45.52168841285296,-45.52168841285296
T0045776,4416.1,BANK_DECLINE,1,1,3142.3315969636674,1.5,0.25,0.35222996132573203,0.3422301532173194,-0.009999808108412611,-44.16015258756094,-45.91015258756094
T0006448,560.96,INSUFFICIENT_FUNDS,0,0,0.0,0.0,0.0,0.5527413708277382,0.46873810942333916,-0.08400326140439907,-47.1224695174117,-47.1224695174117
T0014810,518.56,INSUFFICIENT_FUNDS,0,0,0.0,0.0,0.0,0.5725814374021574,0.4806783359229666,-0.09190310147919079,-47.65727230304917,-47.65727230304917
T0002285,574.39,INSUFFICIENT_FUNDS,0,1,447.91464187754747,0.0,0.0,0.5549938641303132,0.46984160372119904,-0.08515226040911411,-48.910606856391055,-48.910606856391055
T0007152,2501.85,BANK_DECLINE,0,1,2097.846656482819,0.0,0.0,0.4582630809393623,0.43869945024893486,-0.019563630690427436,-48.94526944284588,-48.94526944284588
T0006144,503.45,INSUFFICIENT_FUNDS,1,0,0.0,1.5,0.25,0.5796555179617493,0.4849697193080673,-0.09468579865368199,-47.66956533219619,-49.41956533219619
T0032545,2317.59,BANK_DECLINE,1,1,2299.80281410375,1.5,0.25,0.471000376687504,0.4498619167703759,-0.021138459917128094,-48.9902833193369,-50.7402833193369
T0035164,1192.7,INSUFFICIENT_FUNDS,0,1,932.5021173694814,0.0,0.0,0.42864682666023624,0.38462554568927976,-0.04402128097095648,-52.50418181405979,-52.50418181405979
T0037232,685.21,INSUFFICIENT_FUNDS,0,1,646.1408476058169,0.0,0.0,0.5318885456487557,0.4552509487307689,-0.07663759691798677,-52.51284778417372,-52.51284778417372
T0041660,645.37,INSUFFICIENT_FUNDS,0,0,0.0,0.0,0.0,0.5489050042293628,0.4654193990091552,-0.08348560522020765,-53.87910504096541,-53.87910504096541
T0039647,2625.56,BANK_DECLINE,1,0,0.0,1.5,0.25,0.45393467059396664,0.43406385108785517,-0.01987081950611147,-52.17202886246603,-53.92202886246603
T0020416,541.39,INSUFFICIENT_FUNDS,0,0,0.0,0.0,0.0,0.5970357953467259,0.49458660640867297,-0.10244918893805294,-55.464966399172475,-55.464966399172475
T0014407,848.44,INSUFFICIENT_FUNDS,0,1,681.6301341255752,0.0,0.0,0.5030479245401249,0.4369014459654996,-0.0661464785746253,-56.121318281855096,-56.121318281855096
T0012538,624.01,INSUFFICIENT_FUNDS,1,1,620.8251474730364,1.5,0.25,0.5589799783682718,0.47144996069757866,-0.08753001767069318,-54.61960632668925,-56.36960632668925
T0009904,530.34,INSUFFICIENT_FUNDS,1,0,0.0,1.5,0.25,0.599390116786688,0.49611803996249865,-0.10327207682418932,-54.76931322294057,-56.51931322294057
T0044597,744.15,INSUFFICIENT_FUNDS,1,0,0.0,1.5,0.25,0.5245481610641629,0.4503291352119533,-0.07421902585220963,-55.23008808792179,-56.98008808792179
T0041136,3184.36,BANK_DECLINE,0,1,2689.2845747246934,0.0,0.0,0.42483574750987513,0.4068568698588101,-0.01797887765106504,-57.25121883694547,-57.25121883694547
T0027860,856.0,INSUFFICIENT_FUNDS,1,1,840.2852149603674,1.5,0.25,0.5000700316359159,0.43514065966251475,-0.06492937197340115,-55.57954240923139,-57.32954240923139
T0008774,2931.32,BANK_DECLINE,1,0,0.0,1.5,0.25,0.4385469476953928,0.4195024050567306,-0.019044542638662232,-55.825648727563376,-57.575648727563376
T0019795,2261.81,BANK_DECLINE,1,1,1648.9568491398431,1.5,0.25,0.48514625204160455,0.4602053177957265,-0.024940934245878066,-56.41165448666947,-58.16165448666947
T0022723,1914.79,BANK_DECLINE,1,1,1376.6098381876195,1.5,0.25,0.5155484863258508,0.4857858279263605,-0.029762658399490327,-56.98924067676008,-58.73924067676008
T0034899,641.57,INSUFFICIENT_FUNDS,0,1,525.1702090436281,0.0,0.0,0.568403252096261,0.47661493397448923,-0.09178831812177174,-58.8886312573851,-58.8886312573851
T0001142,897.12,INSUFFICIENT_FUNDS,1,1,856.1674230971055,1.5,0.25,0.4966362150197348,0.4326820732926463,-0.06395414172708852,-57.37453962620565,-59.12453962620565
T0026617,662.72,INSUFFICIENT_FUNDS,0,1,567.0725335607121,0.0,0.0,0.5666713854723461,0.4753349875693314,-0.09133639790301468,-60.53045761828589,-60.53045761828589
T0020901,1003.41,INSUFFICIENT_FUNDS,1,0,0.0,1.5,0.25,0.48521631082160677,0.4246467308358743,-0.06056957998573248,-60.77612225348383,-62.52612225348383
T0000667,695.21,INSUFFICIENT_FUNDS,1,1,647.6262145719023,1.5,0.25,0.558322806123157,0.47011600852812563,-0.08820679759503136,-61.322247756041754,-63.072247756041754
T0019137,684.65,INSUFFICIENT_FUNDS,0,1,638.5986101987462,0.0,0.0,0.5725415099616272,0.4784160910695229,-0.09412541889210435,-64.44296804447924,-64.44296804447924
T0018611,611.91,INSUFFICIENT_FUNDS,0,1,463.0022682159744,0.0,0.0,0.6040968728164748,0.49778814460769305,-0.10630872820878179,-65.05137387823567,-65.05137387823567
T0030295,2618.72,BANK_DECLINE,1,1,2071.7714841687466,1.5,0.25,0.46759816216789774,0.44334840607420045,-0.024249756093697283,-63.50332127768694,-65.25332127768695
T0037261,778.06,INSUFFICIENT_FUNDS,0,1,638.6813524586338,0.0,0.0,0.5470089626918497,0.4625591662714442,-0.08444979642040551,-65.70700860286071,-65.70700860286071
T0004263,2094.96,BANK_DECLINE,0,1,2014.1421541078123,0.0,0.0,0.5130289362561722,0.4815092515149163,-0.03151968474125588,-66.03247874554143,-66.03247874554143
T0044225,1025.85,INSUFFICIENT_FUNDS,0,1,811.3338793478238,0.0,0.0,0.49907354288436734,0.4323305961875772,-0.06674294669679015,-68.46825186890217,-68.46825186890217
T0044823,3437.17,LIMIT_EXCEEDED,1,0,0.0,1.5,0.25,0.4751423016419032,0.45534341570128706,-0.01979888594061613,-68.05213678850754,-69.80213678850754
T0029503,4813.1,BANK_DECLINE,1,0,0.0,1.5,0.25,0.34976281767596773,0.33556387839488133,-0.014198939281086398,-68.34091465379694,-70.09091465379694
T0010403,3334.56,BANK_DECLINE,0,0,0.0,0.0,0.0,0.429895834409518,0.4081796662179604,-0.021716168191557583,-72.41386580484026,-72.41386580484026
T0018897,1013.71,INSUFFICIENT_FUNDS,0,1,843.048384200096,0.0,0.0,0.5112168033813449,0.4392617263609415,-0.07195507702040338,-72.94158112635311,-72.94158112635311
T0024290,712.32,INSUFFICIENT_FUNDS,1,0,0.0,1.5,0.25,0.5861386149579535,0.48591462052263873,-0.10022399443531477,-71.39155571616342,-73.14155571616342
T0025688,1133.12,INSUFFICIENT_FUNDS,1,1,1032.848465013648,1.5,0.25,0.48730134155121707,0.42424084621060065,-0.06306049534061642,-71.45510848035927,-73.20510848035927
T0019493,3634.57,BANK_DECLINE,0,1,2573.1292000888247,0.0,0.0,0.4154196248147293,0.3944600515815226,-0.02095957323320674,-76.17903608621623,-76.17903608621623
T0027139,3160.42,INSUFFICIENT_FUNDS,1,1,2323.70295992763,1.5,0.25,0.30421676566192557,0.279669452836334,-0.024547312825591583,-77.57981840025616,-79.32981840025616
T0006681,964.34,INSUFFICIENT_FUNDS,0,0,0.0,0.0,0.0,0.5469257545364656,0.46001067903994974,-0.08691507549651589,-83.81568390431013,-83.81568390431013
T0024454,1283.41,INSUFFICIENT_FUNDS,1,1,974.8462778838148,1.5,0.25,0.4854431915200928,0.42091582466087163,-0.06452736685922117,-82.81506790079304,-84.56506790079304
T0040700,624.2,INSUFFICIENT_FUNDS,1,1,488.66259088087656,1.5,0.25,0.6754525793113957,0.541234280874718,-0.13421829843667765,-83.7790618841742,-85.5290618841742
T0019003,2211.47,BANK_DECLINE,0,0,0.0,0.0,0.0,0.530136444912573,0.49105850769459064,-0.039077937217982306,-86.41968581945132,-86.41968581945132
T0016065,3864.42,PAYMENT_TIMEOUT,1,1,3665.64999218565,1.5,0.25,0.6282730527065582,0.6062421493198118,-0.022030903386746403,-85.13666366581053,-86.88666366581053
T0018357,3583.63,LIMIT_EXCEEDED,0,1,2856.8017494714945,0.0,0.0,0.4829129416392776,0.45856186499907414,-0.024351076640203473,-87.26524878013237,-87.26524878013237
T0007949,4973.81,PAYMENT_TIMEOUT,0,0,0.0,0.0,0.0,0.5845071560053537,0.5667880220136238,-0.017719133991729974,-88.13160583940648,-88.13160583940648
T0020509,2852.75,BANK_DECLINE,0,1,2823.1521083885063,0.0,0.0,0.4815826973740055,0.4494858958448431,-0.03209680152916239,-91.564150562318,-91.564150562318
T0030765,2435.2,BANK_DECLINE,1,1,2009.7359504413396,1.5,0.25,0.5147978699813012,0.4778930248563878,-0.03690484512491338,-89.87067884818904,-91.62067884818904
T0006447,2923.79,BANK_DECLINE,1,0,0.0,1.5,0.25,0.47553889238785185,0.4444207690578608,-0.031118123329991032,-90.98285781099447,-92.73285781099447
T0005856,2777.65,BANK_DECLINE,1,1,2439.559464798035,1.5,0.25,0.48713046608965427,0.4542831831837771,-0.032847282905877184,-91.23825536350977,-92.98825536350977
T0011112,2129.3,INSUFFICIENT_FUNDS,1,0,0.0,1.5,0.25,0.3909301265118028,0.34778832919805114,-0.04314179731375167,-91.86182902017144,-93.61182902017144
T0040618,982.08,INSUFFICIENT_FUNDS,0,1,739.4145853465184,0.0,0.0,0.567868654974413,0.47172137324714364,-0.09614728172726933,-94.42432243871667,-94.42432243871667
T0024285,4329.66,LIMIT_EXCEEDED,0,0,0.0,0.0,0.0,0.44378716894208936,0.42168277803527976,-0.0221043909068096,-95.70449713357725,-95.70449713357725
T0029724,5312.11,LIMIT_EXCEEDED,1,0,0.0,1.5,0.25,0.39097101233036,0.37308198701708817,-0.017889025313271856,-95.02847025688455,-96.77847025688455
T0004943,1381.58,INSUFFICIENT_FUNDS,1,1,1231.3783444714552,1.5,0.25,0.49729670127820313,0.42663136010766617,-0.07066534117053697,-97.62982205439046,-99.37982205439046
T0020946,1153.86,INSUFFICIENT_FUNDS,0,1,861.1567873035686,0.0,0.0,0.5409770119733637,0.45410154105111383,-0.08687547092224984,-100.2421308783472,-100.2421308783472
T0006383,3318.78,BANK_DECLINE,0,1,3000.594097164367,0.0,0.0,0.45656794380747595,0.42619723879984006,-0.03037070500763589,-100.79368836524185,-100.79368836524185
T0042581,1724.42,INSUFFICIENT_FUNDS,0,0,0.0,0.0,0.0,0.4529227208044998,0.3933723844127426,-0.05955033639175722,-102.68979108067398,-102.68979108067398
T0014702,898.63,INSUFFICIENT_FUNDS,1,1,728.5928960242703,1.5,0.25,0.6143086980060183,0.49996849161974466,-0.11434020638627362,-102.74953966489707,-104.49953966489707
T0028036,2116.02,INSUFFICIENT_FUNDS,1,1,1729.744892142327,1.5,0.25,0.4070050588002278,0.35832463189565456,-0.04868042690457325,-103.00875693861508,-104.75875693861508
T0011105,1332.24,INSUFFICIENT_FUNDS,1,0,0.0,1.5,0.25,0.5144517522231525,0.4368295488393973,-0.07762220338375525,-103.41140423597409,-105.16140423597409
T0030471,1148.73,INSUFFICIENT_FUNDS,0,0,0.0,0.0,0.0,0.5530818920509396,0.46103187817443797,-0.09205001387650164,-105.74061244035373,-105.74061244035373
T0002418,1210.33,INSUFFICIENT_FUNDS,1,1,1117.8137701099422,1.5,0.25,0.5388090269555623,0.45212117599763224,-0.08668785095793008,-104.9209066499115,-106.6709066499115
T0030090,1519.27,INSUFFICIENT_FUNDS,0,0,0.0,0.0,0.0,0.49333684454222104,0.422618312208411,-0.07071853233381004,-107.44054461878757,-107.44054461878757
T0029558,2736.12,BANK_DECLINE,0,1,2221.505560448802,0.0,0.0,0.5105576657266295,0.47074311556587534,-0.03981455016075419,-108.93738698584275,-108.93738698584275
T0016149,3282.18,BANK_DECLINE,0,1,2867.618535655425,0.0,0.0,0.4678131509328794,0.43422908837638874,-0.03358406255649066,-110.22893844166249,-110.22893844166249
T0019297,1224.52,INSUFFICIENT_FUNDS,0,1,1013.3203377869212,0.0,0.0,0.5481161113320769,0.45719517369968543,-0.09092093763239151,-111.33450654961605,-111.33450654961605
T0000307,2585.76,BANK_DECLINE,0,1,2195.2511389744686,0.0,0.0,0.5281594492855788,0.48487850189773196,-0.043280947387846824,-111.91414251759882,-111.91414251759882
T0035407,1593.55,INSUFFICIENT_FUNDS,1,0,0.0,1.5,0.25,0.48757430585161415,0.41804519394006756,-0.06952911191154659,-110.79811628664507,-112.54811628664507
T0036246,2871.05,BANK_DECLINE,0,1,2410.898869741309,0.0,0.0,0.5034136444296259,0.4639834908799265,-0.039430153549699365,-113.20594234886437,-113.20594234886437
T0025270,1411.02,INSUFFICIENT_FUNDS,1,0,0.0,1.5,0.25,0.5163209825066565,0.4368251752515697,-0.07949580725508676,-112.17017395307252,-113.92017395307252
T0031278,965.67,INSUFFICIENT_FUNDS,1,0,0.0,1.5,0.25,0.6180169646955175,0.5012746523302777,-0.1167423123652398,-112.73454878174111,-114.48454878174111
T0031689,1222.29,INSUFFICIENT_FUNDS,1,0,0.0,1.5,0.25,0.5543672348897801,0.46077547463600826,-0.09359176025377186,-114.39627264058281,-116.14627264058281
T0044611,3200.52,BANK_DECLINE,0,1,3148.2105964840293,0.0,0.0,0.4807676624101638,0.44406154741628084,-0.03670611499388293,-117.4786551602222,-117.4786551602222
T0036983,3213.93,BANK_DECLINE,1,1,2628.176538598839,1.5,0.25,0.4783017903030469,0.44221691089509235,-0.03608487940795457,-115.97427647560744,-117.72427647560744
T0026255,1162.47,INSUFFICIENT_FUNDS,0,0,0.0,0.0,0.0,0.5778139993755895,0.4750195893666406,-0.1027944100089489,-119.49541780310282,-119.49541780310282
T0021796,1638.01,INSUFFICIENT_FUNDS,0,1,1626.0866095931524,0.0,0.0,0.49565056210937525,0.4223326388006562,-0.07331792330871906,-120.0954915589149,-120.0954915589149
T0000615,4415.97,LIMIT_EXCEEDED,1,0,0.0,1.5,0.25,0.4544853574728992,0.4276768065119316,-0.026808550960967625,-118.38575678710421,-120.13575678710421
T0025105,3444.56,LIMIT_EXCEEDED,0,1,3391.4919017136845,0.0,0.0,0.5136109775306692,0.47783451064724447,-0.03577646688342473,-123.23418676796948,-123.23418676796948
T0009778,1261.28,INSUFFICIENT_FUNDS,0,1,1060.360017817131,0.0,0.0,0.5716396338752818,0.47013024895182637,-0.10150938492345546,-128.0317570162559,-128.0317570162559
T0028736,1620.58,INSUFFICIENT_FUNDS,1,0,0.0,1.5,0.25,0.5077915637716861,0.4292945178606213,-0.07849704591106482,-127.21074266255343,-128.96074266255343
T0008251,1354.17,INSUFFICIENT_FUNDS,0,1,1016.523842028207,0.0,0.0,0.560906489629845,0.46273144319229625,-0.09817504643754876,-132.94570263433542,-132.94570263433542
T0018040,1275.45,INSUFFICIENT_FUNDS,0,1,1119.7009605599335,0.0,0.0,0.5798607668248773,0.47468091465172946,-0.10517985217314785,-134.15164245424143,-134.15164245424143
T0021145,1308.32,INSUFFICIENT_FUNDS,1,1,1119.7451390596625,1.5,0.25,0.5701410983683957,0.4686360208386719,-0.10150507752972376,-132.80112303368819,-134.55112303368819
T0004938,1409.4,INSUFFICIENT_FUNDS,0,1,1312.478330201992,0.0,0.0,0.5532729922369847,0.457642686611252,-0.09563030562573266,-134.7813527489076,-134.7813527489076
T0019722,2024.57,INSUFFICIENT_FUNDS,0,0,0.0,0.0,0.0,0.46358370225170603,0.3962898973009994,-0.06729380495070664,-136.24101868905214,-136.24101868905214
T0022376,4040.65,LIMIT_EXCEEDED,1,0,0.0,1.5,0.25,0.4908051055774275,0.4569436576532479,-0.03386144792417961,-136.82225955483634,-138.57225955483634
T0015341,3284.72,BANK_DECLINE,0,0,0.0,0.0,0.0,0.49469279077926637,0.45225645088874,-0.042436339890526364,-139.39149436520975,-139.39149436520975
T0032309,3379.59,BANK_DECLINE,0,0,0.0,0.0,0.0,0.487332835335363,0.44596706709797795,-0.041365768237385026,-139.79933667738408,-139.79933667738408
T0040524,1266.75,INSUFFICIENT_FUNDS,1,1,1264.779529647572,1.5,0.25,0.593549428375826,0.4827570534986711,-0.11079237487715493,-140.346240875636,-142.096240875636
T0008039,1126.75,INSUFFICIENT_FUNDS,0,0,0.0,0.0,0.0,0.6415574479591488,0.5133290619279647,-0.12822838603118414,-144.48133396063673,-144.48133396063673
T0018720,3034.85,BANK_DECLINE,0,1,2782.7575767322774,0.0,0.0,0.5268018542462122,0.47759518252414873,-0.049206671722063444,-149.33486767570423,-149.33486767570423
T0015518,4975.57,LIMIT_EXCEEDED,0,0,0.0,0.0,0.0,0.44203806096835063,0.4116058611954691,-0.03043219977288153,-151.41754022395614,-151.41754022395614
T0006656,1789.21,INSUFFICIENT_FUNDS,1,0,0.0,1.5,0.25,0.5145240004983345,0.430802971179261,-0.08372102931907349,-149.79450286797947,-151.54450286797947
T0025056,1518.16,INSUFFICIENT_FUNDS,1,0,0.0,1.5,0.25,0.5579872439284369,0.4588654212898226,-0.0991218226386143,-150.4827862570387,-152.2327862570387
T0026059,3723.21,BANK_DECLINE,0,0,0.0,0.0,0.0,0.4723925654657818,0.4311539954712292,-0.04123856999455261,-153.53985618941823,-153.53985618941823
T0016752,3345.45,BANK_DECLINE,1,0,0.0,1.5,0.25,0.5022090707253392,0.45647828549653896,-0.0457307852288002,-152.9900554436896,-154.7400554436896
T0044352,1272.63,INSUFFICIENT_FUNDS,1,1,1166.4570674433653,1.5,0.25,0.6182836352267473,0.497290694753009,-0.12099294047373832,-153.97924583509362,-155.72924583509362
T0016958,1831.75,INSUFFICIENT_FUNDS,1,1,1526.77244754364,1.5,0.25,0.5179964279535472,0.43217160794840614,-0.08582482000514102,-157.20961404441707,-158.95961404441707
T0032003,4222.16,PAYMENT_TIMEOUT,1,1,3199.0892704984926,1.5,0.25,0.6544675679586662,0.6168068617438561,-0.0376607062148101,-159.00952735192263,-160.75952735192263
T0030852,1695.1,INSUFFICIENT_FUNDS,0,1,1614.8309069699949,0.0,0.0,0.5489839640138064,0.4513830672610586,-0.09760089675274786,-165.44328008558287,-165.44328008558287
T0038314,4328.96,BANK_DECLINE,0,1,3251.4920641099948,0.0,0.0,0.438685763432002,0.40044325838603917,-0.03824250504596283,-165.55027464377125,-165.55027464377125
T0036541,1539.43,INSUFFICIENT_FUNDS,1,1,1437.767510125706,1.5,0.25,0.5757144389792171,0.46873358505694857,-0.10698085392226858,-164.68953595355794,-166.43953595355794
T0022413,1599.45,INSUFFICIENT_FUNDS,0,1,1304.9951531266854,0.0,0.0,0.5728001469800356,0.4662489638544586,-0.10655118312557699,-170.42328985020413,-170.42328985020413
T0033768,1844.95,INSUFFICIENT_FUNDS,0,0,0.0,0.0,0.0,0.5348378059666057,0.4414098731036922,-0.09342793286291351,-172.3698647354323,-172.3698647354323
T0043180,3827.32,BANK_DECLINE,0,1,3116.279374220081,0.0,0.0,0.47974292072283653,0.43461787226968757,-0.045125048453148964,-172.7080004457061,-172.7080004457061
T0011585,1638.4,INSUFFICIENT_FUNDS,0,0,0.0,0.0,0.0,0.5722903129726424,0.46543232464446715,-0.10685798832817528,-175.07612807688238,-175.07612807688238
T0029525,5643.7,BANK_DECLINE,1,0,0.0,1.5,0.25,0.36776339871556757,0.3368408477952659,-0.03092255092030166,-174.51760062890648,-176.26760062890648
T0024586,1414.13,INSUFFICIENT_FUNDS,0,1,1082.6738621983434,0.0,0.0,0.6228068093450612,0.49808931784787197,-0.12471749149718919,-176.36674625092016,-176.36674625092016
T0011826,4436.97,PAYMENT_TIMEOUT,1,1,3703.17880847002,1.5,0.25,0.6532388874169283,0.6133482334804623,-0.03989065393646596,-176.9936347964814,-178.7436347964814
T0008505,1958.08,INSUFFICIENT_FUNDS,1,1,1743.2205281384713,1.5,0.25,0.5271330986255821,0.4355904516855067,-0.09154264694007541,-179.24782612042284,-180.99782612042284
T0001485,4606.37,BANK_DECLINE,1,1,3285.5050606846685,1.5,0.25,0.4312024579736462,0.3917575656157364,-0.03944489235790982,-181.69776881070507,-183.44776881070507
T0045458,1863.01,INSUFFICIENT_FUNDS,0,1,1326.6862501975716,0.0,0.0,0.5484152224814614,0.44881566122416977,-0.09959956125729158,-185.55497861794677,-185.55497861794677
T0043089,1648.54,INSUFFICIENT_FUNDS,0,1,1582.9131263163454,0.0,0.0,0.5864607385827054,0.47348150599201716,-0.11297923259068826,-186.25078409505323,-186.25078409505323
T0020202,2268.19,INSUFFICIENT_FUNDS,1,1,1903.24438578503,1.5,0.25,0.496536658392442,0.414531361210309,-0.08200529718213301,-186.00359501554226,-187.75359501554226
T0009240,1893.97,INSUFFICIENT_FUNDS,1,0,0.0,1.5,0.25,0.5526058906412088,0.45077345119011303,-0.10183243945109577,-192.86758534719186,-194.61758534719186
T0031087,2035.08,INSUFFICIENT_FUNDS,1,0,0.0,1.5,0.25,0.5338389549436695,0.4383181254726629,-0.0955208294710066,-194.3925296398561,-196.1425296398561
T0023888,1481.81,INSUFFICIENT_FUNDS,1,0,0.0,1.5,0.25,0.6444154001989426,0.5102930572403518,-0.13412234295859082,-198.74382901946947,-200.49382901946947
T0017280,1892.78,INSUFFICIENT_FUNDS,0,1,1370.7902369850751,0.0,0.0,0.5629076314929664,0.4566457793819098,-0.1062618521110566,-201.1303084387657,-201.1303084387657
T0037557,1526.22,INSUFFICIENT_FUNDS,0,1,1500.2967036501852,0.0,0.0,0.637569958066177,0.5055050003044222,-0.13206495776175475,-201.56017983514533,-201.56017983514533
T0041259,2486.33,INSUFFICIENT_FUNDS,0,1,2473.011448479184,0.0,0.0,0.49363174571199525,0.4097606985213744,-0.08387104719062083,-208.5311007614563,-208.5311007614563
T0034486,1712.88,INSUFFICIENT_FUNDS,0,1,1354.0821014603516,0.0,0.0,0.6129713099166632,0.4881836486324676,-0.12478766128419555,-213.74628926047288,-213.74628926047288
T0037693,1874.26,INSUFFICIENT_FUNDS,1,1,1417.9569541491508,1.5,0.25,0.5864113857289163,0.47041442972772723,-0.11599695600118903,-217.40845475478855,-219.15845475478855
T0032221,4176.0,BANK_DECLINE,1,1,3048.2683484310824,1.5,0.25,0.49120150462589707,0.437422173221539,-0.05377933140435809,-224.58248794459936,-226.33248794459936
T0020525,2794.57,INSUFFICIENT_FUNDS,1,1,2579.4942711499725,1.5,0.25,0.4943249679199018,0.40598890448317754,-0.08833606343672429,-246.8613127983666,-248.6113127983666
T0014296,2042.47,INSUFFICIENT_FUNDS,0,1,1444.416619616555,0.0,0.0,0.5951933025158143,0.47326450924842883,-0.12192879326738543,-249.0359023848367,-249.0359023848367
T0020328,4929.51,BANK_DECLINE,1,1,3756.757624290335,1.5,0.25,0.4539640990486154,0.4023255976159639,-0.051638501432651474,-254.55250919726979,-256.3025091972698
T0007071,2026.14,INSUFFICIENT_FUNDS,0,1,1901.3807689296536,0.0,0.0,0.6139061954647678,0.48451377799432377,-0.129392417470444,-262.16715273356544,-262.16715273356544
T0007597,2249.89,INSUFFICIENT_FUNDS,0,1,1955.8694342839935,0.0,0.0,0.5777181828414231,0.46034133767832436,-0.11737684516309871,-264.0849901640041,-264.0849901640041
T0006303,2431.37,INSUFFICIENT_FUNDS,0,1,1899.1492740722597,0.0,0.0,0.5623275696418388,0.4491052283510804,-0.11322234129075842,-275.2854039441113,-275.2854039441113
T0026707,2053.36,INSUFFICIENT_FUNDS,0,1,1699.1427014054038,0.0,0.0,0.6299541156073327,0.4937674590881993,-0.13618665651913342,-279.64023303012783,-279.64023303012783
T0002965,4775.68,BANK_DECLINE,0,1,4683.330685111147,0.0,0.0,0.4838092255335556,0.42415141081896507,-0.05965781471459053,-284.9066325761757,-284.9066325761757
T0013620,1978.42,INSUFFICIENT_FUNDS,1,1,1455.1669342427026,1.5,0.25,0.6510132877454637,0.5076646821325066,-0.14334860561295715,-283.60374831678666,-285.35374831678666
T0010020,2236.15,INSUFFICIENT_FUNDS,1,0,0.0,1.5,0.25,0.6061182804761441,0.47707022759560197,-0.12904805288054216,-288.5708034488244,-290.3208034488244
T0037561,2283.32,INSUFFICIENT_FUNDS,1,1,2258.3723855525263,1.5,0.25,0.6008452754426735,0.47333200414503684,-0.12751327129763668,-291.15360261931977,-292.90360261931977
T0014941,5939.97,PAYMENT_TIMEOUT,1,1,4813.581223136217,1.5,0.25,0.6286382628551396,0.5794555711244707,-0.049182691730668915,-292.1437133994215,-293.8937133994215
T0025752,3027.33,INSUFFICIENT_FUNDS,1,1,2622.635638634478,1.5,0.25,0.5098790769425958,0.4119183240645122,-0.09796075287808365,-296.55952601040894,-298.30952601040894
T0023604,2765.46,INSUFFICIENT_FUNDS,1,1,2562.646314938569,1.5,0.25,0.5506001379743328,0.43801366969818406,-0.11258646827614877,-311.35337455895836,-313.10337455895836
T0010564,2648.1,INSUFFICIENT_FUNDS,1,1,2587.6441952053056,1.5,0.25,0.5671510326291976,0.44895433815568536,-0.11819669447351228,-312.99666663530786,-314.74666663530786
T0023521,5498.96,INSUFFICIENT_FUNDS,1,0,0.0,1.5,0.25,0.32160264940563893,0.26426152990307566,-0.057341119502563265,-315.3165224998153,-317.0665224998153
T0043325,2691.95,INSUFFICIENT_FUNDS,1,1,2366.8118607620977,1.5,0.25,0.5654205780446127,0.4473827894111608,-0.11803778863345188,-317.7518251118208,-319.5018251118208
T0017271,5035.89,BANK_DECLINE,0,0,0.0,0.0,0.0,0.4844966907054005,0.42100694185553145,-0.06348974884986908,-319.7273913355672,-319.7273913355672
T0006659,5457.57,BANK_DECLINE,1,0,0.0,1.5,0.25,0.4535545358106169,0.3948847611204202,-0.058669774690196685,-320.1944022559767,-321.9444022559767
T0019632,3487.77,INSUFFICIENT_FUNDS,1,1,2643.598857232336,1.5,0.25,0.47955688894721504,0.3869117527559711,-0.09264513619124393,-323.1249266537348,-324.8749266537348
T0020862,5537.97,BANK_DECLINE,0,1,4399.501183536296,0.0,0.0,0.4523509522741617,0.39301191644845496,-0.059339035825706765,-328.61780023168933,-328.61780023168933
T0039921,2792.35,INSUFFICIENT_FUNDS,1,1,2093.756497486347,1.5,0.25,0.5637140842263443,0.4450719526326993,-0.118642131593645,-331.29035615551464,-333.04035615551464
T0030260,2282.33,INSUFFICIENT_FUNDS,0,1,1937.527553808712,0.0,0.0,0.6492549183916738,0.5024761222481047,-0.14677879614356915,-334.99764980235216,-334.99764980235216
T0002140,5450.57,BANK_DECLINE,1,1,4445.543999382589,1.5,0.25,0.46235531384872985,0.4007329888802307,-0.061622324968499176,-335.8767958035525,-337.6267958035525
T0009618,3165.66,INSUFFICIENT_FUNDS,0,0,0.0,0.0,0.0,0.53208778337678,0.42236330881317097,-0.10972447456360901,-347.35038014703446,-347.35038014703446
T0010198,4987.96,BANK_DECLINE,1,0,0.0,1.5,0.25,0.5054033764163104,0.4355987407694327,-0.06980463564687767,-348.18273042119995,-349.93273042119995
T0006338,2920.97,INSUFFICIENT_FUNDS,0,1,2599.501929970769,0.0,0.0,0.566624232850751,0.4450100685040046,-0.12161416434674643,-355.2313256319159,-355.2313256319159
T0006332,2823.82,INSUFFICIENT_FUNDS,1,1,2367.901196413008,1.5,0.25,0.5802160470723456,0.45408465551396615,-0.1261313915583795,-356.1723461103832,-357.9223461103832
T0034332,5766.06,PAYMENT_TIMEOUT,1,1,4840.05320179909,1.5,0.25,0.666263230613842,0.6040202898268989,-0.062242940786943035,-358.8965311539608,-360.6465311539608
T0024595,2549.18,INSUFFICIENT_FUNDS,0,0,0.0,0.0,0.0,0.6279855029072706,0.48588950590721847,-0.14209599700005215,-362.2282736325929,-362.2282736325929
T0011198,2470.25,INSUFFICIENT_FUNDS,1,1,2146.1574566667623,1.5,0.25,0.6523380366301815,0.5018508105159938,-0.15048722611418774,-371.74107030857226,-373.49107030857226
T0042864,3733.84,INSUFFICIENT_FUNDS,1,1,3202.95575131243,1.5,0.25,0.4967680152552138,0.39478203766163145,-0.10198597759358236,-380.79932257802153,-382.54932257802153
T0040193,3584.35,INSUFFICIENT_FUNDS,1,1,3580.776988932603,1.5,0.25,0.5164619700826721,0.4082474537914081,-0.10821451629126405,-387.8787014685923,-389.6287014685923
T0005039,5727.91,BANK_DECLINE,1,0,0.0,1.5,0.25,0.4733186401585153,0.40413192139014953,-0.0691867187683658,-396.2952983005101,-398.0452983005101
T0022375,2608.61,INSUFFICIENT_FUNDS,1,1,2556.0044730900204,1.5,0.25,0.6561112799662859,0.5023323285594523,-0.15377895140683362,-401.14931042938025,-402.89931042938025
T0024886,3119.61,INSUFFICIENT_FUNDS,1,1,3092.361512405571,1.5,0.25,0.5781315075922356,0.4489299512676412,-0.12920155632459446,-403.0584671257681,-404.8084671257681
T0025936,2503.51,INSUFFICIENT_FUNDS,1,1,2046.4882257024435,1.5,0.25,0.6883341880818833,0.5243094412943263,-0.16402474678755696,-410.63759383011677,-412.38759383011677
T0023810,3359.75,INSUFFICIENT_FUNDS,0,1,2756.2699890272884,0.0,0.0,0.5581885305272136,0.4343915604910094,-0.12379697003620421,-415.9268700791371,-415.9268700791371
T0043137,3584.46,INSUFFICIENT_FUNDS,0,0,0.0,0.0,0.0,0.5353624157521347,0.41866380712005197,-0.11669860863208276,-418.30149469735534,-418.30149469735534
T0021886,5256.59,INSUFFICIENT_FUNDS,1,1,3766.7731645640174,1.5,0.25,0.38505996571611595,0.3052150966008929,-0.07984486911522304,-419.71174054239026,-421.46174054239026
T0001969,3555.17,INSUFFICIENT_FUNDS,1,1,2618.705120746737,1.5,0.25,0.5398558328082483,0.4215436747231022,-0.11831215808514611,-420.6198350595689,-422.3698350595689
T0040160,3285.42,INSUFFICIENT_FUNDS,1,1,3043.223616182175,1.5,0.25,0.6024958496680302,0.4608290338136657,-0.14166681585436447,-465.4349901442461,-467.1849901442461
T0013097,3516.47,INSUFFICIENT_FUNDS,1,0,0.0,1.5,0.25,0.5739448301068845,0.4412402247922649,-0.13270460531461958,-466.6517634507003,-468.4017634507003
T0037912,5740.47,BANK_DECLINE,1,1,4516.171688365977,1.5,0.25,0.5110008089967768,0.42886106941796254,-0.08213973957881426,-471.5207108599959,-473.2707108599959
T0023546,9465.34,LIMIT_EXCEEDED,1,0,0.0,1.5,0.25,0.33728358303133765,0.28683258406323253,-0.05045099896810512,-477.53585857276414,-479.28585857276414
T0009420,6727.76,BANK_DECLINE,1,1,5852.654659307329,1.5,0.25,0.440811250208358,0.3696638127682594,-0.0711474374400986,-478.6628837119978,-480.4128837119978
T0025032,3335.14,INSUFFICIENT_FUNDS,0,0,0.0,0.0,0.0,0.6161611784981675,0.4682242098431907,-0.14793696865497685,-493.3905016399595,-493.3905016399595
T0003525,3465.69,INSUFFICIENT_FUNDS,1,1,3060.708597910729,1.5,0.25,0.6008447478699398,0.4574448236944467,-0.14339992417549308,-496.9796832157646,-498.7296832157646
T0041150,3964.47,INSUFFICIENT_FUNDS,1,1,3471.8108536308423,1.5,0.25,0.545541491336843,0.41931500062949195,-0.1262264907073511,-500.42113561457217,-502.17113561457217
T0004390,3570.26,INSUFFICIENT_FUNDS,0,1,2842.3523960345974,0.0,0.0,0.5913153566877373,0.4505012486327285,-0.14081410805500877,-502.7429774244756,-502.7429774244756
T0038652,8636.8,LIMIT_EXCEEDED,1,0,0.0,1.5,0.25,0.3852931418100567,0.3266318594423504,-0.05866128236770629,-506.64576355340563,-508.39576355340563
T0042526,6160.93,BANK_DECLINE,1,0,0.0,1.5,0.25,0.49548434461423824,0.4127582422934102,-0.08272610232082805,-509.6697255714592,-511.4197255714592
T0006189,3562.58,INSUFFICIENT_FUNDS,0,1,2637.7613342454256,0.0,0.0,0.6024647308212618,0.45709367037259935,-0.1453710604486625,-517.896032533196,-517.896032533196
T0041621,8270.53,PAYMENT_TIMEOUT,1,1,6768.142368567402,1.5,0.25,0.5907339807437025,0.5263140005889294,-0.06441998015477313,-532.7873784694558,-534.5373784694558
T0035080,3682.97,INSUFFICIENT_FUNDS,0,1,2814.627643657538,0.0,0.0,0.5998069177453782,0.45392785934350044,-0.14587905840187776,-537.2681957223637,-537.2681957223637
T0036036,4342.18,INSUFFICIENT_FUNDS,1,0,0.0,1.5,0.25,0.5309136123091359,0.40628550829720084,-0.12462810401193508,-541.1576606785443,-542.9076606785443
T0005715,6531.21,BANK_DECLINE,0,0,0.0,0.0,0.0,0.4963122032023048,0.4082208789061262,-0.08809132429617861,-575.3429381564447,-575.3429381564447
T0020222,4322.65,INSUFFICIENT_FUNDS,0,1,3376.8932068230465,0.0,0.0,0.5524336271587479,0.41843979813349846,-0.13399382902524942,-579.2084250359944,-579.2084250359944
T0001218,3722.97,INSUFFICIENT_FUNDS,0,0,0.0,0.0,0.0,0.6227978220476895,0.4669664119587719,-0.1558314100889176,-580.1556648187375,-580.1556648187375
T0016179,4098.16,INSUFFICIENT_FUNDS,1,0,0.0,1.5,0.25,0.5825437585821592,0.4384102233913941,-0.1441335351907651,-590.6822885773859,-592.4322885773859
T0022423,4379.85,INSUFFICIENT_FUNDS,0,1,3856.315736396845,0.0,0.0,0.5906780499487643,0.4393330521166644,-0.15134499783209987,-662.8683887549226,-662.8683887549226
T0008556,4692.25,INSUFFICIENT_FUNDS,0,0,0.0,0.0,0.0,0.5709129102560858,0.42392885051804663,-0.14698405973803919,-689.6859543058143,-689.6859543058143
T0014445,9629.4,LIMIT_EXCEEDED,0,0,0.0,0.0,0.0,0.4119360598040315,0.33080700440770683,-0.08112905539632465,-781.2241260333685,-781.2241260333685
T0007170,10058.29,PAYMENT_TIMEOUT,0,1,8667.052773459223,0.0,0.0,0.5715407733302154,0.4911230028255591,-0.08041777050465626,-808.8652568892791,-808.8652568892791
T0007824,6529.86,INSUFFICIENT_FUNDS,1,0,0.0,1.5,0.25,0.45759913414765657,0.33338522448717817,-0.1242139096604784,-811.0994401355715,-812.8494401355715
T0022168,6466.34,INSUFFICIENT_FUNDS,0,0,0.0,0.0,0.0,0.5217861898010148,0.37404005288576275,-0.147746136915252,-955.3767549805707,-955.3767549805707
T0000835,9567.33,PAYMENT_TIMEOUT,0,1,7118.659144820659,0.0,0.0,0.7021056154290146,0.5769402567961146,-0.12516535863290001,-1197.4982906093032,-1197.4982906093032
T0033473,6449.65,INSUFFICIENT_FUNDS,1,0,0.0,1.5,0.25,0.6076712170676876,0.42172877775575646,-0.1859424393119311,-1199.2636537081964,-1201.0136537081964
T0031286,9521.22,BANK_DECLINE,0,1,8104.972623509371,0.0,0.0,0.5078919137865057,0.3753282578511465,-0.13256365593535918,-1262.1677321648604,-1262.1677321648604
T0034060,10016.59,INSUFFICIENT_FUNDS,0,0,0.0,0.0,0.0,0.379415788470924,0.24821569670068835,-0.13120009177023564,-1314.1775272248246,-1314.1775272248246
T0011868,10458.95,BANK_DECLINE,0,1,9675.363336395352,0.0,0.0,0.46639132271147915,0.3373372178516428,-0.12905410485983637,-1349.7704300237858,-1349.7704300237858
T0039243,10270.54,BANK_DECLINE,0,1,9507.425262653916,0.0,0.0,0.527952568408827,0.37817088927080017,-0.1497816791380268,-1538.3387268542701,-1538.3387268542701
T0012356,10751.67,BANK_DECLINE,1,1,8356.580552251402,1.5,0.25,0.5174444055268,0.36511417660639106,-0.15233022892040898,-1637.8043523766937,-1639.5543523766937
T0019894,11801.87,BANK_DECLINE,0,1,11161.736143832974,0.0,0.0,0.5159473990439463,0.350497452020484,-0.16544994702346227,-1952.6187662777888,-1952.6187662777888
T0026878,12853.93,PAYMENT_TIMEOUT,1,1,9645.592344268169,1.5,0.25,0.6787023690742593,0.5179736243609463,-0.160728744713313,-2065.9960335327955,-2067.7460335327955
T0032751,13412.25,INSUFFICIENT_FUNDS,1,1,12700.560914940948,1.5,0.25,0.5199636323876052,0.2862977661433948,-0.23366586624421043,-3133.9850145339115,-3135.7350145339115
T0038663,20646.44,BANK_DECLINE,1,0,0.0,1.5,0.25,0.3630675189147868,0.17658127565375248,-0.1864862432610343,-3850.2770323143486,-3852.0270323143486
T0022306,26703.03,LIMIT_EXCEEDED,0,1,25286.119035235184,0.0,0.0,0.4551545672379388,0.1747621883405293,-0.2803923788974095,-7487.326105468892,-7487.326105468892
