transaction_id,customer_id,amount,recovery_probability,expected_recovery,expected_net_recovery_if_action,recovery_flag,recovered_amount,recommended_action,intervention_flag,policy_name,policy_rank,actual_recovery_flag,actual_recovered_amount,actual_net_recovery
T0022306,C00491,26703.03,0.3432546856613142,9165.940168854642,9164.190168854642,1,26703.03,INTERVENE,1,RETRY_ALL,1,1,26703.03,26701.28
T0026878,C00590,12853.93,0.6599279938780305,8482.668238348633,8480.918238348633,1,12853.93,INTERVENE,1,RETRY_ALL,2,1,12853.93,12852.18
T0000835,C00018,9567.33,0.6924871494467064,6625.253079515957,6623.503079515957,1,9567.33,INTERVENE,1,RETRY_ALL,3,1,9567.33,9565.58
T0038230,C00832,11837.46,0.5336415544564067,6316.960555215535,6315.210555215535,1,11837.46,INTERVENE,1,RETRY_ALL,4,1,11837.46,11835.71
T0032751,C00713,13412.25,0.4587827320453022,6153.308697874604,6151.558697874604,1,13412.25,INTERVENE,1,RETRY_ALL,5,1,13412.25,13410.5
T0007170,C00157,10058.29,0.5950646718849923,5985.3330385741,5983.5830385741,0,0.0,INTERVENE,1,RETRY_ALL,6,0,0.0,-1.75
T0019894,C00437,11801.87,0.4340136618784932,5122.172815713933,5120.422815713933,1,11801.87,INTERVENE,1,RETRY_ALL,7,1,11801.87,11800.12
T0014488,C00319,9490.22,0.5376191914477411,5102.124403061181,5100.374403061181,0,0.0,INTERVENE,1,RETRY_ALL,8,0,0.0,-1.75
T0041621,C00908,8270.53,0.6145357949947704,5082.5367285780985,5080.7867285780985,1,8270.53,INTERVENE,1,RETRY_ALL,9,1,8270.53,8268.78
T0038663,C00842,20646.44,0.2459145887381636,5077.26080150717,5075.51080150717,0,0.0,INTERVENE,1,RETRY_ALL,10,0,0.0,-1.75
T0012356,C00271,10751.67,0.441407603043249,4745.868883412009,4744.118883412009,1,10751.67,INTERVENE,1,RETRY_ALL,11,1,10751.67,10749.92
T0039243,C00855,10270.54,0.4543891280420528,4666.821715121026,4665.071715121026,1,10270.54,INTERVENE,1,RETRY_ALL,12,1,10270.54,10268.79
T0031286,C00680,9521.22,0.4391937571875489,4181.660384809234,4179.910384809234,0,0.0,INTERVENE,1,RETRY_ALL,13,0,0.0,-1.75
T0011868,C00261,10458.95,0.3948181470127104,4129.383258698587,4127.633258698587,1,10458.95,INTERVENE,1,RETRY_ALL,14,1,10458.95,10457.2
T0034332,C00746,5766.06,0.6790613679560724,3915.5085913167914,3913.7585913167914,1,5766.06,INTERVENE,1,RETRY_ALL,15,1,5766.06,5764.31
T0014941,C00329,5939.97,0.6500377360373243,3861.204650929625,3859.454650929625,1,5939.97,INTERVENE,1,RETRY_ALL,16,1,5939.97,5938.22
T0014445,C00318,9629.4,0.394818372962938,3801.864040609315,3800.114040609315,0,0.0,INTERVENE,1,RETRY_ALL,17,0,0.0,-1.75
T0033473,C00727,6449.65,0.553570316070259,3570.3347890425457,3568.5847890425457,1,6449.65,INTERVENE,1,RETRY_ALL,18,1,6449.65,6447.9
T0034060,C00739,10016.59,0.3441637606847962,3447.3472836377227,3445.5972836377227,1,10016.59,INTERVENE,1,RETRY_ALL,19,1,10016.59,10014.84
T0018044,C00397,5641.17,0.5745428075978803,3241.0936499369345,3239.3436499369345,1,5641.17,INTERVENE,1,RETRY_ALL,20,1,5641.17,5639.42
T0022168,C00488,6466.34,0.5011056884215934,3240.3197572680865,3238.5697572680865,1,6466.34,INTERVENE,1,RETRY_ALL,21,1,6466.34,6464.59
T0038652,C00842,8636.8,0.3746778133938617,3236.0173387201044,3234.2673387201044,0,0.0,INTERVENE,1,RETRY_ALL,22,0,0.0,-1.75
T0034611,C00752,5469.4,0.5907946489374517,3231.292252898498,3229.542252898498,1,5469.4,INTERVENE,1,RETRY_ALL,23,1,5469.4,5467.65
T0017466,C00384,5768.13,0.5437852483931201,3136.6240048138084,3134.8740048138084,0,0.0,INTERVENE,1,RETRY_ALL,24,0,0.0,-1.75
T0007949,C00173,4973.81,0.6230417119144172,3098.8910971370474,3097.1410971370474,1,4973.81,INTERVENE,1,RETRY_ALL,25,1,4973.81,4972.06
T0023546,C00517,9465.34,0.3234810233299963,3061.857869366347,3060.107869366347,1,9465.34,INTERVENE,1,RETRY_ALL,26,1,9465.34,9463.59
T0026292,C00577,4568.22,0.6697928981701375,3059.761313278786,3058.011313278786,1,4568.22,INTERVENE,1,RETRY_ALL,27,1,4568.22,4566.47
T0019706,C00433,4802.65,0.6326804838190164,3038.542925613399,3036.792925613399,1,4802.65,INTERVENE,1,RETRY_ALL,28,1,4802.65,4800.9
T0011826,C00260,4436.97,0.6744202868158924,2992.3825799935103,2990.6325799935103,1,4436.97,INTERVENE,1,RETRY_ALL,29,1,4436.97,4435.22
T0005295,C00117,4928.56,0.5917355317625158,2916.404072423465,2914.654072423465,1,4928.56,INTERVENE,1,RETRY_ALL,30,1,4928.56,4926.81
T0005715,C00126,6531.21,0.4450454033126302,2906.6849885694837,2904.9349885694837,0,0.0,INTERVENE,1,RETRY_ALL,31,0,0.0,-1.75
T0045321,C00988,5159.02,0.5619537717799119,2899.1307476880015,2897.3807476880015,1,5159.02,INTERVENE,1,RETRY_ALL,32,1,5159.02,5157.27
T0007824,C00170,6529.86,0.4375447572982346,2857.10600889145,2855.35600889145,0,0.0,INTERVENE,1,RETRY_ALL,33,0,0.0,-1.75
T0032003,C00695,4222.16,0.676245375669082,2855.2161753349715,2853.4661753349715,1,4222.16,INTERVENE,1,RETRY_ALL,34,1,4222.16,4220.41
T0012051,C00265,4494.92,0.618869446770873,2781.768653679332,2780.018653679332,0,0.0,INTERVENE,1,RETRY_ALL,35,0,0.0,-1.75
T0042526,C00929,6160.93,0.4463599982429644,2749.992703975027,2748.242703975027,1,6160.93,INTERVENE,1,RETRY_ALL,36,1,6160.93,6159.18
T0037912,C00825,5740.47,0.4639761526551749,2663.441185032452,2661.691185032452,1,5740.47,INTERVENE,1,RETRY_ALL,37,1,5740.47,5738.72
T0034042,C00739,4600.71,0.5724095882435771,2633.4905167281077,2631.7405167281077,1,4600.71,INTERVENE,1,RETRY_ALL,38,1,4600.71,4598.96
T0009420,C00205,6727.76,0.3913165740184673,2632.6839940184836,2630.9339940184836,1,6727.76,INTERVENE,1,RETRY_ALL,39,1,6727.76,6726.01
T0029592,C00643,4308.03,0.5923061207237348,2551.672537261471,2549.922537261471,0,0.0,INTERVENE,1,RETRY_ALL,40,0,0.0,-1.75
T0016065,C00352,3864.42,0.6580829251813127,2543.1088177291685,2541.3588177291685,0,0.0,INTERVENE,1,RETRY_ALL,41,0,0.0,-1.75
T0008556,C00186,4692.25,0.5367904543475717,2518.755009412393,2517.005009412393,0,0.0,INTERVENE,1,RETRY_ALL,42,0,0.0,-1.75
T0001623,C00037,4475.23,0.5531976800175946,2475.68685354514,2473.93685354514,1,4475.23,INTERVENE,1,RETRY_ALL,43,1,4475.23,4473.48
T0005039,C00112,5727.91,0.4275079915372807,2448.7272998063054,2446.9772998063054,1,5727.91,INTERVENE,1,RETRY_ALL,44,1,5727.91,5726.16
T0022423,C00493,4379.85,0.5502224067786585,2409.8916083295076,2408.1416083295076,1,4379.85,INTERVENE,1,RETRY_ALL,45,1,4379.85,4378.1
T0034352,C00746,3856.22,0.6201155223497128,2391.3018795954094,2389.5518795954094,1,3856.22,INTERVENE,1,RETRY_ALL,46,1,3856.22,3854.47
T0033814,C00734,3776.6,0.6254866286270899,2362.2128016730676,2360.4628016730676,1,3776.6,INTERVENE,1,RETRY_ALL,47,1,3776.6,3774.85
T0004825,C00107,4300.34,0.5475719373676434,2354.745505139572,2352.995505139572,1,4300.34,INTERVENE,1,RETRY_ALL,48,1,4300.34,4298.59
T0017254,C00378,3815.13,0.6069349046238178,2315.5355626774663,2313.7855626774663,1,3815.13,INTERVENE,1,RETRY_ALL,49,1,3815.13,3813.38
T0008276,C00179,3695.33,0.6251163262826447,2310.0111140020454,2308.2611140020454,0,0.0,INTERVENE,1,RETRY_ALL,50,0,0.0,-1.75
T0010198,C00222,4987.96,0.4628317654539224,2308.586332813547,2306.836332813547,1,4987.96,INTERVENE,1,RETRY_ALL,51,1,4987.96,4986.21
T0002140,C00049,5450.57,0.4186292406996428,2281.767980480252,2280.017980480252,0,0.0,INTERVENE,1,RETRY_ALL,52,0,0.0,-1.75
T0020222,C00445,4322.65,0.5268304985171657,2277.303854415226,2275.553854415226,1,4322.65,INTERVENE,1,RETRY_ALL,53,1,4322.65,4320.9
T0021895,C00482,3974.88,0.5710221741335135,2269.7446195198204,2267.9946195198204,0,0.0,INTERVENE,1,RETRY_ALL,54,0,0.0,-1.75
T0020862,C00459,5537.97,0.4086783522356417,2263.2484543304167,2261.4984543304167,1,5537.97,INTERVENE,1,RETRY_ALL,55,1,5537.97,5536.22
T0041250,C00899,3761.39,0.6003157745549079,2258.021751253085,2256.271751253085,1,3761.39,INTERVENE,1,RETRY_ALL,56,1,3761.39,3759.64
T0006659,C00145,5457.57,0.4102589046152505,2239.0166900610525,2237.2666900610525,1,5457.57,INTERVENE,1,RETRY_ALL,57,1,5457.57,5455.82
T0015518,C00343,4975.57,0.4499772724616433,2238.8934175419786,2237.1434175419786,1,4975.57,INTERVENE,1,RETRY_ALL,58,1,4975.57,4973.82
T0016179,C00354,4098.16,0.5461264626477914,2238.1136241646727,2236.3636241646727,1,4098.16,INTERVENE,1,RETRY_ALL,59,1,4098.16,4096.41
T0036036,C00783,4342.18,0.513871235865622,2231.321402950987,2229.571402950987,0,0.0,INTERVENE,1,RETRY_ALL,60,0,0.0,-1.75
T0017271,C00378,5035.89,0.4421488317775444,2226.612880460218,2224.862880460218,1,5035.89,INTERVENE,1,RETRY_ALL,61,1,5035.89,5034.14
T0022056,C00485,3873.91,0.5725640259734103,2218.0615058586536,2216.3115058586536,1,3873.91,INTERVENE,1,RETRY_ALL,62,1,3873.91,3872.16
T0020800,C00458,3505.26,0.627323636652685,2198.9324506131907,2197.1824506131907,0,0.0,INTERVENE,1,RETRY_ALL,63,0,0.0,-1.75
T0041351,C00901,3396.35,0.6461800034616649,2194.6534547570254,2192.9034547570254,1,3396.35,INTERVENE,1,RETRY_ALL,64,1,3396.35,3394.6
T0001218,C00027,3722.97,0.5733799489369964,2134.6763484939693,2132.9263484939693,1,3722.97,INTERVENE,1,RETRY_ALL,65,1,3722.97,3721.22
T0036675,C00797,3451.27,0.6149104696225893,2122.2220564943536,2120.4720564943536,1,3451.27,INTERVENE,1,RETRY_ALL,66,1,3451.27,3449.52
T0002965,C00070,4775.68,0.4429669382683889,2115.4683477495796,2113.7183477495796,1,4775.68,INTERVENE,1,RETRY_ALL,67,1,4775.68,4773.93
T0029724,C00646,5312.11,0.3982075702976819,2115.3224162540187,2113.5724162540187,1,5312.11,INTERVENE,1,RETRY_ALL,68,1,5312.11,5310.36
T0010979,C00238,3526.31,0.5967851770051511,2104.4495375250344,2102.6995375250344,1,3526.31,INTERVENE,1,RETRY_ALL,69,1,3526.31,3524.56
T0041150,C00897,3964.47,0.5239365905053054,2077.1308949605677,2075.3808949605677,1,3964.47,INTERVENE,1,RETRY_ALL,70,1,3964.47,3962.72
T0035132,C00764,3389.91,0.6122646315080077,2075.5219969953105,2073.7719969953105,1,3389.91,INTERVENE,1,RETRY_ALL,71,1,3389.91,3388.16
T0037656,C00818,3488.31,0.5913512597710879,2062.8165129720837,2061.0665129720837,1,3488.31,INTERVENE,1,RETRY_ALL,72,1,3488.31,3486.56
T0035080,C00762,3682.97,0.5585445219861277,2057.1027181392487,2055.3527181392487,1,3682.97,INTERVENE,1,RETRY_ALL,73,1,3682.97,3681.22
T0000615,C00014,4415.97,0.4655687741275993,2055.9377394842545,2054.1877394842545,0,0.0,INTERVENE,1,RETRY_ALL,74,0,0.0,-1.75
T0020328,C00448,4929.51,0.4135687967704695,2038.6915193679972,2036.9415193679972,0,0.0,INTERVENE,1,RETRY_ALL,75,0,0.0,-1.75
T0022376,C00492,4040.65,0.5027036401872765,2031.249463722719,2029.499463722719,1,4040.65,INTERVENE,1,RETRY_ALL,76,1,4040.65,4038.9
T0042949,C00938,3438.61,0.5857538579661165,2014.1790735408679,2012.4290735408679,0,0.0,INTERVENE,1,RETRY_ALL,77,0,0.0,-1.75
T0006189,C00136,3562.58,0.560687589746752,1997.4943934799837,1995.7443934799837,0,0.0,INTERVENE,1,RETRY_ALL,78,0,0.0,-1.75
T0002330,C00054,3089.91,0.6458327531579805,1995.5650823103754,1993.8150823103754,1,3089.91,INTERVENE,1,RETRY_ALL,79,1,3089.91,3088.16
T0004390,C00096,3570.26,0.5535451464447997,1976.3000945460105,1974.5500945460105,1,3570.26,INTERVENE,1,RETRY_ALL,80,1,3570.26,3568.51
T0024285,C00534,4329.66,0.4554269516444451,1971.843855456888,1970.093855456888,0,0.0,INTERVENE,1,RETRY_ALL,81,0,0.0,-1.75
T0021886,C00482,5256.59,0.3749432456845867,1970.9229158331416,1969.1729158331416,1,5256.59,INTERVENE,1,RETRY_ALL,82,1,5256.59,5254.84
T0019405,C00427,3359.61,0.5866035826806771,1970.7592624098297,1969.0092624098297,1,3359.61,INTERVENE,1,RETRY_ALL,83,1,3359.61,3357.86
T0010502,C00228,3043.84,0.641039734168526,1951.2223844515263,1949.4723844515263,0,0.0,INTERVENE,1,RETRY_ALL,84,0,0.0,-1.75
T0003525,C00080,3465.69,0.5599988925022219,1940.7825617560254,1939.0325617560254,1,3465.69,INTERVENE,1,RETRY_ALL,85,1,3465.69,3463.94
T0013097,C00287,3516.47,0.5428583688118367,1908.9451681757594,1907.1951681757594,1,3516.47,INTERVENE,1,RETRY_ALL,86,1,3516.47,3514.72
T0025032,C00550,3335.14,0.5704220888699139,1902.4375254736044,1900.6875254736044,1,3335.14,INTERVENE,1,RETRY_ALL,87,1,3335.14,3333.39
T0043760,C00954,3251.86,0.5828673113666634,1895.402895140798,1893.652895140798,1,3251.86,INTERVENE,1,RETRY_ALL,88,1,3251.86,3250.11
T0032221,C00700,4176.0,0.4535895730160999,1894.1900569152333,1892.4400569152333,1,4176.0,INTERVENE,1,RETRY_ALL,89,1,4176.0,4174.25
T0020912,C00461,2910.04,0.6506999228899442,1893.562803606653,1891.812803606653,1,2910.04,INTERVENE,1,RETRY_ALL,90,1,2910.04,2908.29
T0015660,C00345,3006.49,0.6287062210552534,1890.1989665404087,1888.4489665404087,1,3006.49,INTERVENE,1,RETRY_ALL,91,1,3006.49,3004.74
T0043137,C00942,3584.46,0.5191714304961369,1860.9492257561828,1859.1992257561828,0,0.0,INTERVENE,1,RETRY_ALL,92,0,0.0,-1.75
T0001969,C00045,3555.17,0.5219623910035961,1855.6650336242549,1853.9150336242549,0,0.0,INTERVENE,1,RETRY_ALL,93,0,0.0,-1.75
T0029525,C00643,5643.7,0.3283827428240702,1853.2936856762049,1851.5436856762049,1,5643.7,INTERVENE,1,RETRY_ALL,94,1,5643.7,5641.95
T0040160,C00874,3285.42,0.5617158003472434,1845.4723247768407,1843.7223247768407,1,3285.42,INTERVENE,1,RETRY_ALL,95,1,3285.42,3283.67
T0005932,C00131,3070.19,0.6003269619459125,1843.117835296721,1841.367835296721,0,0.0,INTERVENE,1,RETRY_ALL,96,0,0.0,-1.75
T0042864,C00937,3733.84,0.4927757694478025,1839.9458789949829,1838.1958789949829,1,3733.84,INTERVENE,1,RETRY_ALL,97,1,3733.84,3732.09
T0040193,C00875,3584.35,0.5079612638044543,1820.7109559174955,1818.9609559174955,1,3584.35,INTERVENE,1,RETRY_ALL,98,1,3584.35,3582.6
T0001485,C00034,4606.37,0.3938547736133321,1814.2408135292446,1812.4908135292446,1,4606.37,INTERVENE,1,RETRY_ALL,99,1,4606.37,4604.62
T0023810,C00524,3359.75,0.5337321462845045,1793.206578479364,1791.456578479364,0,0.0,INTERVENE,1,RETRY_ALL,100,0,0.0,-1.75
T0018357,C00404,3583.63,0.499394608976544,1789.6455025666123,1787.8955025666123,0,0.0,INTERVENE,1,RETRY_ALL,101,0,0.0,-1.75
T0025105,C00551,3444.56,0.5182373095508673,1785.0995069865355,1783.3495069865355,1,3444.56,INTERVENE,1,RETRY_ALL,102,1,3444.56,3442.81
T0037318,C00810,2936.81,0.6040660228871624,1774.0271366752472,1772.2771366752472,1,2936.81,INTERVENE,1,RETRY_ALL,103,1,2936.81,2935.06
T0023316,C00512,4270.86,0.4091521313430894,1747.4314716679467,1745.6814716679467,1,4270.86,INTERVENE,1,RETRY_ALL,104,1,4270.86,4269.11
T0038314,C00834,4328.96,0.4024318005836505,1742.1111674545998,1740.3611674545998,0,0.0,INTERVENE,1,RETRY_ALL,105,0,0.0,-1.75
T0024850,C00547,2900.37,0.5932023308612363,1720.5062443600038,1718.7562443600038,0,0.0,INTERVENE,1,RETRY_ALL,106,0,0.0,-1.75
T0022506,C00495,2950.24,0.5830417443461505,1720.113075839787,1718.363075839787,1,2950.24,INTERVENE,1,RETRY_ALL,107,1,2950.24,2948.49
T0023521,C00517,5498.96,0.3112909383987239,1711.7764186170468,1710.0264186170468,0,0.0,INTERVENE,1,RETRY_ALL,108,0,0.0,-1.75
T0024886,C00547,3119.61,0.5468837865725771,1706.0641294296772,1704.3141294296772,0,0.0,INTERVENE,1,RETRY_ALL,109,0,0.0,-1.75
T0043180,C00943,3827.32,0.444440563695782,1701.0162582441403,1699.2662582441403,1,3827.32,INTERVENE,1,RETRY_ALL,110,1,3827.32,3825.57
T0044823,C00978,3437.17,0.4922774868423709,1692.041409449992,1690.291409449992,1,3437.17,INTERVENE,1,RETRY_ALL,111,1,3437.17,3435.42
T0027274,C00597,3091.65,0.5443245941253173,1682.8611314275372,1681.1111314275372,1,3091.65,INTERVENE,1,RETRY_ALL,112,1,3091.65,3089.9
T0023828,C00524,2744.33,0.6099718371333361,1673.9640118001282,1672.2140118001282,1,2744.33,INTERVENE,1,RETRY_ALL,113,1,2744.33,2742.58
T0025889,C00570,2600.33,0.6398317718913457,1663.7737514022228,1662.0237514022228,1,2600.33,INTERVENE,1,RETRY_ALL,114,1,2600.33,2598.58
T0019632,C00432,3487.77,0.4767882298260933,1662.9276843405535,1661.1776843405535,1,3487.77,INTERVENE,1,RETRY_ALL,115,1,3487.77,3486.02
T0009618,C00210,3165.66,0.5186853030306862,1641.981316392122,1640.231316392122,1,3165.66,INTERVENE,1,RETRY_ALL,116,1,3165.66,3163.91
T0038307,C00834,3654.98,0.4480321224934166,1637.5484470709878,1635.7984470709878,0,0.0,INTERVENE,1,RETRY_ALL,117,0,0.0,-1.75
T0026059,C00573,3723.21,0.4379294436728283,1630.503283977111,1628.753283977111,1,3723.21,INTERVENE,1,RETRY_ALL,118,1,3723.21,3721.46
T0042048,C00918,2616.95,0.6170070253230585,1614.6765349191778,1612.9265349191778,0,0.0,INTERVENE,1,RETRY_ALL,119,0,0.0,-1.75
T0027186,C00595,2678.26,0.6012895765666252,1610.4098213353298,1608.6598213353298,1,2678.26,INTERVENE,1,RETRY_ALL,120,1,2678.26,2676.51
T0041511,C00906,2597.54,0.618888309519216,1607.5871395085444,1605.8371395085444,1,2597.54,INTERVENE,1,RETRY_ALL,121,1,2597.54,2595.79
T0006338,C00138,2920.97,0.540463433873709,1578.6774764420877,1576.9274764420877,1,2920.97,INTERVENE,1,RETRY_ALL,122,1,2920.97,2919.22
T0016752,C00368,3345.45,0.4692699282635716,1569.9190815093655,1568.1690815093655,0,0.0,INTERVENE,1,RETRY_ALL,123,0,0.0,-1.75
T0022375,C00492,2608.61,0.6003713654340186,1566.1347475848354,1564.3847475848354,1,2608.61,INTERVENE,1,RETRY_ALL,124,1,2608.61,2606.86
T0025936,C00571,2503.51,0.6244970550999515,1563.4346224132796,1561.6846224132796,1,2503.51,INTERVENE,1,RETRY_ALL,125,1,2503.51,2501.76
T0022824,C00502,2879.41,0.5412918314526856,1558.6011124031772,1556.8511124031772,1,2879.41,INTERVENE,1,RETRY_ALL,126,1,2879.41,2877.66
T0028677,C00627,2525.76,0.6152226054131662,1553.9046478483588,1552.1546478483588,1,2525.76,INTERVENE,1,RETRY_ALL,127,1,2525.76,2524.01
T0000153,C00004,3532.84,0.4391947521357395,1551.604788135226,1549.854788135226,0,0.0,INTERVENE,1,RETRY_ALL,128,0,0.0,-1.75
T0006332,C00138,2823.82,0.5492492754630742,1550.9810890381384,1549.2310890381384,0,0.0,INTERVENE,1,RETRY_ALL,129,0,0.0,-1.75
T0032309,C00702,3379.59,0.4543998641337741,1535.6852368278617,1533.9352368278617,1,3379.59,INTERVENE,1,RETRY_ALL,130,1,3379.59,3377.84
T0025752,C00567,3027.33,0.5060192436738734,1531.8872369512271,1530.1372369512271,0,0.0,INTERVENE,1,RETRY_ALL,131,0,0.0,-1.75
T0036346,C00791,2934.57,0.5201249411186759,1526.343048458633,1524.593048458633,1,2934.57,INTERVENE,1,RETRY_ALL,132,1,2934.57,2932.82
T0015341,C00339,3284.72,0.4621801049800637,1518.1322344301147,1516.3822344301147,1,3284.72,INTERVENE,1,RETRY_ALL,133,1,3284.72,3282.97
T0029503,C00642,4813.1,0.3153648463896713,1517.882542158127,1516.132542158127,0,0.0,INTERVENE,1,RETRY_ALL,134,0,0.0,-1.75
T0004616,C00102,3696.79,0.408304484771443,1509.4159362582227,1507.6659362582227,1,3696.79,INTERVENE,1,RETRY_ALL,135,1,3696.79,3695.04
T0039921,C00870,2792.35,0.5391322934643106,1505.4460596550675,1503.6960596550675,1,2792.35,INTERVENE,1,RETRY_ALL,136,1,2792.35,2790.6
T0018720,C00413,3034.85,0.4960148496173217,1505.3306663611286,1503.5806663611286,1,3034.85,INTERVENE,1,RETRY_ALL,137,1,3034.85,3033.1
T0019010,C00418,2455.74,0.6124618644620158,1504.0470990339504,1502.2970990339504,1,2455.74,INTERVENE,1,RETRY_ALL,138,1,2455.74,2453.99
T0024595,C00542,2549.18,0.5811802889364565,1481.533168951036,1479.783168951036,1,2549.18,INTERVENE,1,RETRY_ALL,139,1,2549.18,2547.43
T0011198,C00243,2470.25,0.5982259438432335,1477.7676377787475,1476.0176377787475,1,2470.25,INTERVENE,1,RETRY_ALL,140,1,2470.25,2468.5
T0023604,C00519,2765.46,0.5312250851470267,1469.0817239706964,1467.3317239706964,0,0.0,INTERVENE,1,RETRY_ALL,141,0,0.0,-1.75
T0020058,C00441,2542.15,0.5769536327990903,1466.7026776202074,1464.9526776202074,1,2542.15,INTERVENE,1,RETRY_ALL,142,1,2542.15,2540.4
T0042583,C00931,3936.84,0.3708088466859583,1459.8150999871482,1458.0650999871482,0,0.0,INTERVENE,1,RETRY_ALL,143,0,0.0,-1.75
T0032496,C00707,2420.0,0.6023654245870276,1457.7243275006067,1455.9743275006067,1,2420.0,INTERVENE,1,RETRY_ALL,144,1,2420.0,2418.25
T0043325,C00945,2691.95,0.5405399112422827,1455.1064140686628,1453.3564140686628,0,0.0,INTERVENE,1,RETRY_ALL,145,0,0.0,-1.75
T0020767,C00457,2221.85,0.651617903420209,1447.7972387141913,1446.0472387141913,1,2221.85,INTERVENE,1,RETRY_ALL,146,1,2221.85,2220.1
T0021620,C00476,2242.72,0.6429958347841331,1442.0596185870709,1440.3096185870709,1,2242.72,INTERVENE,1,RETRY_ALL,147,1,2242.72,2240.97
T0044611,C00973,3200.52,0.4490227058287979,1437.1061504591842,1435.3561504591842,1,3200.52,INTERVENE,1,RETRY_ALL,148,1,3200.52,3198.77
T0036983,C00803,3213.93,0.4465478783204035,1435.1736225702944,1433.4236225702944,1,3213.93,INTERVENE,1,RETRY_ALL,149,1,3213.93,3212.18
T0010564,C00230,2648.1,0.541762869849575,1434.6422556486596,1432.8922556486596,1,2648.1,INTERVENE,1,RETRY_ALL,150,1,2648.1,2646.35
T0016149,C00353,3282.18,0.4360156468776964,1431.0818358690374,1429.3318358690374,1,3282.18,INTERVENE,1,RETRY_ALL,151,1,3282.18,3280.43
T0041024,C00894,3138.11,0.4505718401690723,1413.9439973529675,1412.1939973529675,1,3138.11,INTERVENE,1,RETRY_ALL,152,1,3138.11,3136.36
T0045776,C00999,4416.1,0.3198416454264072,1412.452690367557,1410.702690367557,0,0.0,INTERVENE,1,RETRY_ALL,153,0,0.0,-1.75
T0006383,C00139,3318.78,0.4250195651808973,1410.5464325310584,1408.7964325310584,1,3318.78,INTERVENE,1,RETRY_ALL,154,1,3318.78,3317.03
T0027169,C00595,2252.63,0.6212411784290882,1399.4265157647171,1397.6765157647171,0,0.0,INTERVENE,1,RETRY_ALL,155,0,0.0,-1.75
T0019493,C00429,3634.57,0.3842492709484366,1396.5808727110593,1394.8308727110593,1,3634.57,INTERVENE,1,RETRY_ALL,156,1,3634.57,3632.82
T0020525,C00452,2794.57,0.495956951498158,1385.9864179482074,1384.2364179482074,0,0.0,INTERVENE,1,RETRY_ALL,157,0,0.0,-1.75
T0043797,C00955,2373.09,0.5830015400501595,1383.5151246776331,1381.7651246776331,0,0.0,INTERVENE,1,RETRY_ALL,158,0,0.0,-1.75
T0030260,C00659,2282.33,0.596768246333958,1362.0220716553822,1360.2720716553822,1,2282.33,INTERVENE,1,RETRY_ALL,159,1,2282.33,2280.58
T0036246,C00789,2871.05,0.4732617045298315,1358.758016790373,1357.008016790373,1,2871.05,INTERVENE,1,RETRY_ALL,160,1,2871.05,2869.3
T0044921,C00980,2588.01,0.5178065019314078,1340.0884050635027,1338.3384050635027,0,0.0,INTERVENE,1,RETRY_ALL,161,0,0.0,-1.75
T0010403,C00226,3334.56,0.3995721631820376,1332.3973524602952,1330.6473524602952,0,0.0,INTERVENE,1,RETRY_ALL,162,0,0.0,-1.75
T0043353,C00945,2012.5,0.6580897916539721,1324.4057057036189,1322.6557057036189,0,0.0,INTERVENE,1,RETRY_ALL,163,0,0.0,-1.75
T0038880,C00846,3097.95,0.4267324212136896,1321.9957042989497,1320.2457042989497,0,0.0,INTERVENE,1,RETRY_ALL,164,0,0.0,-1.75
T0029558,C00643,2736.12,0.4812369765862289,1316.7221163771126,1314.9721163771126,1,2736.12,INTERVENE,1,RETRY_ALL,165,1,2736.12,2734.37
T0004062,C00089,2161.46,0.6090789044447875,1316.4996888012304,1314.7496888012304,0,0.0,INTERVENE,1,RETRY_ALL,166,0,0.0,-1.75
T0006303,C00138,2431.37,0.5395682002107858,1311.8899349464982,1310.1399349464982,1,2431.37,INTERVENE,1,RETRY_ALL,167,1,2431.37,2429.62
T0009029,C00196,2316.16,0.5653722560148787,1309.4926044914214,1307.7426044914214,0,0.0,INTERVENE,1,RETRY_ALL,168,0,0.0,-1.75
T0006447,C00140,2923.79,0.4455238599220844,1302.6182064015911,1300.8682064015911,1,2923.79,INTERVENE,1,RETRY_ALL,169,1,2923.79,2922.04
T0000307,C00008,2585.76,0.5000866477045345,1293.1040501684772,1291.3540501684772,1,2585.76,INTERVENE,1,RETRY_ALL,170,1,2585.76,2584.01
T0016021,C00351,2132.52,0.6053174370502113,1290.8515408583166,1289.1015408583166,1,2132.52,INTERVENE,1,RETRY_ALL,171,1,2132.52,2130.77
T0020509,C00451,2852.75,0.4518152876893117,1288.916061955684,1287.166061955684,1,2852.75,INTERVENE,1,RETRY_ALL,172,1,2852.75,2851.0
T0037561,C00816,2283.32,0.5643039791722052,1288.4865617234798,1286.7365617234798,1,2283.32,INTERVENE,1,RETRY_ALL,173,1,2283.32,2281.57
T0037832,C00823,3137.03,0.4106317362818198,1288.1640756681572,1286.4140756681572,0,0.0,INTERVENE,1,RETRY_ALL,174,0,0.0,-1.75
T0013303,C00291,1956.09,0.6561064859444717,1283.4033360911217,1281.6533360911217,1,1956.09,INTERVENE,1,RETRY_ALL,175,1,1956.09,1954.34
T0005856,C00129,2777.65,0.4576809962774445,1271.2776193100437,1269.5276193100437,1,2777.65,INTERVENE,1,RETRY_ALL,176,1,2777.65,2775.9
T0010020,C00218,2236.15,0.5678879402467718,1269.8826175828187,1268.1326175828187,1,2236.15,INTERVENE,1,RETRY_ALL,177,1,2236.15,2234.4
T0030948,C00673,2821.82,0.4495508719803415,1268.5516415715674,1266.8016415715674,0,0.0,INTERVENE,1,RETRY_ALL,178,0,0.0,-1.75
T0034422,C00747,2357.39,0.5371366329431235,1266.24052713379,1264.49052713379,1,2357.39,INTERVENE,1,RETRY_ALL,179,1,2357.39,2355.64
T0044879,C00979,2116.81,0.5976931431956479,1265.2028224479795,1263.4528224479795,1,2116.81,INTERVENE,1,RETRY_ALL,180,1,2116.81,2115.06
T0041136,C00897,3184.36,0.3956023231181614,1259.7402136445485,1257.9902136445485,1,3184.36,INTERVENE,1,RETRY_ALL,181,1,3184.36,3182.61
T0007597,C00166,2249.89,0.5497523808806503,1236.8823842195661,1235.1323842195661,0,0.0,INTERVENE,1,RETRY_ALL,182,0,0.0,-1.75
T0041259,C00899,2486.33,0.4971156084468758,1235.9934507497208,1234.2434507497208,0,0.0,INTERVENE,1,RETRY_ALL,183,0,0.0,-1.75
T0008774,C00190,2931.32,0.4099981030836214,1201.8356395310811,1200.0856395310811,1,2931.32,INTERVENE,1,RETRY_ALL,184,1,2931.32,2929.57
T0026707,C00587,2053.36,0.5843484457270177,1199.8777245180293,1198.1277245180293,0,0.0,INTERVENE,1,RETRY_ALL,185,0,0.0,-1.75
T0014041,C00307,3019.33,0.3946585318833049,1191.604345071219,1189.854345071219,0,0.0,INTERVENE,1,RETRY_ALL,186,0,0.0,-1.75
T0030765,C00669,2435.2,0.4873343983604192,1186.7567268872926,1185.0067268872926,1,2435.2,INTERVENE,1,RETRY_ALL,187,1,2435.2,2433.45
T0013620,C00298,1978.42,0.5991486562141602,1185.367684427219,1183.617684427219,1,1978.42,INTERVENE,1,RETRY_ALL,188,1,1978.42,1976.67
T0007071,C00155,2026.14,0.5737498302858229,1162.4974811353172,1160.7474811353172,1,2026.14,INTERVENE,1,RETRY_ALL,189,1,2026.14,2024.39
T0010540,C00229,3025.42,0.3841233398368964,1162.134434809343,1160.384434809343,1,3025.42,INTERVENE,1,RETRY_ALL,190,1,3025.42,3023.67
T0028430,C00622,3107.28,0.3723579501371539,1157.0204113021757,1155.2704113021757,0,0.0,INTERVENE,1,RETRY_ALL,191,0,0.0,-1.75
T0030295,C00659,2618.72,0.4395699339410505,1151.1105774101077,1149.3605774101077,0,0.0,INTERVENE,1,RETRY_ALL,192,0,0.0,-1.75
T0010295,C00223,1697.93,0.675915146568629,1147.6566048132725,1145.9066048132725,0,0.0,INTERVENE,1,RETRY_ALL,193,0,0.0,-1.75
T0014296,C00315,2042.47,0.5615522398143921,1146.9536032537014,1145.2036032537014,0,0.0,INTERVENE,1,RETRY_ALL,194,0,0.0,-1.75
T0018963,C00417,2822.68,0.4043174405014778,1141.2587529547113,1139.5087529547113,0,0.0,INTERVENE,1,RETRY_ALL,195,0,0.0,-1.75
T0020202,C00445,2268.19,0.500818355262217,1135.9511852222079,1134.2011852222079,1,2268.19,INTERVENE,1,RETRY_ALL,196,1,2268.19,2266.44
T0026495,C00584,1857.06,0.61080829524033,1134.3076527590072,1132.5576527590072,1,1857.06,INTERVENE,1,RETRY_ALL,197,1,1857.06,1855.31
T0038623,C00841,2860.12,0.3926366957087462,1122.9880661304992,1121.2380661304992,0,0.0,INTERVENE,1,RETRY_ALL,198,0,0.0,-1.75
T0039647,C00863,2625.56,0.4263832531201484,1119.4948140621368,1117.7448140621368,1,2625.56,INTERVENE,1,RETRY_ALL,199,1,2625.56,2623.81
T0007247,C00158,2223.9,0.5000847831235314,1112.1385491884216,1110.3885491884216,1,2223.9,INTERVENE,1,RETRY_ALL,200,1,2223.9,2222.15
T0019003,C00418,2211.47,0.5025424308918424,1111.3575096443826,1109.6075096443826,0,0.0,INTERVENE,1,RETRY_ALL,201,0,0.0,-1.75
T0008028,C00174,2138.02,0.5139536124317455,1098.8431024513206,1097.0931024513206,0,0.0,INTERVENE,1,RETRY_ALL,202,0,0.0,-1.75
T0007152,C00156,2501.85,0.4312329865472477,1078.8802473932315,1077.1302473932315,1,2501.85,INTERVENE,1,RETRY_ALL,203,1,2501.85,2500.1
T0031087,C00676,2035.08,0.523702647433724,1065.7767837394229,1064.0267837394229,0,0.0,INTERVENE,1,RETRY_ALL,204,0,0.0,-1.75
T0012678,C00278,2000.63,0.5227910707415013,1045.9114998575699,1044.1614998575699,1,2000.63,INTERVENE,1,RETRY_ALL,205,1,2000.63,1998.88
T0022600,C00497,2531.67,0.4124529709905423,1044.1948130676262,1042.4448130676262,0,0.0,INTERVENE,1,RETRY_ALL,206,0,0.0,-1.75
T0037693,C00819,1874.26,0.5565756011388489,1043.1673861904987,1041.4173861904987,0,0.0,INTERVENE,1,RETRY_ALL,207,0,0.0,-1.75
T0028023,C00614,2019.19,0.5145292684628252,1038.932353587452,1037.182353587452,1,2019.19,INTERVENE,1,RETRY_ALL,208,1,2019.19,2017.44
T0019795,C00435,2261.81,0.4587200702927284,1037.5376421887959,1035.7876421887959,0,0.0,INTERVENE,1,RETRY_ALL,209,0,0.0,-1.75
T0001406,C00032,1775.79,0.5819483834377346,1033.4181198248946,1031.6681198248946,1,1775.79,INTERVENE,1,RETRY_ALL,210,1,1775.79,1774.04
T0023526,C00517,1889.73,0.5461423769369994,1032.061633969156,1030.311633969156,0,0.0,INTERVENE,1,RETRY_ALL,211,0,0.0,-1.75
T0009042,C00196,2534.22,0.4067507730943365,1030.7959441911294,1029.0459441911294,0,0.0,INTERVENE,1,RETRY_ALL,212,0,0.0,-1.75
T0032545,C00708,2317.59,0.4445805483332788,1030.3554330117238,1028.6054330117238,0,0.0,INTERVENE,1,RETRY_ALL,213,0,0.0,-1.75
T0017280,C00378,1892.78,0.5418480360492955,1025.5991256733855,1023.8491256733855,1,1892.78,INTERVENE,1,RETRY_ALL,214,1,1892.78,1891.03
T0027780,C00608,1916.91,0.5336439058280504,1022.9473395208482,1021.1973395208482,1,1916.91,INTERVENE,1,RETRY_ALL,215,1,1916.91,1915.16
T0004263,C00094,2094.96,0.4875758865408905,1021.451979267704,1019.701979267704,1,2094.96,INTERVENE,1,RETRY_ALL,216,1,2094.96,2093.21
T0008505,C00185,1958.08,0.5199650732238434,1018.1332105781433,1016.3832105781433,1,1958.08,INTERVENE,1,RETRY_ALL,217,1,1958.08,1956.33
T0009240,C00201,1893.97,0.5355363727272787,1014.2898238542841,1012.5398238542841,1,1893.97,INTERVENE,1,RETRY_ALL,218,1,1893.97,1892.22
T0011407,C00249,2414.38,0.4199565921879835,1013.9347970468236,1012.1847970468236,0,0.0,INTERVENE,1,RETRY_ALL,219,0,0.0,-1.75
T0016479,C00360,1580.83,0.6369759272105047,1006.9506550121821,1005.2006550121821,1,1580.83,INTERVENE,1,RETRY_ALL,220,1,1580.83,1579.08
T0044094,C00961,2674.62,0.3755057848545375,1004.335282287643,1002.585282287643,0,0.0,INTERVENE,1,RETRY_ALL,221,0,0.0,-1.75
T0017693,C00388,1697.98,0.5875631018194497,997.6703956273892,995.9203956273892,1,1697.98,INTERVENE,1,RETRY_ALL,222,1,1697.98,1696.23
T0037966,C00826,2641.52,0.3764582170966278,994.4219096250843,992.6719096250843,0,0.0,INTERVENE,1,RETRY_ALL,223,0,0.0,-1.75
T0045458,C00991,1863.01,0.5330984039579014,993.1676575576099,991.4176575576099,1,1863.01,INTERVENE,1,RETRY_ALL,224,1,1863.01,1861.26
T0045601,C00994,2366.89,0.4180548723324556,989.4898967749657,987.7398967749657,1,2366.89,INTERVENE,1,RETRY_ALL,225,1,2366.89,2365.14
T0034486,C00749,1712.88,0.5742882288162094,983.6868213747089,981.9368213747089,1,1712.88,INTERVENE,1,RETRY_ALL,226,1,1712.88,1711.13
T0033004,C00718,2007.06,0.4892490237490782,981.9521456058249,980.2021456058249,1,2007.06,INTERVENE,1,RETRY_ALL,227,1,2007.06,2005.31
T0019048,C00418,1620.69,0.5988755798699305,970.5916635393976,968.8416635393976,1,1620.69,INTERVENE,1,RETRY_ALL,228,1,1620.69,1618.94
T0033768,C00733,1844.95,0.5249709777981436,968.545205488685,966.795205488685,1,1844.95,INTERVENE,1,RETRY_ALL,229,1,1844.95,1843.2
T0017990,C00395,2350.94,0.411469855426661,967.3409419167543,965.5909419167543,1,2350.94,INTERVENE,1,RETRY_ALL,230,1,2350.94,2349.19
T0027139,C00594,3160.42,0.3056151550860932,965.8722484371907,964.1222484371907,0,0.0,INTERVENE,1,RETRY_ALL,231,0,0.0,-1.75
T0004376,C00096,2866.24,0.3356347670024368,962.0097945730643,960.2597945730643,0,0.0,INTERVENE,1,RETRY_ALL,232,0,0.0,-1.75
T0003869,C00086,1444.36,0.6584454377500342,951.0322524686393,949.2822524686393,1,1444.36,INTERVENE,1,RETRY_ALL,233,1,1444.36,1442.61
T0014501,C00320,1483.74,0.6406104273509348,950.499315477676,948.749315477676,1,1483.74,INTERVENE,1,RETRY_ALL,234,1,1483.74,1481.99
T0019722,C00434,2024.57,0.4694022770671688,950.3377680818779,948.5877680818779,1,2024.57,INTERVENE,1,RETRY_ALL,235,1,2024.57,2022.82
T0026121,C00574,2162.16,0.4382321926569045,947.5281176750526,945.7781176750526,1,2162.16,INTERVENE,1,RETRY_ALL,236,1,2162.16,2160.41
T0002943,C00069,1617.79,0.5849102456791809,946.2619463573221,944.5119463573221,1,1617.79,INTERVENE,1,RETRY_ALL,237,1,1617.79,1616.04
T0001000,C00022,2656.77,0.3555031148749227,944.4900105062484,942.7400105062484,1,2656.77,INTERVENE,1,RETRY_ALL,238,1,2656.77,2655.02
T0016958,C00372,1831.75,0.5149749845653574,943.3054279775935,941.5554279775935,0,0.0,INTERVENE,1,RETRY_ALL,239,0,0.0,-1.75
T0022723,C00500,1914.79,0.4912315165965422,940.605195663893,938.855195663893,1,1914.79,INTERVENE,1,RETRY_ALL,240,1,1914.79,1913.04
T0028584,C00625,1563.76,0.6000205961714636,938.288207469088,936.538207469088,1,1563.76,INTERVENE,1,RETRY_ALL,241,1,1563.76,1562.01
T0009806,C00214,2059.37,0.4551500647830432,937.3223889122556,935.5723889122556,1,2059.37,INTERVENE,1,RETRY_ALL,242,1,2059.37,2057.62
T0003177,C00073,2150.05,0.4328371776203982,930.6215737427373,928.8715737427373,1,2150.05,INTERVENE,1,RETRY_ALL,243,1,2150.05,2148.3
T0000486,C00012,1604.18,0.579569785073949,929.7342578199275,927.9842578199275,1,1604.18,INTERVENE,1,RETRY_ALL,244,1,1604.18,1602.43
T0044966,C00981,2134.77,0.4350231131837372,928.6742913312466,926.9242913312466,1,2134.77,INTERVENE,1,RETRY_ALL,245,1,2134.77,2133.02
T0025016,C00550,1991.77,0.462739310426184,921.6702763275605,919.9202763275605,0,0.0,INTERVENE,1,RETRY_ALL,246,0,0.0,-1.75
T0043089,C00941,1648.54,0.5574247308059954,918.9369657229157,917.1869657229157,0,0.0,INTERVENE,1,RETRY_ALL,247,0,0.0,-1.75
T0006656,C00145,1789.21,0.5130667503313235,917.9841603603074,916.2341603603074,0,0.0,INTERVENE,1,RETRY_ALL,248,0,0.0,-1.75
T0020248,C00446,1373.02,0.6617864521361967,908.6460345120407,906.8960345120407,1,1373.02,INTERVENE,1,RETRY_ALL,249,1,1373.02,1371.27
T0005074,C00113,1988.54,0.4553848668595919,905.5510231449729,903.8010231449729,1,1988.54,INTERVENE,1,RETRY_ALL,250,1,1988.54,1986.79
T0030852,C00671,1695.1,0.5340395975641132,905.2505218309283,903.5005218309283,0,0.0,INTERVENE,1,RETRY_ALL,251,0,0.0,-1.75
T0037557,C00816,1526.22,0.5915041123067784,902.7654062848512,901.0154062848512,1,1526.22,INTERVENE,1,RETRY_ALL,252,1,1526.22,1524.47
T0005549,C00122,2446.22,0.3685961863757491,901.6673630360849,899.9173630360849,1,2446.22,INTERVENE,1,RETRY_ALL,253,1,2446.22,2444.47
T0045689,C00997,2374.4,0.3794003770978752,900.8482553811949,899.0982553811949,1,2374.4,INTERVENE,1,RETRY_ALL,254,1,2374.4,2372.65
T0033444,C00727,2238.62,0.4022431991875388,900.469670565208,898.719670565208,0,0.0,INTERVENE,1,RETRY_ALL,255,0,0.0,-1.75
T0039628,C00863,1642.36,0.5482545908907704,900.4314098953657,898.6814098953657,1,1642.36,INTERVENE,1,RETRY_ALL,256,1,1642.36,1640.61
T0011585,C00254,1638.4,0.548566784762439,898.7718201547801,897.0218201547801,0,0.0,INTERVENE,1,RETRY_ALL,257,0,0.0,-1.75
T0018726,C00413,1699.38,0.5226341813465406,888.1540750966842,886.4040750966842,1,1699.38,INTERVENE,1,RETRY_ALL,258,1,1699.38,1697.63
T0025241,C00554,2056.96,0.4317296978938668,888.0507193797682,886.3007193797682,1,2056.96,INTERVENE,1,RETRY_ALL,259,1,2056.96,2055.21
T0036337,C00790,1637.58,0.5421951193560791,887.887883555128,886.137883555128,0,0.0,INTERVENE,1,RETRY_ALL,260,0,0.0,-1.75
T0023888,C00525,1481.81,0.5964029493511976,883.7558543780981,882.0058543780981,1,1481.81,INTERVENE,1,RETRY_ALL,261,1,1481.81,1480.06
T0022413,C00493,1599.45,0.5490242971340473,878.136912051052,876.386912051052,1,1599.45,INTERVENE,1,RETRY_ALL,262,1,1599.45,1597.7
T0024654,C00542,1878.39,0.4674585079447897,878.0693867384136,876.3193867384136,0,0.0,INTERVENE,1,RETRY_ALL,263,0,0.0,-1.75
T0028036,C00614,2116.02,0.4132939415023412,874.538246097784,872.788246097784,0,0.0,INTERVENE,1,RETRY_ALL,264,0,0.0,-1.75
T0002531,C00058,1617.0,0.5324251250404809,860.9314271904576,859.1814271904576,1,1617.0,INTERVENE,1,RETRY_ALL,265,1,1617.0,1615.25
T0042084,C00919,1459.62,0.5893411697765688,860.2141582292753,858.4641582292753,1,1459.62,INTERVENE,1,RETRY_ALL,266,1,1459.62,1457.87
T0036541,C00795,1539.43,0.55105876958997,848.3164016698876,846.5664016698876,1,1539.43,INTERVENE,1,RETRY_ALL,267,1,1539.43,1537.68
T0015813,C00347,2413.19,0.3511958162865857,847.5022319046258,845.7522319046258,0,0.0,INTERVENE,1,RETRY_ALL,268,0,0.0,-1.75
T0011112,C00241,2129.3,0.3975859210771437,846.5797017495621,844.8297017495621,1,2129.3,INTERVENE,1,RETRY_ALL,269,1,2129.3,2127.55
T0020380,C00449,1378.31,0.6121680194705881,843.7573029165062,842.0073029165062,1,1378.31,INTERVENE,1,RETRY_ALL,270,1,1378.31,1376.56
T0001779,C00041,1350.33,0.6200035319750996,837.2093693319362,835.4593693319362,1,1350.33,INTERVENE,1,RETRY_ALL,271,1,1350.33,1348.58
T0044447,C00969,2152.95,0.3865591867571589,832.2426011288252,830.4926011288252,0,0.0,INTERVENE,1,RETRY_ALL,272,0,0.0,-1.75
T0028736,C00629,1620.58,0.509677219710424,825.9727087183189,824.2227087183189,0,0.0,INTERVENE,1,RETRY_ALL,273,0,0.0,-1.75
T0021796,C00480,1638.01,0.5024779626477297,823.0639275966078,821.3139275966078,1,1638.01,INTERVENE,1,RETRY_ALL,274,1,1638.01,1636.26
T0024586,C00542,1414.13,0.581916555454314,822.9056585646091,821.1556585646091,0,0.0,INTERVENE,1,RETRY_ALL,275,0,0.0,-1.75
T0025056,C00551,1518.16,0.5401635966874907,820.0547659470809,818.3047659470809,1,1518.16,INTERVENE,1,RETRY_ALL,276,1,1518.16,1516.41
T0012549,C00275,1303.25,0.6281778578198304,818.6727932036939,816.9227932036939,1,1303.25,INTERVENE,1,RETRY_ALL,277,1,1303.25,1301.5
T0023681,C00521,1900.6,0.4303904917699983,818.0001686580587,816.2501686580587,0,0.0,INTERVENE,1,RETRY_ALL,278,0,0.0,-1.75
T0007500,C00163,1453.5,0.5626435421297222,817.8023884855512,816.0523884855512,1,1453.5,INTERVENE,1,RETRY_ALL,279,1,1453.5,1451.75
T0041788,C00911,2130.1,0.3814422952797546,812.5102331754052,810.7602331754052,0,0.0,INTERVENE,1,RETRY_ALL,280,0,0.0,-1.75
T0037764,C00820,1501.11,0.5392697190473108,809.5031679591086,807.7531679591086,1,1501.11,INTERVENE,1,RETRY_ALL,281,1,1501.11,1499.36
T0032053,C00696,1662.26,0.480536428526474,798.7764836824166,797.0264836824166,1,1662.26,INTERVENE,1,RETRY_ALL,282,1,1662.26,1660.51
T0041502,C00906,1949.37,0.4094433966103289,798.1566740502768,796.4066740502768,1,1949.37,INTERVENE,1,RETRY_ALL,283,1,1949.37,1947.62
T0022341,C00492,1736.04,0.4589589893055036,796.7711637939265,795.0211637939265,1,1736.04,INTERVENE,1,RETRY_ALL,284,1,1736.04,1734.29
T0042581,C00931,1724.42,0.4605305176789821,794.1480352959903,792.3980352959903,1,1724.42,INTERVENE,1,RETRY_ALL,285,1,1724.42,1722.67
T0035407,C00770,1593.55,0.4963006727657658,790.879937085886,789.129937085886,1,1593.55,INTERVENE,1,RETRY_ALL,286,1,1593.55,1591.8
T0013432,C00294,1806.14,0.4373559425080586,789.926062001505,788.176062001505,0,0.0,INTERVENE,1,RETRY_ALL,287,0,0.0,-1.75
T0015759,C00347,2677.85,0.2932059672373309,785.1615993664865,783.4115993664865,0,0.0,INTERVENE,1,RETRY_ALL,288,0,0.0,-1.75
T0027356,C00599,1340.14,0.5855185521708502,784.6768325062433,782.9268325062433,1,1340.14,INTERVENE,1,RETRY_ALL,289,1,1340.14,1338.39
T0002729,C00064,2156.79,0.36355091288276,784.1029733964078,782.3529733964078,1,2156.79,INTERVENE,1,RETRY_ALL,290,1,2156.79,2155.04
T0024417,C00537,2294.54,0.3401663652613571,780.5253317467942,778.7753317467942,0,0.0,INTERVENE,1,RETRY_ALL,291,0,0.0,-1.75
T0010221,C00222,1680.46,0.4634694156647212,778.8418142479375,777.0918142479375,1,1680.46,INTERVENE,1,RETRY_ALL,292,1,1680.46,1678.71
T0017889,C00393,1445.13,0.5336771764870839,771.2328980567796,769.4828980567796,1,1445.13,INTERVENE,1,RETRY_ALL,293,1,1445.13,1443.38
T0027843,C00610,1270.66,0.6033235371989398,766.619085777205,764.869085777205,1,1270.66,INTERVENE,1,RETRY_ALL,294,1,1270.66,1268.91
T0030090,C00655,1519.27,0.5015324102269495,761.9631448854975,760.2131448854975,1,1519.27,INTERVENE,1,RETRY_ALL,295,1,1519.27,1517.52
T0008515,C00185,1970.38,0.3865310774432121,761.6131043725562,759.8631043725562,0,0.0,INTERVENE,1,RETRY_ALL,296,0,0.0,-1.75
T0045197,C00985,1154.57,0.6588689137333545,760.7102817291191,758.9602817291191,1,1154.57,INTERVENE,1,RETRY_ALL,297,1,1154.57,1152.82
T0011091,C00240,1931.07,0.3931167805627741,759.1360214413562,757.3860214413562,1,1931.07,INTERVENE,1,RETRY_ALL,298,1,1931.07,1929.32
T0004938,C00110,1409.4,0.5376673211132645,757.7883223770351,756.0383223770351,1,1409.4,INTERVENE,1,RETRY_ALL,299,1,1409.4,1407.65
T0018803,C00414,1769.54,0.4274373315176208,756.3674556136907,754.6174556136907,1,1769.54,INTERVENE,1,RETRY_ALL,300,1,1769.54,1767.79
T0005609,C00123,1364.02,0.5543031495983599,756.0805821151549,754.3305821151549,1,1364.02,INTERVENE,1,RETRY_ALL,301,1,1364.02,1362.27
T0007277,C00159,1643.87,0.4575864158690341,752.212581454629,750.462581454629,1,1643.87,INTERVENE,1,RETRY_ALL,302,1,1643.87,1642.12
T0045773,C00999,1550.87,0.4845464415472117,751.4685398023241,749.7185398023241,1,1550.87,INTERVENE,1,RETRY_ALL,303,1,1550.87,1549.12
T0027893,C00611,1701.9,0.4400942824665066,748.9964593297476,747.2464593297476,0,0.0,INTERVENE,1,RETRY_ALL,304,0,0.0,-1.75
T0013964,C00305,1216.47,0.6154973173922286,748.7340216881244,746.9840216881244,1,1216.47,INTERVENE,1,RETRY_ALL,305,1,1216.47,1214.72
T0022061,C00485,1842.33,0.4048269406776884,745.8248176187255,744.0748176187255,0,0.0,INTERVENE,1,RETRY_ALL,306,0,0.0,-1.75
T0044352,C00966,1272.63,0.5794251310021218,737.3938044672303,735.6438044672303,1,1272.63,INTERVENE,1,RETRY_ALL,307,1,1272.63,1270.88
T0008251,C00179,1354.17,0.5425424137223679,734.694660390419,732.944660390419,1,1354.17,INTERVENE,1,RETRY_ALL,308,1,1354.17,1352.42
T0009157,C00199,1427.3,0.5146817678918026,734.6052873119698,732.8552873119698,0,0.0,INTERVENE,1,RETRY_ALL,309,0,0.0,-1.75
T0007755,C00168,1417.61,0.5174439955755802,733.5337825678981,731.7837825678981,1,1417.61,INTERVENE,1,RETRY_ALL,310,1,1417.61,1415.86
T0025270,C00555,1411.02,0.5154518974149729,727.312936290475,725.562936290475,1,1411.02,INTERVENE,1,RETRY_ALL,311,1,1411.02,1409.27
T0005343,C00118,1729.87,0.4159704169986287,719.5747452534177,717.8247452534177,0,0.0,INTERVENE,1,RETRY_ALL,312,0,0.0,-1.75
T0021145,C00466,1308.32,0.5484169116308142,717.5048138248268,715.7548138248268,1,1308.32,INTERVENE,1,RETRY_ALL,313,1,1308.32,1306.57
T0006204,C00136,1155.21,0.6183107057957692,714.2787104423305,712.5287104423305,1,1155.21,INTERVENE,1,RETRY_ALL,314,1,1155.21,1153.46
T0003123,C00072,1156.41,0.6171265539837092,713.6513182923012,711.9013182923012,1,1156.41,INTERVENE,1,RETRY_ALL,315,1,1156.41,1154.66
T0040524,C00884,1266.75,0.5633252155167723,713.5922167558713,711.8422167558713,1,1266.75,INTERVENE,1,RETRY_ALL,316,1,1266.75,1265.0
T0034040,C00739,1492.29,0.4780610862307295,713.4057783712553,711.6557783712553,1,1492.29,INTERVENE,1,RETRY_ALL,317,1,1492.29,1490.54
T0038703,C00842,1318.42,0.5410927030937097,713.3874416128089,711.6374416128089,1,1318.42,INTERVENE,1,RETRY_ALL,318,1,1318.42,1316.67
T0019587,C00431,1216.68,0.5855231756158759,712.3943373083239,710.6443373083239,0,0.0,INTERVENE,1,RETRY_ALL,319,0,0.0,-1.75
T0031676,C00687,1096.94,0.6461816494682109,708.8224985676593,707.0724985676593,1,1096.94,INTERVENE,1,RETRY_ALL,320,1,1096.94,1095.19
T0018040,C00397,1275.45,0.5546110144807865,707.3786184195192,705.6286184195192,0,0.0,INTERVENE,1,RETRY_ALL,321,0,0.0,-1.75
T0038915,C00847,1699.39,0.4110918759407172,698.6054230548955,696.8554230548955,1,1699.39,INTERVENE,1,RETRY_ALL,322,1,1699.39,1697.64
T0004943,C00110,1381.58,0.5043316473617896,696.7745173621013,695.0245173621013,1,1381.58,INTERVENE,1,RETRY_ALL,323,1,1381.58,1379.83
T0013482,C00295,1069.44,0.64954411693185,694.6484604115977,692.8984604115977,1,1069.44,INTERVENE,1,RETRY_ALL,324,1,1069.44,1067.69
T0006027,C00132,1558.3,0.445007122359893,693.4545987734213,691.7045987734213,0,0.0,INTERVENE,1,RETRY_ALL,325,0,0.0,-1.75
T0009778,C00214,1261.28,0.5495183587790343,693.0965155608204,691.3465155608204,1,1261.28,INTERVENE,1,RETRY_ALL,326,1,1261.28,1259.53
T0042807,C00935,1080.42,0.6392660474904288,690.6758230296091,688.9258230296091,1,1080.42,INTERVENE,1,RETRY_ALL,327,1,1080.42,1078.67
T0045755,C00999,1041.16,0.6616567251912197,688.8905160000903,687.1405160000903,1,1041.16,INTERVENE,1,RETRY_ALL,328,1,1041.16,1039.41
T0023062,C00506,1156.07,0.5957125481440105,688.6854055328462,686.9354055328462,1,1156.07,INTERVENE,1,RETRY_ALL,329,1,1156.07,1154.32
T0011105,C00241,1332.24,0.5146192290441967,685.5963217018406,683.8463217018406,1,1332.24,INTERVENE,1,RETRY_ALL,330,1,1332.24,1330.49
T0023790,C00523,999.41,0.680785164234242,680.3835009873437,678.6335009873437,1,999.41,INTERVENE,1,RETRY_ALL,331,1,999.41,997.66
T0005712,C00126,1056.42,0.6404127521468485,676.5448396229737,674.7948396229737,1,1056.42,INTERVENE,1,RETRY_ALL,332,1,1056.42,1054.67
T0035884,C00779,1130.98,0.5979146947458716,676.2295614636859,674.4795614636859,1,1130.98,INTERVENE,1,RETRY_ALL,333,1,1130.98,1129.23
T0008039,C00174,1126.75,0.5957542324760734,671.2660814424157,669.5160814424157,1,1126.75,INTERVENE,1,RETRY_ALL,334,1,1126.75,1125.0
T0014749,C00325,1494.04,0.4452337709629341,665.197063169462,663.447063169462,1,1494.04,INTERVENE,1,RETRY_ALL,335,1,1494.04,1492.29
T0028245,C00619,1069.29,0.6205922551334779,663.5930924916765,661.8430924916765,1,1069.29,INTERVENE,1,RETRY_ALL,336,1,1069.29,1067.54
T0008724,C00189,1121.91,0.5903076658435694,662.272073386559,660.522073386559,1,1121.91,INTERVENE,1,RETRY_ALL,337,1,1121.91,1120.16
T0022596,C00497,1042.99,0.6338422755362394,661.0911549615423,659.3411549615423,1,1042.99,INTERVENE,1,RETRY_ALL,338,1,1042.99,1041.24
T0012101,C00266,1542.26,0.4283280146839702,660.5931639264999,658.8431639264999,0,0.0,INTERVENE,1,RETRY_ALL,339,0,0.0,-1.75
T0015765,C00347,1432.74,0.4609891464737249,660.4775897187646,658.7275897187646,1,1432.74,INTERVENE,1,RETRY_ALL,340,1,1432.74,1430.99
T0031689,C00687,1222.29,0.5390026210364623,658.8175136666575,657.0675136666575,1,1222.29,INTERVENE,1,RETRY_ALL,341,1,1222.29,1220.54
T0019297,C00425,1224.52,0.5351837157466375,655.3431636060725,653.5931636060725,1,1224.52,INTERVENE,1,RETRY_ALL,342,1,1224.52,1222.77
T0017328,C00380,1149.3,0.5697918123751486,654.8617299627583,653.1117299627583,1,1149.3,INTERVENE,1,RETRY_ALL,343,1,1149.3,1147.55
T0023298,C00512,1053.26,0.6208633631984984,653.9305459224505,652.1805459224505,0,0.0,INTERVENE,1,RETRY_ALL,344,0,0.0,-1.75
T0027976,C00613,1094.02,0.5934938258402683,649.2941153457704,647.5441153457704,1,1094.02,INTERVENE,1,RETRY_ALL,345,1,1094.02,1092.27
T0015778,C00347,1788.51,0.3626860916023407,648.6677016917024,646.9177016917024,0,0.0,INTERVENE,1,RETRY_ALL,346,0,0.0,-1.75
T0026255,C00577,1162.47,0.5537337884304391,643.6989170367325,641.9489170367325,1,1162.47,INTERVENE,1,RETRY_ALL,347,1,1162.47,1160.72
T0002418,C00056,1210.33,0.529599633300161,640.9903241721838,639.2403241721838,1,1210.33,INTERVENE,1,RETRY_ALL,348,1,1210.33,1208.58
T0010150,C00221,1710.16,0.3730233213914702,637.9295633108367,636.1795633108367,0,0.0,INTERVENE,1,RETRY_ALL,349,0,0.0,-1.75
T0024454,C00538,1283.41,0.4959893645793879,636.5577103948323,634.8077103948323,0,0.0,INTERVENE,1,RETRY_ALL,350,0,0.0,-1.75
T0031150,C00677,1307.58,0.4860425478214525,635.5395146803749,633.7895146803749,1,1307.58,INTERVENE,1,RETRY_ALL,351,1,1307.58,1305.83
T0017469,C00384,1455.3,0.4338047390407227,631.3160367259637,629.5660367259637,1,1455.3,INTERVENE,1,RETRY_ALL,352,1,1455.3,1453.55
T0007945,C00173,1623.52,0.3878557712755597,629.6916017812966,627.9416017812966,0,0.0,INTERVENE,1,RETRY_ALL,353,0,0.0,-1.75
T0038114,C00828,1357.13,0.4610332502593173,625.6820549244273,623.9320549244273,1,1357.13,INTERVENE,1,RETRY_ALL,354,1,1357.13,1355.38
T0044954,C00981,988.27,0.629730751609993,622.3440098936078,620.5940098936078,0,0.0,INTERVENE,1,RETRY_ALL,355,0,0.0,-1.75
T0030471,C00664,1148.73,0.5384792970469614,618.567322896756,616.817322896756,0,0.0,INTERVENE,1,RETRY_ALL,356,0,0.0,-1.75
T0020946,C00461,1153.86,0.5311080637570084,612.8243504466616,611.0743504466616,1,1153.86,INTERVENE,1,RETRY_ALL,357,1,1153.86,1152.11
T0038580,C00840,1312.56,0.4562540294543635,598.8607889006194,597.1107889006194,1,1312.56,INTERVENE,1,RETRY_ALL,358,1,1312.56,1310.81
T0008294,C00180,974.15,0.6094428808252563,593.6887823559234,591.9387823559234,1,974.15,INTERVENE,1,RETRY_ALL,359,1,974.15,972.4
T0006532,C00142,1387.59,0.427114650552562,592.6600179602294,590.9100179602294,1,1387.59,INTERVENE,1,RETRY_ALL,360,1,1387.59,1385.84
T0009472,C00206,1318.74,0.446956432073917,589.4193252331573,587.6693252331573,1,1318.74,INTERVENE,1,RETRY_ALL,361,1,1318.74,1316.99
T0010518,C00228,1385.67,0.4242259504637402,587.8371727790909,586.0871727790909,1,1385.67,INTERVENE,1,RETRY_ALL,362,1,1385.67,1383.92
T0021304,C00469,1486.23,0.3924184185502073,583.2240262018746,581.4740262018746,0,0.0,INTERVENE,1,RETRY_ALL,363,0,0.0,-1.75
T0013361,C00293,982.62,0.5913349259862811,581.0575249726396,579.3075249726396,1,982.62,INTERVENE,1,RETRY_ALL,364,1,982.62,980.87
T0031997,C00695,1487.07,0.3906600277625786,580.9388074848977,579.1888074848977,1,1487.07,INTERVENE,1,RETRY_ALL,365,1,1487.07,1485.32
T0030009,C00653,1281.48,0.4529534491269549,580.4507859872102,578.7007859872102,1,1281.48,INTERVENE,1,RETRY_ALL,366,1,1281.48,1279.73
T0028280,C00619,1390.62,0.4173589057614039,580.3876415299234,578.6376415299234,1,1390.62,INTERVENE,1,RETRY_ALL,367,1,1390.62,1388.87
T0013528,C00296,1175.18,0.4938523864822071,580.3654475461601,578.6154475461601,1,1175.18,INTERVENE,1,RETRY_ALL,368,1,1175.18,1173.43
T0036030,C00783,1101.5,0.5249275858387936,578.2077358014312,576.4577358014312,0,0.0,INTERVENE,1,RETRY_ALL,369,0,0.0,-1.75
T0016981,C00373,1267.85,0.4511695882497816,572.0153624624855,570.2653624624855,1,1267.85,INTERVENE,1,RETRY_ALL,370,1,1267.85,1266.1
T0033036,C00718,1216.4,0.4659105042464753,566.7335373654125,564.9835373654125,1,1216.4,INTERVENE,1,RETRY_ALL,371,1,1216.4,1214.65
T0025688,C00565,1133.12,0.4988197924777667,565.2226832524069,563.4726832524069,1,1133.12,INTERVENE,1,RETRY_ALL,372,1,1133.12,1131.37
T0012181,C00268,1167.93,0.4827779974143267,563.8509065201146,562.1009065201146,0,0.0,INTERVENE,1,RETRY_ALL,373,0,0.0,-1.75
T0016455,C00360,854.81,0.6592705106225041,563.5510251852227,561.8010251852227,1,854.81,INTERVENE,1,RETRY_ALL,374,1,854.81,853.06
T0023557,C00518,909.83,0.6182519921586848,562.5042100257361,560.7542100257361,1,909.83,INTERVENE,1,RETRY_ALL,375,1,909.83,908.08
T0031278,C00680,965.67,0.5803845231832166,560.4599225023368,558.7099225023368,1,965.67,INTERVENE,1,RETRY_ALL,376,1,965.67,963.92
T0016500,C00361,2967.37,0.1868936748991667,554.5826840855402,552.8326840855402,0,0.0,INTERVENE,1,RETRY_ALL,377,0,0.0,-1.75
T0005571,C00122,1026.69,0.5335916696136076,547.8332312755948,546.0832312755948,0,0.0,INTERVENE,1,RETRY_ALL,378,0,0.0,-1.75
T0020450,C00450,1138.94,0.4769710614723157,543.2414207532793,541.4914207532793,0,0.0,INTERVENE,1,RETRY_ALL,379,0,0.0,-1.75
T0021693,C00478,1025.58,0.5285665819802446,542.0873151472993,540.3373151472993,0,0.0,INTERVENE,1,RETRY_ALL,380,0,0.0,-1.75
T0006984,C00153,1318.64,0.4096981286204722,540.2443403240995,538.4943403240995,0,0.0,INTERVENE,1,RETRY_ALL,381,0,0.0,-1.75
T0040618,C00886,982.08,0.5481784169419686,538.3550597103686,536.6050597103686,1,982.08,INTERVENE,1,RETRY_ALL,382,1,982.08,980.33
T0008368,C00182,913.32,0.5885413293914469,537.5265669597962,535.7765669597962,0,0.0,INTERVENE,1,RETRY_ALL,383,0,0.0,-1.75
T0025637,C00563,1258.32,0.4228285236336423,532.0535878586848,530.3035878586848,1,1258.32,INTERVENE,1,RETRY_ALL,384,1,1258.32,1256.57
T0000433,C00010,1230.15,0.4294444209452173,528.2810544257591,526.5310544257591,1,1230.15,INTERVENE,1,RETRY_ALL,385,1,1230.15,1228.4
T0004784,C00107,1095.66,0.4810258911531194,527.0408279008268,525.2908279008268,0,0.0,INTERVENE,1,RETRY_ALL,386,0,0.0,-1.75
T0024020,C00527,1246.89,0.4211392545679332,525.1143251282103,523.3643251282103,0,0.0,INTERVENE,1,RETRY_ALL,387,0,0.0,-1.75
T0035164,C00764,1192.7,0.4396153835926357,524.3292680109366,522.5792680109366,1,1192.7,INTERVENE,1,RETRY_ALL,388,1,1192.7,1190.95
T0015852,C00348,1400.01,0.3725925573859033,521.6333062658384,519.8833062658384,1,1400.01,INTERVENE,1,RETRY_ALL,389,1,1400.01,1398.26
T0018897,C00416,1013.71,0.5138158983339091,520.860314300067,519.110314300067,0,0.0,INTERVENE,1,RETRY_ALL,390,0,0.0,-1.75
T0044225,C00964,1025.85,0.5066094520004978,519.7053063347106,517.9553063347106,1,1025.85,INTERVENE,1,RETRY_ALL,391,1,1025.85,1024.1
T0014702,C00324,898.63,0.5781743557394726,519.5648212981623,517.8148212981623,1,898.63,INTERVENE,1,RETRY_ALL,392,1,898.63,896.88
T0006681,C00145,964.34,0.5353849288409517,516.2931022784834,514.5431022784834,1,964.34,INTERVENE,1,RETRY_ALL,393,1,964.34,962.59
T0010667,C00232,1125.87,0.4584929248014191,516.2034292461736,514.4534292461736,1,1125.87,INTERVENE,1,RETRY_ALL,394,1,1125.87,1124.12
T0031352,C00681,1069.78,0.4799993292457942,513.4936824405657,511.74368244056575,1,1069.78,INTERVENE,1,RETRY_ALL,395,1,1069.78,1068.03
T0000183,C00005,806.92,0.6360643634896447,513.2530561870641,511.5030561870641,1,806.92,INTERVENE,1,RETRY_ALL,396,1,806.92,805.17
T0014416,C00318,1151.44,0.4432852035989535,510.41631483197904,508.66631483197904,0,0.0,INTERVENE,1,RETRY_ALL,397,0,0.0,-1.75
T0000114,C00003,1205.58,0.4176481242301977,503.5082256094417,501.7582256094417,0,0.0,INTERVENE,1,RETRY_ALL,398,0,0.0,-1.75
T0007204,C00158,2259.71,0.2227349149443624,503.3163146489252,501.5663146489252,0,0.0,INTERVENE,1,RETRY_ALL,399,0,0.0,-1.75
T0020901,C00460,1003.41,0.4974568046447217,499.1531323485602,497.4031323485602,1,1003.41,INTERVENE,1,RETRY_ALL,400,1,1003.41,1001.66
T0029832,C00649,1075.92,0.4615199282951691,496.55852125133833,494.80852125133833,1,1075.92,INTERVENE,1,RETRY_ALL,401,1,1075.92,1074.17
T0010429,C00227,807.29,0.6120218021843692,494.0790806854194,492.3290806854194,1,807.29,INTERVENE,1,RETRY_ALL,402,1,807.29,805.54
T0003583,C00081,779.11,0.6310524279116598,491.6592571102533,489.9092571102533,1,779.11,INTERVENE,1,RETRY_ALL,403,1,779.11,777.36
T0033915,C00736,1193.48,0.4114691072797785,491.08015015627,489.33015015627,1,1193.48,INTERVENE,1,RETRY_ALL,404,1,1193.48,1191.73
T0013176,C00289,1110.34,0.440499741966166,489.1044834947127,487.3544834947127,0,0.0,INTERVENE,1,RETRY_ALL,405,0,0.0,-1.75
T0040449,C00882,1031.94,0.4651022539634424,479.9576199550348,478.2076199550348,1,1031.94,INTERVENE,1,RETRY_ALL,406,1,1031.94,1030.19
T0006704,C00146,836.96,0.5728256864326288,479.432186516653,477.682186516653,1,836.96,INTERVENE,1,RETRY_ALL,407,1,836.96,835.21
T0023506,C00516,1115.69,0.4272385292017156,476.6657546450621,474.9157546450621,1,1115.69,INTERVENE,1,RETRY_ALL,408,1,1115.69,1113.94
T0001894,C00043,1063.04,0.4475796817173424,475.79510485280366,474.04510485280366,1,1063.04,INTERVENE,1,RETRY_ALL,409,1,1063.04,1061.29
T0020490,C00451,1040.28,0.4521137955196847,470.32493920321764,468.57493920321764,0,0.0,INTERVENE,1,RETRY_ALL,410,0,0.0,-1.75
T0045230,C00986,714.87,0.6514521855732045,465.7036239007167,463.9536239007167,1,714.87,INTERVENE,1,RETRY_ALL,411,1,714.87,713.12
T0004005,C00088,1133.97,0.4079637667228054,462.6186725506596,460.8686725506596,0,0.0,INTERVENE,1,RETRY_ALL,412,0,0.0,-1.75
T0011274,C00246,1015.34,0.4541775574929906,461.1446412249331,459.3946412249331,1,1015.34,INTERVENE,1,RETRY_ALL,413,1,1015.34,1013.59
T0000901,C00020,1160.94,0.3971443023876355,461.0607064139016,459.3107064139016,1,1160.94,INTERVENE,1,RETRY_ALL,414,1,1160.94,1159.19
T0023879,C00525,1256.01,0.3637593387078756,456.88536701047883,455.13536701047883,1,1256.01,INTERVENE,1,RETRY_ALL,415,1,1256.01,1254.26
T0001142,C00025,897.12,0.505622981781729,453.60448941602476,451.85448941602476,1,897.12,INTERVENE,1,RETRY_ALL,416,1,897.12,895.37
T0000671,C00015,1107.12,0.4095324655670659,453.40158327860996,451.65158327860996,1,1107.12,INTERVENE,1,RETRY_ALL,417,1,1107.12,1105.37
T0020991,C00463,1115.13,0.4045003343362218,451.07045782835104,449.32045782835104,1,1115.13,INTERVENE,1,RETRY_ALL,418,1,1115.13,1113.38
T0032153,C00698,946.46,0.4761912207571496,450.6959427978118,448.9459427978118,1,946.46,INTERVENE,1,RETRY_ALL,419,1,946.46,944.71
T0028547,C00625,1301.5,0.3452669563506998,449.36494369043584,447.61494369043584,1,1301.5,INTERVENE,1,RETRY_ALL,420,1,1301.5,1299.75
T0018191,C00401,674.42,0.6560035794746212,442.421934069274,440.671934069274,1,674.42,INTERVENE,1,RETRY_ALL,421,1,674.42,672.67
T0023520,C00517,1370.52,0.3196612194562477,438.1020944891766,436.3520944891766,1,1370.52,INTERVENE,1,RETRY_ALL,422,1,1370.52,1368.77
T0032708,C00712,1138.68,0.3823992220688362,435.43034618534244,433.68034618534244,0,0.0,INTERVENE,1,RETRY_ALL,423,0,0.0,-1.75
T0027860,C00611,856.0,0.5077856577254839,434.6645230130142,432.9145230130142,1,856.0,INTERVENE,1,RETRY_ALL,424,1,856.0,854.25
T0014407,C00317,848.44,0.5095664133184558,432.3365277159106,430.5865277159106,1,848.44,INTERVENE,1,RETRY_ALL,425,1,848.44,846.69
T0025062,C00551,892.61,0.4819419153761451,430.1861730839009,428.4361730839009,1,892.61,INTERVENE,1,RETRY_ALL,426,1,892.61,890.86
T0010074,C00220,694.6,0.6153438499120174,427.4178381488873,425.6678381488873,1,694.6,INTERVENE,1,RETRY_ALL,427,1,694.6,692.85
T0024029,C00528,1022.9,0.4154367898232293,424.9502923101812,423.2002923101812,1,1022.9,INTERVENE,1,RETRY_ALL,428,1,1022.9,1021.15
T0042165,C00921,682.19,0.618768095550427,422.1174071035458,420.3674071035458,0,0.0,INTERVENE,1,RETRY_ALL,429,0,0.0,-1.75
T0021765,C00479,704.2,0.597811476295129,420.97884160702984,419.22884160702984,1,704.2,INTERVENE,1,RETRY_ALL,430,1,704.2,702.45
T0005622,C00124,718.44,0.5819681871470689,418.1092243739402,416.3592243739402,1,718.44,INTERVENE,1,RETRY_ALL,431,1,718.44,716.69
T0037261,C00809,778.06,0.5360978166845447,417.1162672495768,415.3662672495768,0,0.0,INTERVENE,1,RETRY_ALL,432,0,0.0,-1.75
T0012287,C00270,1014.55,0.4048971080472742,410.78836096936203,409.03836096936203,0,0.0,INTERVENE,1,RETRY_ALL,433,0,0.0,-1.75
T0026587,C00585,660.2,0.615388508276192,406.27949316394194,404.52949316394194,1,660.2,INTERVENE,1,RETRY_ALL,434,1,660.2,658.45
T0030481,C00664,994.44,0.4084181837368958,406.1473786353187,404.3973786353187,0,0.0,INTERVENE,1,RETRY_ALL,435,0,0.0,-1.75
T0027448,C00601,1063.72,0.3802042877187796,404.43090493222024,402.68090493222024,1,1063.72,INTERVENE,1,RETRY_ALL,436,1,1063.72,1061.97
T0024290,C00534,712.32,0.5606191672441904,399.3402452113817,397.5902452113817,1,712.32,INTERVENE,1,RETRY_ALL,437,1,712.32,710.57
T0008920,C00193,992.41,0.3979582949986598,394.93779153962,393.18779153962,0,0.0,INTERVENE,1,RETRY_ALL,438,0,0.0,-1.75
T0044537,C00971,873.23,0.4512905738242252,394.0804677805282,392.3304677805282,0,0.0,INTERVENE,1,RETRY_ALL,439,0,0.0,-1.75
T0020930,C00461,896.6,0.4365545871346247,391.4148428249045,389.6648428249045,1,896.6,INTERVENE,1,RETRY_ALL,440,1,896.6,894.85
T0029978,C00653,903.18,0.4323703690319425,390.5082699022698,388.7582699022698,1,903.18,INTERVENE,1,RETRY_ALL,441,1,903.18,901.43
T0044597,C00973,744.15,0.5226860727693491,388.95684105131113,387.20684105131113,1,744.15,INTERVENE,1,RETRY_ALL,442,1,744.15,742.4
T0004847,C00108,850.16,0.4574015293169012,388.8644841640567,387.1144841640567,1,850.16,INTERVENE,1,RETRY_ALL,443,1,850.16,848.41
T0040700,C00888,624.2,0.6220317836880492,388.27223937808037,386.52223937808037,1,624.2,INTERVENE,1,RETRY_ALL,444,1,624.2,622.45
T0041719,C00909,846.45,0.4571690034245246,386.9707029486889,385.2207029486889,1,846.45,INTERVENE,1,RETRY_ALL,445,1,846.45,844.7
T0035909,C00780,961.12,0.4023526051451178,386.7091358570756,384.9591358570756,0,0.0,INTERVENE,1,RETRY_ALL,446,0,0.0,-1.75
T0016648,C00365,640.92,0.5997605839331802,384.39855345445386,382.64855345445386,0,0.0,INTERVENE,1,RETRY_ALL,447,0,0.0,-1.75
T0019360,C00426,959.03,0.399568619647928,383.1982933009524,381.4482933009524,0,0.0,INTERVENE,1,RETRY_ALL,448,0,0.0,-1.75
T0030928,C00673,621.54,0.6109932160906049,379.7567235289545,378.0067235289545,0,0.0,INTERVENE,1,RETRY_ALL,449,0,0.0,-1.75
T0019137,C00421,684.65,0.55215846861809,378.03529553937534,376.28529553937534,0,0.0,INTERVENE,1,RETRY_ALL,450,0,0.0,-1.75
T0000667,C00015,695.21,0.5433109206934718,377.71518517530853,375.96518517530853,1,695.21,INTERVENE,1,RETRY_ALL,451,1,695.21,693.46
T0000192,C00005,615.14,0.6117817262513902,376.3314110862801,374.5814110862801,0,0.0,INTERVENE,1,RETRY_ALL,452,0,0.0,-1.75
T0019913,C00438,605.88,0.619664924186729,375.4425842662554,373.6925842662554,0,0.0,INTERVENE,1,RETRY_ALL,453,0,0.0,-1.75
T0036572,C00795,852.16,0.4391590130027101,374.23374452038945,372.48374452038945,0,0.0,INTERVENE,1,RETRY_ALL,454,0,0.0,-1.75
T0045712,C00997,977.5,0.3827608301276337,374.14871144976195,372.39871144976195,1,977.5,INTERVENE,1,RETRY_ALL,455,1,977.5,975.75
T0044928,C00980,912.46,0.4079626459912013,372.24959596113155,370.49959596113155,0,0.0,INTERVENE,1,RETRY_ALL,456,0,0.0,-1.75
T0020069,C00441,604.98,0.614832641521314,371.96145146756453,370.21145146756453,1,604.98,INTERVENE,1,RETRY_ALL,457,1,604.98,603.23
T0026611,C00585,545.61,0.6746303403538817,368.0850600004814,366.3350600004814,0,0.0,INTERVENE,1,RETRY_ALL,458,0,0.0,-1.75
T0025050,C00551,732.93,0.4994265686159063,366.04471493565615,364.29471493565615,1,732.93,INTERVENE,1,RETRY_ALL,459,1,732.93,731.18
T0026617,C00586,662.72,0.5485836809697137,363.5573770522486,361.8073770522486,0,0.0,INTERVENE,1,RETRY_ALL,460,0,0.0,-1.75
T0037232,C00809,685.21,0.5272903237040195,361.3046027052312,359.5546027052312,1,685.21,INTERVENE,1,RETRY_ALL,461,1,685.21,683.46
T0006739,C00147,801.96,0.4430198164929859,355.28417203471497,353.53417203471497,0,0.0,INTERVENE,1,RETRY_ALL,462,0,0.0,-1.75
T0034899,C00758,641.57,0.549735314845492,352.6936859454223,350.9436859454223,1,641.57,INTERVENE,1,RETRY_ALL,463,1,641.57,639.82
T0030466,C00664,576.66,0.6081719374156116,350.70842943008654,348.95842943008654,1,576.66,INTERVENE,1,RETRY_ALL,464,1,576.66,574.91
T0038605,C00840,796.3,0.4401160523354244,350.4644124746984,348.7144124746984,0,0.0,INTERVENE,1,RETRY_ALL,465,0,0.0,-1.75
T0018611,C00410,611.91,0.5725316553112089,350.3378452014818,348.5878452014818,0,0.0,INTERVENE,1,RETRY_ALL,466,0,0.0,-1.75
T0036279,C00789,580.6,0.6022127584597896,349.6447275617539,347.8947275617539,1,580.6,INTERVENE,1,RETRY_ALL,467,1,580.6,578.85
T0041660,C00908,645.37,0.5377242597151077,347.03110549233907,345.28110549233907,1,645.37,INTERVENE,1,RETRY_ALL,468,1,645.37,643.62
T0040033,C00872,550.87,0.6289487429667496,346.4689940380934,344.7189940380934,1,550.87,INTERVENE,1,RETRY_ALL,469,1,550.87,549.12
T0022129,C00487,823.55,0.4205533557937956,346.3467161639804,344.5967161639804,1,823.55,INTERVENE,1,RETRY_ALL,470,1,823.55,821.8
T0042579,C00931,1124.12,0.3054995089383522,343.41810798778045,341.66810798778045,0,0.0,INTERVENE,1,RETRY_ALL,471,0,0.0,-1.75
T0017826,C00391,702.01,0.4883325371753305,342.81432442245375,341.06432442245375,1,702.01,INTERVENE,1,RETRY_ALL,472,1,702.01,700.26
T0012538,C00275,624.01,0.5439700954651939,339.4427792712357,337.6927792712357,1,624.01,INTERVENE,1,RETRY_ALL,473,1,624.01,622.26
T0004910,C00109,584.8,0.5773599453716123,337.6400960533188,335.8900960533188,1,584.8,INTERVENE,1,RETRY_ALL,474,1,584.8,583.05
T0017950,C00394,527.85,0.6385751983726877,337.07191846102324,335.32191846102324,0,0.0,INTERVENE,1,RETRY_ALL,475,0,0.0,-1.75
T0037614,C00817,1224.74,0.2724920918224771,333.7319645386606,331.9819645386606,1,1224.74,INTERVENE,1,RETRY_ALL,476,1,1224.74,1222.99
T0030460,C00663,601.56,0.5436045680594803,327.01076396186096,325.26076396186096,1,601.56,INTERVENE,1,RETRY_ALL,477,1,601.56,599.81
T0037164,C00807,742.49,0.4382102190043236,325.3667055085202,323.6167055085202,0,0.0,INTERVENE,1,RETRY_ALL,478,0,0.0,-1.75
T0022537,C00495,721.78,0.4476338595452713,323.0931671425859,321.3431671425859,1,721.78,INTERVENE,1,RETRY_ALL,479,1,721.78,720.03
T0013884,C00304,753.19,0.4285314995312989,322.765640131979,321.015640131979,1,753.19,INTERVENE,1,RETRY_ALL,480,1,753.19,751.44
T0019419,C00427,555.68,0.5788770467111521,321.670397316453,319.920397316453,1,555.68,INTERVENE,1,RETRY_ALL,481,1,555.68,553.93
T0038648,C00841,799.13,0.4022418467380812,321.4435269838028,319.6935269838028,1,799.13,INTERVENE,1,RETRY_ALL,482,1,799.13,797.38
T0031813,C00691,1122.07,0.2862503549846111,321.19293581758257,319.44293581758257,1,1122.07,INTERVENE,1,RETRY_ALL,483,1,1122.07,1120.32
T0016314,C00357,711.4,0.4489096800100747,319.35434635916715,317.60434635916715,1,711.4,INTERVENE,1,RETRY_ALL,484,1,711.4,709.65
T0022816,C00502,450.44,0.7083338871488463,319.0619161273263,317.3119161273263,1,450.44,INTERVENE,1,RETRY_ALL,485,1,450.44,448.69
T0011220,C00244,765.01,0.4158606992748948,318.1375935522872,316.3875935522872,1,765.01,INTERVENE,1,RETRY_ALL,486,1,765.01,763.26
T0005945,C00131,759.13,0.4131821733715949,313.65898327157885,311.90898327157885,1,759.13,INTERVENE,1,RETRY_ALL,487,1,759.13,757.38
T0010183,C00221,889.34,0.3512003697236798,312.3365368100574,310.5865368100574,1,889.34,INTERVENE,1,RETRY_ALL,488,1,889.34,887.59
T0002285,C00053,574.39,0.5416991188441214,311.14655687287484,309.39655687287484,0,0.0,INTERVENE,1,RETRY_ALL,489,0,0.0,-1.75
T0020416,C00450,541.39,0.5682147553213718,307.62578638343746,305.87578638343746,1,541.39,INTERVENE,1,RETRY_ALL,490,1,541.39,539.64
T0031682,C00687,695.02,0.4419825599096817,307.18671878842696,305.43671878842696,0,0.0,INTERVENE,1,RETRY_ALL,491,0,0.0,-1.75
T0016656,C00365,695.04,0.4382413808403701,304.59528933929084,302.84528933929084,1,695.04,INTERVENE,1,RETRY_ALL,492,1,695.04,693.29
T0006448,C00140,560.96,0.5403676132890259,303.12461635061203,301.37461635061203,1,560.96,INTERVENE,1,RETRY_ALL,493,1,560.96,559.21
T0009904,C00216,530.34,0.5697758784396475,302.1749393716827,300.4249393716827,1,530.34,INTERVENE,1,RETRY_ALL,494,1,530.34,528.59
T0010756,C00233,716.96,0.4206537781739577,301.5919327996007,299.8419327996007,1,716.96,INTERVENE,1,RETRY_ALL,495,1,716.96,715.21
T0014761,C00325,695.54,0.4325988970690437,300.88983686740266,299.13983686740266,1,695.54,INTERVENE,1,RETRY_ALL,496,1,695.54,693.79
T0034482,C00749,654.79,0.4590465503520936,300.57909070504735,298.82909070504735,1,654.79,INTERVENE,1,RETRY_ALL,497,1,654.79,653.04
T0019997,C00440,697.51,0.4290263307311991,299.2501559483187,297.5001559483187,1,697.51,INTERVENE,1,RETRY_ALL,498,1,697.51,695.76
T0021313,C00469,564.77,0.5289588347859453,298.7400811220583,296.9900811220583,0,0.0,INTERVENE,1,RETRY_ALL,499,0,0.0,-1.75
T0042549,C00930,475.94,0.6245541210139873,297.2502883553971,295.5002883553971,1,475.94,INTERVENE,1,RETRY_ALL,500,1,475.94,474.19
T0029092,C00635,780.83,0.3796172606868931,296.41654566214675,294.66654566214675,0,0.0,INTERVENE,1,RETRY_ALL,501,0,0.0,-1.75
T0010789,C00234,614.39,0.4814683103655645,295.80931520549916,294.05931520549916,1,614.39,INTERVENE,1,RETRY_ALL,502,1,614.39,612.64
T0028119,C00616,720.76,0.4047506016125418,291.72804361825564,289.97804361825564,0,0.0,INTERVENE,1,RETRY_ALL,503,0,0.0,-1.75
T0028429,C00622,765.39,0.3775546505792049,288.97655400681765,287.22655400681765,0,0.0,INTERVENE,1,RETRY_ALL,504,0,0.0,-1.75
T0014810,C00326,518.56,0.552782750424167,286.651023059956,284.901023059956,1,518.56,INTERVENE,1,RETRY_ALL,505,1,518.56,516.81
T0015931,C00350,476.58,0.5973398641517076,284.6802324574208,282.9302324574208,1,476.58,INTERVENE,1,RETRY_ALL,506,1,476.58,474.83
T0006144,C00135,503.45,0.5572764289242884,280.560818141933,278.810818141933,1,503.45,INTERVENE,1,RETRY_ALL,507,1,503.45,501.7
T0012291,C00270,477.65,0.586264115227552,280.0290546384402,278.2790546384402,1,477.65,INTERVENE,1,RETRY_ALL,508,1,477.65,475.9
T0012720,C00279,455.06,0.6131801623230075,279.03376466670784,277.28376466670784,1,455.06,INTERVENE,1,RETRY_ALL,509,1,455.06,453.31
T0017842,C00392,521.56,0.515797792443663,269.0194966269168,267.2694966269168,1,521.56,INTERVENE,1,RETRY_ALL,510,1,521.56,519.81
T0021006,C00463,600.41,0.4462854777648994,267.95426370482323,266.20426370482323,0,0.0,INTERVENE,1,RETRY_ALL,511,0,0.0,-1.75
T0032633,C00709,439.8,0.6062992689919877,266.6504185026762,264.9004185026762,1,439.8,INTERVENE,1,RETRY_ALL,512,1,439.8,438.05
T0030981,C00674,606.82,0.4392131723376801,266.52333723795107,264.77333723795107,1,606.82,INTERVENE,1,RETRY_ALL,513,1,606.82,605.07
T0022581,C00497,642.01,0.4133915687170426,265.4015210320285,263.6515210320285,1,642.01,INTERVENE,1,RETRY_ALL,514,1,642.01,640.26
T0004637,C00103,564.45,0.4689081706424691,264.6752169191417,262.9252169191417,0,0.0,INTERVENE,1,RETRY_ALL,515,0,0.0,-1.75
T0014571,C00321,641.17,0.4113334462678371,263.7346657435491,261.9846657435491,1,641.17,INTERVENE,1,RETRY_ALL,516,1,641.17,639.42
T0028520,C00624,653.51,0.4020803216477208,262.763511000002,261.013511000002,0,0.0,INTERVENE,1,RETRY_ALL,517,0,0.0,-1.75
T0027560,C00604,466.83,0.5516324449673534,257.5185742841096,255.7685742841096,1,466.83,INTERVENE,1,RETRY_ALL,518,1,466.83,465.08
T0037771,C00821,936.07,0.274205004158866,256.67507824298974,254.92507824298974,0,0.0,INTERVENE,1,RETRY_ALL,519,0,0.0,-1.75
T0031500,C00683,795.89,0.3216986421710826,256.03673231754294,254.28673231754294,1,795.89,INTERVENE,1,RETRY_ALL,520,1,795.89,794.14
T0034584,C00751,436.71,0.5840229146742204,255.0486470673788,253.2986470673788,1,436.71,INTERVENE,1,RETRY_ALL,521,1,436.71,434.96
T0033862,C00735,759.17,0.3274309708288759,248.5757701241577,246.8257701241577,1,759.17,INTERVENE,1,RETRY_ALL,522,1,759.17,757.42
T0018843,C00415,553.95,0.4473365844830651,247.80210097439394,246.05210097439394,1,553.95,INTERVENE,1,RETRY_ALL,523,1,553.95,552.2
T0026881,C00590,517.86,0.4679547602541116,242.33505214519423,240.58505214519423,0,0.0,INTERVENE,1,RETRY_ALL,524,0,0.0,-1.75
T0027948,C00612,423.79,0.5629722060436121,238.5819911992224,236.8319911992224,0,0.0,INTERVENE,1,RETRY_ALL,525,0,0.0,-1.75
T0027304,C00598,430.14,0.5433990592856165,233.73767136111508,231.98767136111508,1,430.14,INTERVENE,1,RETRY_ALL,526,1,430.14,428.39
T0019516,C00429,607.12,0.381861975449165,231.83604253469707,230.08604253469707,0,0.0,INTERVENE,1,RETRY_ALL,527,0,0.0,-1.75
T0045263,C00987,378.61,0.5963889273253756,225.79881177466046,224.04881177466046,1,378.61,INTERVENE,1,RETRY_ALL,528,1,378.61,376.86
T0010693,C00232,479.53,0.4674597480721209,224.1609729930241,222.4109729930241,1,479.53,INTERVENE,1,RETRY_ALL,529,1,479.53,477.78
T0020397,C00449,601.75,0.3709839079254257,223.2395665941249,221.4895665941249,0,0.0,INTERVENE,1,RETRY_ALL,530,0,0.0,-1.75
T0029955,C00652,373.36,0.5943407545321474,221.90306411212256,220.15306411212256,1,373.36,INTERVENE,1,RETRY_ALL,531,1,373.36,371.61
T0036986,C00803,375.2,0.5894676709953078,221.16827015743948,219.41827015743948,1,375.2,INTERVENE,1,RETRY_ALL,532,1,375.2,373.45
T0008618,C00187,406.05,0.5380590273980966,218.47886807499714,216.72886807499714,1,406.05,INTERVENE,1,RETRY_ALL,533,1,406.05,404.3
T0018355,C00404,365.31,0.5942596995518677,217.0890108432928,215.3390108432928,0,0.0,INTERVENE,1,RETRY_ALL,534,0,0.0,-1.75
T0035129,C00764,476.71,0.4397370803501991,209.6270635737434,207.8770635737434,1,476.71,INTERVENE,1,RETRY_ALL,535,1,476.71,474.96
T0022042,C00485,337.94,0.6051714084510277,204.5116257719403,202.7616257719403,1,337.94,INTERVENE,1,RETRY_ALL,536,1,337.94,336.19
T0042375,C00927,579.72,0.3502417104345779,203.0421243731335,201.2921243731335,1,579.72,INTERVENE,1,RETRY_ALL,537,1,579.72,577.97
T0023498,C00516,484.89,0.4117002071815812,199.6293134602769,197.8793134602769,0,0.0,INTERVENE,1,RETRY_ALL,538,0,0.0,-1.75
T0042809,C00936,446.49,0.4413568163150211,197.06140491649379,195.31140491649379,0,0.0,INTERVENE,1,RETRY_ALL,539,0,0.0,-1.75
T0035863,C00779,362.46,0.5412565140607002,196.18383608644137,194.43383608644137,1,362.46,INTERVENE,1,RETRY_ALL,540,1,362.46,360.71
T0030704,C00669,462.25,0.4165319837119156,192.54190947083296,190.79190947083296,0,0.0,INTERVENE,1,RETRY_ALL,541,0,0.0,-1.75
T0030786,C00670,415.77,0.4627636145020065,192.40322800149923,190.65322800149923,0,0.0,INTERVENE,1,RETRY_ALL,542,0,0.0,-1.75
T0018217,C00401,476.02,0.4028463241224306,191.7629072087594,190.0129072087594,1,476.02,INTERVENE,1,RETRY_ALL,543,1,476.02,474.27
T0014339,C00315,405.46,0.4662398404753021,189.04160571911598,187.29160571911598,1,405.46,INTERVENE,1,RETRY_ALL,544,1,405.46,403.71
T0001904,C00043,291.86,0.643397789140613,187.78207873857932,186.03207873857932,1,291.86,INTERVENE,1,RETRY_ALL,545,1,291.86,290.11
T0004409,C00097,321.38,0.576328283414335,185.22038372369897,183.47038372369897,0,0.0,INTERVENE,1,RETRY_ALL,546,0,0.0,-1.75
T0009771,C00214,461.34,0.4014085162660344,185.1858048941723,183.4358048941723,1,461.34,INTERVENE,1,RETRY_ALL,547,1,461.34,459.59
T0041443,C00904,364.47,0.504982338009212,184.05091273421752,182.30091273421752,0,0.0,INTERVENE,1,RETRY_ALL,548,0,0.0,-1.75
T0002288,C00053,320.46,0.5736946001746208,183.84617157195896,182.09617157195896,1,320.46,INTERVENE,1,RETRY_ALL,549,1,320.46,318.71
T0044092,C00961,426.11,0.4205033188963214,179.18066921491152,177.43066921491152,1,426.11,INTERVENE,1,RETRY_ALL,550,1,426.11,424.36
T0002672,C00062,327.4,0.5382283691854725,176.21596807132366,174.46596807132366,0,0.0,INTERVENE,1,RETRY_ALL,551,0,0.0,-1.75
T0000191,C00005,300.35,0.5817220425677668,174.72021548522878,172.97021548522878,1,300.35,INTERVENE,1,RETRY_ALL,552,1,300.35,298.6
T0044793,C00977,386.63,0.4405474906330202,170.3288763034446,168.5788763034446,0,0.0,INTERVENE,1,RETRY_ALL,553,0,0.0,-1.75
T0019367,C00426,280.39,0.6058449248439892,169.87285847700613,168.12285847700613,0,0.0,INTERVENE,1,RETRY_ALL,554,0,0.0,-1.75
T0025822,C00569,249.46,0.6435621412903394,160.54301176628806,158.79301176628806,1,249.46,INTERVENE,1,RETRY_ALL,555,1,249.46,247.71
T0019001,C00418,250.75,0.6380300752980247,159.98604138097969,158.23604138097969,1,250.75,INTERVENE,1,RETRY_ALL,556,1,250.75,249.0
T0005658,C00124,628.72,0.2478200264627361,155.80940703765145,154.05940703765145,0,0.0,INTERVENE,1,RETRY_ALL,557,0,0.0,-1.75
T0001558,C00035,374.45,0.4082361973225382,152.86404408742442,151.11404408742442,0,0.0,INTERVENE,1,RETRY_ALL,558,0,0.0,-1.75
T0016052,C00352,338.92,0.4441444289944146,150.52942987478698,148.77942987478698,1,338.92,INTERVENE,1,RETRY_ALL,559,1,338.92,337.17
T0041575,C00907,357.06,0.4169072564952323,148.86090500418766,147.11090500418766,0,0.0,INTERVENE,1,RETRY_ALL,560,0,0.0,-1.75
T0017955,C00395,279.47,0.4904468200604305,137.06517280228852,135.31517280228852,1,279.47,INTERVENE,1,RETRY_ALL,561,1,279.47,277.72
T0039103,C00851,242.71,0.5544856490954306,134.57921189195199,132.82921189195199,0,0.0,INTERVENE,1,RETRY_ALL,562,0,0.0,-1.75
T0015600,C00344,230.4,0.5693418881955876,131.1763710402634,129.4263710402634,1,230.4,INTERVENE,1,RETRY_ALL,563,1,230.4,228.65
T0014645,C00323,304.35,0.4250865053317495,129.37507789771797,127.62507789771797,0,0.0,INTERVENE,1,RETRY_ALL,564,0,0.0,-1.75
T0035860,C00779,243.65,0.528905018296504,128.86770770794323,127.11770770794323,1,243.65,INTERVENE,1,RETRY_ALL,565,1,243.65,241.9
T0004475,C00098,429.62,0.2926713637709761,125.73747130328674,123.98747130328674,0,0.0,INTERVENE,1,RETRY_ALL,566,0,0.0,-1.75
T0028832,C00630,257.66,0.479606317028577,123.57536364558315,121.82536364558315,1,257.66,INTERVENE,1,RETRY_ALL,567,1,257.66,255.91000000000003
T0029260,C00638,302.98,0.406487211693107,123.15749539877756,121.40749539877756,0,0.0,INTERVENE,1,RETRY_ALL,568,0,0.0,-1.75
T0017251,C00378,208.77,0.5564051039223759,116.16069354587441,114.41069354587441,1,208.77,INTERVENE,1,RETRY_ALL,569,1,208.77,207.02
T0016502,C00361,492.75,0.2356322783157568,116.10780514008917,114.35780514008917,1,492.75,INTERVENE,1,RETRY_ALL,570,1,492.75,491.0
T0001103,C00024,278.71,0.3955694908833492,110.24917280409825,108.49917280409825,0,0.0,INTERVENE,1,RETRY_ALL,571,0,0.0,-1.75
T0004058,C00089,956.35,0.1145907131744675,109.588828544402,107.838828544402,0,0.0,INTERVENE,1,RETRY_ALL,572,0,0.0,-1.75
T0037538,C00816,220.56,0.4901075553133624,108.09812239991521,106.34812239991521,0,0.0,INTERVENE,1,RETRY_ALL,573,0,0.0,-1.75
T0008860,C00192,205.28,0.5172147903211869,106.17385215713324,104.42385215713324,1,205.28,INTERVENE,1,RETRY_ALL,574,1,205.28,203.53
T0034892,C00758,221.27,0.466122805440571,103.13899315983515,101.38899315983515,1,221.27,INTERVENE,1,RETRY_ALL,575,1,221.27,219.52
T0040635,C00886,194.97,0.5076225053980141,98.97115987745082,97.22115987745082,0,0.0,INTERVENE,1,RETRY_ALL,576,0,0.0,-1.75
T0040793,C00889,199.48,0.4220313839233073,84.18682046502134,82.43682046502134,0,0.0,INTERVENE,1,RETRY_ALL,577,0,0.0,-1.75
T0008036,C00174,197.03,0.4252322661571702,83.78351340094724,82.03351340094724,1,197.03,INTERVENE,1,RETRY_ALL,578,1,197.03,195.28
T0004593,C00101,550.79,0.1304065657544532,71.82663235189527,70.07663235189527,0,0.0,INTERVENE,1,RETRY_ALL,579,0,0.0,-1.75
T0045469,C00991,110.46,0.5743320270439937,63.44071570727954,61.69071570727954,1,110.46,INTERVENE,1,RETRY_ALL,580,1,110.46,108.71
T0002337,C00054,103.68,0.5937604647913978,61.56108498957212,59.81108498957212,1,103.68,INTERVENE,1,RETRY_ALL,581,1,103.68,101.93
