transaction_id,amount,recovery_probability,confidence,expected_recovery,expected_net_recovery,recommended_action,policy_selected,recovery_flag,recovered_amount,actual_recovered,actual_recovered_amount
T0022306,26703.03,0.3432546856613142,0.3134906286773715,9165.940168854642,6017.938257404028,INTERVENE,RETRY_ALL,1,26703.03,1,26703.03
T0026878,12853.93,0.6599279938780305,0.3198559877560609,8482.668238348633,5596.2002332663,INTERVENE,RETRY_ALL,1,12853.93,1,12853.93
T0000835,9567.33,0.6924871494467064,0.3849742988934128,6625.253079515957,4586.152619397019,INTERVENE,RETRY_ALL,1,9567.33,1,9567.33
T0038230,11837.46,0.5336415544564067,0.0672831089128134,6316.960555215535,3369.2426501250247,INTERVENE,RETRY_ALL,1,11837.46,1,11837.46
T0032751,13412.25,0.4587827320453022,0.0824345359093956,6153.308697874604,3328.5269223455725,INTERVENE,RETRY_ALL,1,13412.25,1,13412.25
T0007170,10058.29,0.5950646718849923,0.1901293437699847,5985.3330385741,3559.9102407215014,INTERVENE,RETRY_ALL,0,0.0,0,0.0
T0019894,11801.87,0.4340136618784932,0.1319726762430135,5122.172815713933,2897.329835191457,INTERVENE,RETRY_ALL,1,11801.87,1,11801.87
T0014488,9490.22,0.5376191914477411,0.0752383828954821,5102.124403061181,2741.249996239541,INTERVENE,RETRY_ALL,0,0.0,0,0.0
T0041621,8270.53,0.6145357949947704,0.2290715899895408,5082.5367285780985,3121.6507490868617,INTERVENE,RETRY_ALL,1,8270.53,1,8270.53
T0038663,20646.44,0.2459145887381636,0.5081708225236727,5077.26080150717,3826.938299588135,INTERVENE,RETRY_ALL,0,0.0,0,0.0
T0012356,10751.67,0.441407603043249,0.1171847939135019,4745.868883412009,2649.2562752275735,INTERVENE,RETRY_ALL,1,10751.67,1,10751.67
T0039243,10270.54,0.4543891280420528,0.0912217439158943,4666.821715121026,2544.518665259465,INTERVENE,RETRY_ALL,1,10270.54,1,10270.54
T0031286,9521.22,0.4391937571875489,0.1216124856249022,4181.660384809234,2343.3512491225347,INTERVENE,RETRY_ALL,0,0.0,0,0.0
T0011868,10458.95,0.3948181470127104,0.2103637059745792,4129.383258698587,2497.2778121939036,INTERVENE,RETRY_ALL,1,10458.95,1,10458.95
T0034332,5766.06,0.6790613679560724,0.3581227359121448,3915.5085913167914,2657.1206202633343,INTERVENE,RETRY_ALL,1,5766.06,1,5766.06
T0014941,5939.97,0.6500377360373243,0.3000754720746486,3861.204650929625,2508.1787296670805,INTERVENE,RETRY_ALL,1,5939.97,1,5939.97
T0014445,9629.4,0.394818372962938,0.210363254074124,3801.864040609315,2299.068265869644,INTERVENE,RETRY_ALL,0,0.0,0,0.0
T0033473,6449.65,0.553570316070259,0.1071406321405179,3570.3347890425457,1974.6813576469235,INTERVENE,RETRY_ALL,1,6449.65,1,6449.65
T0034060,10016.59,0.3441637606847962,0.3116724786304076,3447.3472836377227,2259.145278114447,INTERVENE,RETRY_ALL,1,10016.59,1,10016.59
T0018044,5641.17,0.5745428075978803,0.1490856151957607,3241.0936499369345,1860.3970453224279,INTERVENE,RETRY_ALL,1,5641.17,1,5641.17
T0022168,6466.34,0.5011056884215934,0.0022113768431868,3240.3197572680865,1621.992662671915,INTERVENE,RETRY_ALL,1,6466.34,1,6466.34
T0038652,8636.8,0.3746778133938617,0.2506443732122766,3236.0173387201044,2021.8034381438322,INTERVENE,RETRY_ALL,0,0.0,0,0.0
T0034611,5469.4,0.5907946489374517,0.1815892978749034,3231.292252898498,1907.2801721654755,INTERVENE,RETRY_ALL,1,5469.4,1,5469.4
T0017466,5768.13,0.5437852483931201,0.0875704967862402,3136.6240048138084,1703.8998635735,INTERVENE,RETRY_ALL,0,0.0,0,0.0
T0007949,4973.81,0.6230417119144172,0.2460834238288343,3098.8910971370474,1928.9884141966124,INTERVENE,RETRY_ALL,1,4973.81,1,4973.81
T0023546,9465.34,0.3234810233299963,0.3530379533400074,3061.857869366347,2069.654952492719,INTERVENE,RETRY_ALL,1,9465.34,1,9465.34
T0026292,4568.22,0.6697928981701375,0.3395857963402751,3059.761313278786,2047.6563977298642,INTERVENE,RETRY_ALL,1,4568.22,1,4568.22
T0019706,4802.65,0.6326804838190164,0.2653609676380328,3038.542925613399,1920.676808281935,INTERVENE,RETRY_ALL,1,4802.65,1,4802.65
T0011826,4436.97,0.6744202868158924,0.3488405736317848,2992.3825799935103,2016.3735178621032,INTERVENE,RETRY_ALL,1,4436.97,1,4436.97
T0005295,4928.56,0.5917355317625158,0.1834710635250316,2916.404072423465,1723.989914629866,INTERVENE,RETRY_ALL,1,4928.56,1,4928.56
T0005715,6531.21,0.4450454033126302,0.1099091933747394,2906.6849885694837,1611.3281955288094,INTERVENE,RETRY_ALL,0,0.0,0,0.0
T0045321,5159.02,0.5619537717799119,0.1239075435598238,2899.1307476880015,1627.4274585463886,INTERVENE,RETRY_ALL,1,5159.02,1,5159.02
T0007824,6529.86,0.4375447572982346,0.1249104854035306,2857.10600889145,1605.2442536557126,INTERVENE,RETRY_ALL,0,0.0,0,0.0
T0032003,4222.16,0.676245375669082,0.3524907513381641,2855.2161753349715,1929.0767351058373,INTERVENE,RETRY_ALL,1,4222.16,1,4222.16
T0012051,4494.92,0.618869446770873,0.2377388935417459,2781.768653679332,1719.8016277470845,INTERVENE,RETRY_ALL,0,0.0,0,0.0
T0042526,6160.93,0.4463599982429644,0.107280003514071,2749.992703975027,1520.7559654605689,INTERVENE,RETRY_ALL,1,6160.93,1,6160.93
T0037912,5740.47,0.4639761526551749,0.0720476946896502,2663.441185032452,1425.917991177755,INTERVENE,RETRY_ALL,1,5740.47,1,5740.47
T0034042,4600.71,0.5724095882435771,0.1448191764871542,2633.4905167281077,1505.6852223237013,INTERVENE,RETRY_ALL,1,4600.71,1,4600.71
T0009420,6727.76,0.3913165740184673,0.2173668519630652,2632.6839940184836,1600.7211130059152,INTERVENE,RETRY_ALL,1,6727.76,1,6727.76
T0029592,4308.03,0.5923061207237348,0.1846122414474695,2551.672537261471,1509.6212619026314,INTERVENE,RETRY_ALL,0,0.0,0,0.0
T0016065,3864.42,0.6580829251813127,0.3161658503626254,2543.1088177291685,1671.8264898256011,INTERVENE,RETRY_ALL,0,0.0,0,0.0
T0008556,4692.25,0.5367904543475717,0.0735809086951433,2518.755009412393,1350.2936458927006,INTERVENE,RETRY_ALL,0,0.0,0,0.0
T0001623,4475.23,0.5531976800175946,0.1063953600351892,2475.68685354514,1367.7942238312298,INTERVENE,RETRY_ALL,1,4475.23,1,4475.23
T0005039,5727.91,0.4275079915372807,0.1449840169254386,2448.7272998063054,1400.1268100436032,INTERVENE,RETRY_ALL,1,5727.91,1,5727.91
T0022423,4379.85,0.5502224067786585,0.100444813557317,2409.8916083295076,1324.226360810754,INTERVENE,RETRY_ALL,1,4379.85,1,4379.85
T0034352,3856.22,0.6201155223497128,0.2402310446994255,2391.3018795954094,1481.1334141611571,INTERVENE,RETRY_ALL,1,3856.22,1,3856.22
T0033814,3776.6,0.6254866286270899,0.2509732572541798,2362.2128016730676,1475.7825214182399,INTERVENE,RETRY_ALL,1,3776.6,1,3776.6
T0004825,4300.34,0.5475719373676434,0.0951438747352868,2354.745505139572,1287.6425582570255,INTERVENE,RETRY_ALL,1,4300.34,1,4300.34
T0017254,3815.13,0.6069349046238178,0.2138698092476356,2315.5355626774663,1403.6293558867062,INTERVENE,RETRY_ALL,1,3815.13,1,3815.13
T0008276,3695.33,0.6251163262826447,0.2502326525652893,2310.0111140020454,1442.275661257038,INTERVENE,RETRY_ALL,0,0.0,0,0.0
T0010198,4987.96,0.4628317654539224,0.0743364690921551,2308.586332813547,1238.3492446946564,INTERVENE,RETRY_ALL,1,4987.96,1,4987.96
T0002140,5450.57,0.4186292406996428,0.1627415186007144,2281.767980480252,1324.8031833590467,INTERVENE,RETRY_ALL,0,0.0,0,0.0
T0020222,4322.65,0.5268304985171657,0.0536609970343313,2277.303854415226,1198.0031248966363,INTERVENE,RETRY_ALL,1,4322.65,1,4322.65
T0021895,3974.88,0.5710221741335135,0.142044348267027,2269.7446195198204,1294.324507366052,INTERVENE,RETRY_ALL,0,0.0,0,0.0
T0020862,5537.97,0.4086783522356417,0.1826432955287166,2263.2484543304167,1336.5578053147992,INTERVENE,RETRY_ALL,1,5537.97,1,5537.97
T0041250,3761.39,0.6003157745549079,0.2006315491098158,2258.021751253085,1353.7760765653254,INTERVENE,RETRY_ALL,1,3761.39,1,3761.39
T0006659,5457.57,0.4102589046152505,0.179482190769499,2239.0166900610525,1318.6901553813414,INTERVENE,RETRY_ALL,1,5457.57,1,5457.57
T0015518,4975.57,0.4499772724616433,0.1000454550767133,2238.8934175419786,1229.692264184112,INTERVENE,RETRY_ALL,1,4975.57,1,4975.57
T0016179,4098.16,0.5461264626477914,0.0922529252955828,2238.1136241646727,1220.5430765688811,INTERVENE,RETRY_ALL,1,4098.16,1,4098.16
T0036036,4342.18,0.513871235865622,0.027742471731244,2231.321402950987,1144.861886947837,INTERVENE,RETRY_ALL,0,0.0,0,0.0
T0017271,5035.89,0.4421488317775444,0.1157023364449112,2226.612880460218,1240.3685965438997,INTERVENE,RETRY_ALL,1,5035.89,1,5035.89
T0022056,3873.91,0.5725640259734103,0.1451280519468205,2218.0615058586536,1268.2322256510756,INTERVENE,RETRY_ALL,1,3873.91,1,3873.91
T0020800,3505.26,0.627323636652685,0.2546472733053699,2198.9324506131907,1377.6923016722674,INTERVENE,RETRY_ALL,0,0.0,0,0.0
T0041351,3396.35,0.6461800034616649,0.2923600069233298,2194.6534547570254,1416.3911769920499,INTERVENE,RETRY_ALL,1,3396.35,1,3396.35
T0001218,3722.97,0.5733799489369964,0.1467598978739928,2134.6763484939693,1222.230615696486,INTERVENE,RETRY_ALL,1,3722.97,1,3722.97
T0036675,3451.27,0.6149104696225893,0.2298209392451786,2122.2220564943536,1303.2265614023604,INTERVENE,RETRY_ALL,1,3451.27,1,3451.27
T0002965,4775.68,0.4429669382683889,0.114066123463222,2115.4683477495796,1176.635810743261,INTERVENE,RETRY_ALL,1,4775.68,1,4775.68
T0029724,5312.11,0.3982075702976819,0.2035848594046362,2115.3224162540187,1271.2350164812842,INTERVENE,RETRY_ALL,1,5312.11,1,5312.11
T0010979,3526.31,0.5967851770051511,0.1935703540103022,2104.4495375250344,1254.154289750286,INTERVENE,RETRY_ALL,1,3526.31,1,3526.31
T0041150,3964.47,0.5239365905053054,0.0478731810106107,2077.1308949605677,1086.5348791388737,INTERVENE,RETRY_ALL,1,3964.47,1,3964.47
T0035132,3389.91,0.6122646315080077,0.2245292630160154,2075.5219969953105,1269.018710677098,INTERVENE,RETRY_ALL,1,3389.91,1,3389.91
T0037656,3488.31,0.5913512597710879,0.1827025195421758,2062.8165129720837,1218.0991436226443,INTERVENE,RETRY_ALL,1,3488.31,1,3488.31
T0035080,3682.97,0.5585445219861277,0.1170890439722553,2057.1027181392487,1147.2334543794507,INTERVENE,RETRY_ALL,1,3682.97,1,3682.97
T0000615,4415.97,0.4655687741275993,0.0688624517448013,2055.9377394842545,1097.0073264299026,INTERVENE,RETRY_ALL,0,0.0,0,0.0
T0020328,4929.51,0.4135687967704695,0.1728624064590609,2038.6915193679972,1193.8023207168142,INTERVENE,RETRY_ALL,0,0.0,0,0.0
T0022376,4040.65,0.5027036401872765,0.005407280374553,2031.249463722719,1019.3664995418641,INTERVENE,RETRY_ALL,1,4040.65,1,4040.65
T0042949,3438.61,0.5857538579661165,0.1715077159322329,2014.1790735408679,1178.0631629611814,INTERVENE,RETRY_ALL,0,0.0,0,0.0
T0006189,3562.58,0.560687589746752,0.121375179493504,1997.4943934799837,1118.2203170129426,INTERVENE,RETRY_ALL,0,0.0,0,0.0
T0002330,3089.91,0.6458327531579805,0.291665506315961,1995.5650823103754,1287.0512912144418,INTERVENE,RETRY_ALL,1,3089.91,1,3089.91
T0004390,3570.26,0.5535451464447997,0.1070902928895993,1976.3000945460105,1092.221325254343,INTERVENE,RETRY_ALL,1,3570.26,1,3570.26
T0024285,4329.66,0.4554269516444451,0.0891460967111097,1971.843855456888,1072.0630192473277,INTERVENE,RETRY_ALL,0,0.0,0,0.0
T0021886,5256.59,0.3749432456845867,0.2501135086308266,1970.9229158331416,1230.188680776534,INTERVENE,RETRY_ALL,1,5256.59,1,5256.59
T0019405,3359.61,0.5866035826806771,0.1732071653613542,1970.7592624098297,1154.304443930735,INTERVENE,RETRY_ALL,1,3359.61,1,3359.61
T0010502,3043.84,0.641039734168526,0.282079468337052,1951.2223844515263,1249.061078632484,INTERVENE,RETRY_ALL,0,0.0,0,0.0
T0003525,3465.69,0.5599988925022219,0.1199977850044438,1940.7825617560254,1085.0860851709992,INTERVENE,RETRY_ALL,1,3465.69,1,3465.69
T0013097,3516.47,0.5428583688118367,0.0857167376236733,1908.9451681757594,1034.53686014713,INTERVENE,RETRY_ALL,1,3516.47,1,3516.47
T0025032,3335.14,0.5704220888699139,0.1408441777398277,1902.4375254736044,1083.4423872251634,INTERVENE,RETRY_ALL,1,3335.14,1,3335.14
T0043760,3251.86,0.5828673113666634,0.1657346227333267,1895.402895140798,1103.0183894473068,INTERVENE,RETRY_ALL,1,3251.86,1,3251.86
T0032221,4176.0,0.4535895730160999,0.0928208539678001,1894.1900569152333,1033.2551977877106,INTERVENE,RETRY_ALL,1,4176.0,1,4176.0
T0020912,2910.04,0.6506999228899442,0.3013998457798883,1893.562803606653,1230.3911702941157,INTERVENE,RETRY_ALL,1,2910.04,1,2910.04
T0015660,3006.49,0.6287062210552534,0.2574124421105068,1890.1989665404087,1186.6298492961657,INTERVENE,RETRY_ALL,1,3006.49,1,3006.49
T0043137,3584.46,0.5191714304961369,0.0383428609922738,1860.9492257561828,964.401671616516,INTERVENE,RETRY_ALL,0,0.0,0,0.0
T0001969,3555.17,0.5219623910035961,0.0439247820071921,1855.6650336242549,966.8373578522846,INTERVENE,RETRY_ALL,0,0.0,0,0.0
T0029525,5643.7,0.3283827428240702,0.3432345143518595,1853.2936856762049,1242.9540219153225,INTERVENE,RETRY_ALL,1,5643.7,1,5643.7
T0040160,3285.42,0.5617158003472434,0.1234316006944868,1845.4723247768407,1034.880963930711,INTERVENE,RETRY_ALL,1,3285.42,1,3285.42
T0005932,3070.19,0.6003269619459125,0.200653923891825,1843.117835296721,1104.7233305720074,INTERVENE,RETRY_ALL,0,0.0,0,0.0
T0042864,3733.84,0.4927757694478025,0.014448461104395,1839.9458789949829,931.5151327309168,INTERVENE,RETRY_ALL,1,3733.84,1,3733.84
T0040193,3584.35,0.5079612638044543,0.0159225276089085,1820.7109559174955,923.1006381904671,INTERVENE,RETRY_ALL,1,3584.35,1,3584.35
T0001485,4606.37,0.3938547736133321,0.2122904527733358,1814.2408135292446,1097.9434086366166,INTERVENE,RETRY_ALL,1,4606.37,1,4606.37
T0023810,3359.75,0.5337321462845045,0.0674642925690089,1793.206578479364,955.3419958632837,INTERVENE,RETRY_ALL,0,0.0,0,0.0
T0018357,3583.63,0.499394608976544,0.001210782046912,1789.6455025666123,894.1561866057285,INTERVENE,RETRY_ALL,0,0.0,0,0.0
T0025105,3444.56,0.5182373095508673,0.0364746191017346,1785.0995069865355,923.3551657812818,INTERVENE,RETRY_ALL,1,3444.56,1,3444.56
T0037318,2936.81,0.6040660228871624,0.2081320457743247,1774.0271366752472,1069.8795169453172,INTERVENE,RETRY_ALL,1,2936.81,1,2936.81
T0023316,4270.86,0.4091521313430894,0.1816957373138211,1747.4314716679467,1030.7161606590148,INTERVENE,RETRY_ALL,1,4270.86,1,4270.86
T0038314,4328.96,0.4024318005836505,0.1951363988326989,1742.1111674545998,1039.2802335189594,INTERVENE,RETRY_ALL,0,0.0,0,0.0
T0024850,2900.37,0.5932023308612363,0.1864046617224726,1720.5062443600038,1018.858314415666,INTERVENE,RETRY_ALL,0,0.0,0,0.0
T0022506,2950.24,0.5830417443461505,0.166083488692301,1720.113075839787,1001.1477282102517,INTERVENE,RETRY_ALL,1,2950.24,1,2950.24
T0023521,5498.96,0.3112909383987239,0.3774181232025522,1711.7764186170468,1177.1659309369395,INTERVENE,RETRY_ALL,0,0.0,0,0.0
T0024886,3119.61,0.5468837865725771,0.0937675731451541,1706.0641294296772,931.2688112381492,INTERVENE,RETRY_ALL,0,0.0,0,0.0
T0043180,3827.32,0.444440563695782,0.111118872608436,1701.0162582441403,943.2656335744248,INTERVENE,RETRY_ALL,1,3827.32,1,3827.32
T0044823,3437.17,0.4922774868423709,0.0154450263152582,1692.041409449992,857.3375167727268,INTERVENE,RETRY_ALL,1,3437.17,1,3437.17
T0027274,3091.65,0.5443245941253173,0.0886491882506346,1682.8611314275372,914.2727023335666,INTERVENE,RETRY_ALL,1,3091.65,1,3091.65
T0023828,2744.33,0.6099718371333361,0.2199436742666722,1673.9640118001282,1019.3209035728139,INTERVENE,RETRY_ALL,1,2744.33,1,2744.33
T0025889,2600.33,0.6398317718913457,0.2796635437826913,1663.7737514022228,1062.7853073859956,INTERVENE,RETRY_ALL,1,2600.33,1,2600.33
T0019632,3487.77,0.4767882298260933,0.0464235403478132,1662.9276843405535,868.3133373950164,INTERVENE,RETRY_ALL,1,3487.77,1,3487.77
T0009618,3165.66,0.5186853030306862,0.0373706060613723,1641.981316392122,849.9215766635728,INTERVENE,RETRY_ALL,1,3165.66,1,3165.66
T0038307,3654.98,0.4480321224934166,0.1039357550131667,1637.5484470709878,902.1241406439749,INTERVENE,RETRY_ALL,0,0.0,0,0.0
T0026059,3723.21,0.4379294436728283,0.1241411126543433,1630.503283977111,914.7078879182952,INTERVENE,RETRY_ALL,1,3723.21,1,3723.21
T0042048,2616.95,0.6170070253230585,0.234014050646117,1614.6765349191778,994.5167656694255,INTERVENE,RETRY_ALL,0,0.0,0,0.0
T0027186,2678.26,0.6012895765666252,0.2025791531332503,1610.4098213353298,966.572639569455,INTERVENE,RETRY_ALL,1,2678.26,1,2678.26
T0041511,2597.54,0.618888309519216,0.237776619038432,1607.5871395085444,993.1668871752752,INTERVENE,RETRY_ALL,1,2597.54,1,2597.54
T0006338,2920.97,0.540463433873709,0.0809268677474179,1578.6774764420877,851.467449896972,INTERVENE,RETRY_ALL,1,2920.97,1,2920.97
T0016752,3345.45,0.4692699282635716,0.0614601434728566,1569.9190815093655,831.4532667498531,INTERVENE,RETRY_ALL,0,0.0,0,0.0
T0022375,2608.61,0.6003713654340186,0.2007427308680371,1566.1347475848354,938.5124568611695,INTERVENE,RETRY_ALL,1,2608.61,1,2608.61
T0025936,2503.51,0.6244970550999515,0.2489941101999029,1563.4346224132796,974.6103175383977,INTERVENE,RETRY_ALL,1,2503.51,1,2503.51
T0022824,2879.41,0.5412918314526856,0.0825836629053711,1558.6011124031772,841.9080506369089,INTERVENE,RETRY_ALL,1,2879.41,1,2879.41
T0028677,2525.76,0.6152226054131662,0.2304452108263324,1553.9046478483588,954.2472660128959,INTERVENE,RETRY_ALL,1,2525.76,1,2525.76
T0000153,3532.84,0.4391947521357395,0.1216104957285209,1551.604788135226,868.3981077975487,INTERVENE,RETRY_ALL,0,0.0,0,0.0
T0006332,2823.82,0.5492492754630742,0.0984985509261484,1550.9810890381384,850.1252394111273,INTERVENE,RETRY_ALL,0,0.0,0,0.0
T0032309,3379.59,0.4543998641337741,0.0912002717324517,1535.6852368278617,836.1200738610385,INTERVENE,RETRY_ALL,1,3379.59,1,3379.59
T0025752,3027.33,0.5060192436738734,0.0120384873477468,1531.8872369512271,773.4144210357196,INTERVENE,RETRY_ALL,0,0.0,0,0.0
T0036346,2934.57,0.5201249411186759,0.0402498822373518,1526.343048458633,792.1390882064467,INTERVENE,RETRY_ALL,1,2934.57,1,2934.57
T0015341,3284.72,0.4621801049800637,0.0756397900398725,1518.1322344301147,814.7317189475855,INTERVENE,RETRY_ALL,1,3284.72,1,3284.72
T0029503,4813.1,0.3153648463896713,0.3692703072206573,1517.882542158127,1037.4457474128656,INTERVENE,RETRY_ALL,0,0.0,0,0.0
T0004616,3696.79,0.408304484771443,0.183391030457114,1509.4159362582227,891.3646400985039,INTERVENE,RETRY_ALL,1,3696.79,1,3696.79
T0039921,2792.35,0.5391322934643106,0.0782645869286211,1505.4460596550675,809.884586828646,INTERVENE,RETRY_ALL,1,2792.35,1,2792.35
T0018720,3034.85,0.4960148496173217,0.0079703007653566,1505.3306663611286,756.9143022616707,INTERVENE,RETRY_ALL,1,3034.85,1,3034.85
T0019010,2455.74,0.6124618644620158,0.2249237289240315,1504.0470990339504,919.4214905130194,INTERVENE,RETRY_ALL,1,2455.74,1,2455.74
T0024595,2549.18,0.5811802889364565,0.1623605778729129,1481.533168951036,859.2878751999071,INTERVENE,RETRY_ALL,1,2549.18,1,2549.18
T0011198,2470.25,0.5982259438432335,0.1964518876864669,1477.7676377787475,882.2889398911767,INTERVENE,RETRY_ALL,1,2470.25,1,2470.25
T0023604,2765.46,0.5312250851470267,0.0624501702940534,1469.0817239706964,778.6630639042739,INTERVENE,RETRY_ALL,0,0.0,0,0.0
T0020058,2542.15,0.5769536327990903,0.1539072655981805,1466.7026776202074,844.4694380891317,INTERVENE,RETRY_ALL,1,2542.15,1,2542.15
T0042583,3936.84,0.3708088466859583,0.2583823066280832,1459.8150999871482,916.7527463861667,INTERVENE,RETRY_ALL,0,0.0,0,0.0
T0032496,2420.0,0.6023654245870276,0.2047308491740551,1457.7243275006067,876.3327334657422,INTERVENE,RETRY_ALL,1,2420.0,1,2420.0
T0043325,2691.95,0.5405399112422827,0.0810798224845654,1455.1064140686628,784.7930919087514,INTERVENE,RETRY_ALL,0,0.0,0,0.0
T0020767,2221.85,0.651617903420209,0.3032358068404179,1447.7972387141913,941.6606012685091,INTERVENE,RETRY_ALL,1,2221.85,1,2221.85
T0021620,2242.72,0.6429958347841331,0.2859916695682662,1442.0596185870709,925.4883282618823,INTERVENE,RETRY_ALL,1,2242.72,1,2242.72
T0044611,3200.52,0.4490227058287979,0.1019545883424042,1437.1061504591842,790.0628582167938,INTERVENE,RETRY_ALL,1,3200.52,1,3200.52
T0036983,3213.93,0.4465478783204035,0.1069042433591929,1435.1736225702944,792.5498863901217,INTERVENE,RETRY_ALL,1,3213.93,1,3213.93
T0010564,2648.1,0.541762869849575,0.08352573969915,1434.6422556486596,775.4859056276855,INTERVENE,RETRY_ALL,1,2648.1,1,2648.1
T0016149,3282.18,0.4360156468776964,0.1279687062446071,1431.0818358690374,805.3577634676777,INTERVENE,RETRY_ALL,1,3282.18,1,3282.18
T0041024,3138.11,0.4505718401690723,0.0988563196618552,1413.9439973529675,775.110648569627,INTERVENE,RETRY_ALL,1,3138.11,1,3138.11
T0045776,4416.1,0.3198416454264072,0.3603167091471855,1412.452690367557,958.9414977934418,INTERVENE,RETRY_ALL,0,0.0,0,0.0
T0006383,3318.78,0.4250195651808973,0.1499608696382053,1410.5464325310584,809.286601109242,INTERVENE,RETRY_ALL,1,3318.78,1,3318.78
T0027169,2252.63,0.6212411784290882,0.2424823568581764,1399.4265157647171,867.6313777785858,INTERVENE,RETRY_ALL,0,0.0,0,0.0
T0019493,3634.57,0.3842492709484366,0.2315014581031267,1396.5808727110593,858.1956905513033,INTERVENE,RETRY_ALL,1,3634.57,1,3634.57
T0020525,2794.57,0.495956951498158,0.0080860970036839,1385.9864179482074,696.8468192847624,INTERVENE,RETRY_ALL,0,0.0,0,0.0
T0043797,2373.09,0.5830015400501595,0.1660030801003189,1383.5151246776331,804.8414483697484,INTERVENE,RETRY_ALL,0,0.0,0,0.0
T0030260,2282.33,0.596768246333958,0.1935364926679159,1362.0220716553822,811.0615231699269,INTERVENE,RETRY_ALL,1,2282.33,1,2282.33
T0036246,2871.05,0.4732617045298315,0.0534765909403369,1358.758016790373,713.9598817205875,INTERVENE,RETRY_ALL,1,2871.05,1,2871.05
T0044921,2588.01,0.5178065019314078,0.0356130038628155,1340.0884050635027,692.1564893047718,INTERVENE,RETRY_ALL,0,0.0,0,0.0
T0010403,3334.56,0.3995721631820376,0.2008556736359248,1332.3973524602952,798.2584601197153,INTERVENE,RETRY_ALL,0,0.0,0,0.0
T0043353,2012.5,0.6580897916539721,0.3161795833079441,1324.4057057036189,869.8278749318264,INTERVENE,RETRY_ALL,0,0.0,0,0.0
T0038880,3097.95,0.4267324212136896,0.1465351575726207,1321.9957042989497,756.107276569362,INTERVENE,RETRY_ALL,0,0.0,0,0.0
T0029558,2736.12,0.4812369765862289,0.0375260468275422,1316.7221163771126,681.3167460875702,INTERVENE,RETRY_ALL,1,2736.12,1,2736.12
T0004062,2161.46,0.6090789044447875,0.218157808889575,1316.4996888012304,800.1021881569571,INTERVENE,RETRY_ALL,0,0.0,0,0.0
T0006303,2431.37,0.5395682002107858,0.0791364004215715,1311.8899349464982,706.1040910737269,INTERVENE,RETRY_ALL,1,2431.37,1,2431.37
T0009029,2316.16,0.5653722560148787,0.1307445120297574,1309.4926044914214,738.6007880361142,INTERVENE,RETRY_ALL,0,0.0,0,0.0
T0006447,2923.79,0.4455238599220844,0.1089522801558311,1302.6182064015911,720.5207150807718,INTERVENE,RETRY_ALL,1,2923.79,1,2923.79
T0000307,2585.76,0.5000866477045345,0.0001732954090689,1293.1040501684772,644.9140695819099,INTERVENE,RETRY_ALL,1,2585.76,1,2585.76
T0016021,2132.52,0.6053174370502113,0.2106348741004227,1290.8515408583166,779.6249463246725,INTERVENE,RETRY_ALL,1,2132.52,1,2132.52
T0020509,2852.75,0.4518152876893117,0.0963694246213766,1288.916061955684,704.8140806158019,INTERVENE,RETRY_ALL,1,2852.75,1,2852.75
T0037561,2283.32,0.5643039791722052,0.1286079583444104,1288.4865617234798,725.3480938904728,INTERVENE,RETRY_ALL,1,2283.32,1,2283.32
T0037832,3137.03,0.4106317362818198,0.1787365274363603,1288.1640756681572,757.4530246606763,INTERVENE,RETRY_ALL,0,0.0,0,0.0
T0013303,1956.09,0.6561064859444717,0.3122129718889435,1283.4033360911217,840.2992528921577,INTERVENE,RETRY_ALL,1,1956.09,1,1956.09
T0005856,2777.65,0.4576809962774445,0.0846380074451109,1271.2776193100437,687.6880119590052,INTERVENE,RETRY_ALL,1,2777.65,1,2777.65
T0010020,2236.15,0.5678879402467718,0.1357758804935436,1269.8826175828187,719.401024054286,INTERVENE,RETRY_ALL,1,2236.15,1,2236.15
T0030948,2821.82,0.4495508719803415,0.1008982560393169,1268.5516415715674,696.5231449509754,INTERVENE,RETRY_ALL,0,0.0,0,0.0
T0034422,2357.39,0.5371366329431235,0.074273265886247,1266.24052713379,678.3941732407698,INTERVENE,RETRY_ALL,1,2357.39,1,2357.39
T0044879,2116.81,0.5976931431956479,0.1953862863912958,1265.2028224479795,754.4530517289381,INTERVENE,RETRY_ALL,1,2116.81,1,2116.81
T0041136,3184.36,0.3956023231181614,0.208795353763677,1259.7402136445485,759.6340586013961,INTERVENE,RETRY_ALL,1,3184.36,1,3184.36
T0007597,2249.89,0.5497523808806503,0.0995047617613005,1236.8823842195661,678.2290355940416,INTERVENE,RETRY_ALL,0,0.0,0,0.0
T0041259,2486.33,0.4971156084468758,0.0057687831062483,1235.9934507497208,619.8118144439196,INTERVENE,RETRY_ALL,0,0.0,0,0.0
T0008774,2931.32,0.4099981030836214,0.1800037938327572,1201.8356395310811,707.3353071050469,INTERVENE,RETRY_ALL,1,2931.32,1,2931.32
T0026707,2053.36,0.5843484457270177,0.1686968914540354,1199.8777245180293,699.3966833845811,INTERVENE,RETRY_ALL,0,0.0,0,0.0
T0014041,3019.33,0.3946585318833049,0.21068293623339,1191.604345071219,719.5775236596445,INTERVENE,RETRY_ALL,0,0.0,0,0.0
T0030765,2435.2,0.4873343983604192,0.0253312032791614,1186.7567268872926,606.6593513894935,INTERVENE,RETRY_ALL,1,2435.2,1,2435.2
T0013620,1978.42,0.5991486562141602,0.1982973124283205,1185.367684427219,708.461455244259,INTERVENE,RETRY_ALL,1,1978.42,1,1978.42
T0007071,2026.14,0.5737498302858229,0.1474996605716458,1162.4974811353172,665.232732509085,INTERVENE,RETRY_ALL,1,2026.14,1,2026.14
T0010540,3025.42,0.3841233398368964,0.2317533203262072,1162.134434809343,713.9814743709143,INTERVENE,RETRY_ALL,1,3025.42,1,3025.42
T0028430,3107.28,0.3723579501371539,0.2552840997256921,1157.0204113021757,724.4446626828508,INTERVENE,RETRY_ALL,0,0.0,0,0.0
T0030295,2618.72,0.4395699339410505,0.1208601321178989,1151.1105774101077,643.366976939102,INTERVENE,RETRY_ALL,0,0.0,0,0.0
T0010295,1697.93,0.675915146568629,0.3518302931372581,1147.6566048132725,773.9684822528183,INTERVENE,RETRY_ALL,0,0.0,0,0.0
T0014296,2042.47,0.5615522398143921,0.1231044796287841,1146.9536032537014,642.3243648703035,INTERVENE,RETRY_ALL,0,0.0,0,0.0
T0018963,2822.68,0.4043174405014778,0.1913651189970444,1141.2587529547113,678.0779350101541,INTERVENE,RETRY_ALL,0,0.0,0,0.0
T0020202,2268.19,0.500818355262217,0.0016367105244339,1135.9511852222079,567.1552042411521,INTERVENE,RETRY_ALL,1,2268.19,1,2268.19
T0026495,1857.06,0.61080829524033,0.2216165904806599,1134.3076527590072,691.0945236597894,INTERVENE,RETRY_ALL,1,1857.06,1,1857.06
T0038623,2860.12,0.3926366957087462,0.2147266085825074,1122.9880661304992,680.311742524665,INTERVENE,RETRY_ALL,0,0.0,0,0.0
T0039647,2625.56,0.4263832531201484,0.1472334937597031,1119.4948140621368,640.4109733911872,INTERVENE,RETRY_ALL,1,2625.56,1,2625.56
T0007247,2223.9,0.5000847831235314,0.0001695662470628,1112.1385491884216,554.4135651742108,INTERVENE,RETRY_ALL,1,2223.9,1,2223.9
T0019003,2211.47,0.5025424308918424,0.0050848617836847,1111.3575096443826,556.7543044865921,INTERVENE,RETRY_ALL,0,0.0,0,0.0
T0008028,2138.02,0.5139536124317455,0.027907224863491,1098.8431024513206,563.0043820005628,INTERVENE,RETRY_ALL,0,0.0,0,0.0
T0007152,2501.85,0.4312329865472477,0.1375340269055046,1078.8802473932315,611.8814961830149,INTERVENE,RETRY_ALL,1,2501.85,1,2501.85
T0031087,2035.08,0.523702647433724,0.0474052948674479,1065.7767837394229,556.4001232177353,INTERVENE,RETRY_ALL,0,0.0,0,0.0
T0012678,2000.63,0.5227910707415013,0.0455821414830026,1045.9114998575699,545.0431929113886,INTERVENE,RETRY_ALL,1,2000.63,1,2000.63
T0022600,2531.67,0.4124529709905423,0.1750940580189153,1044.1948130676262,611.7635601249698,INTERVENE,RETRY_ALL,0,0.0,0,0.0
T0037693,1874.26,0.5565756011388489,0.1131512022776977,1043.1673861904987,578.8515150574186,INTERVENE,RETRY_ALL,0,0.0,0,0.0
T0028023,2019.19,0.5145292684628252,0.0290585369256504,1038.932353587452,532.8111038737129,INTERVENE,RETRY_ALL,1,2019.19,1,2019.19
T0019795,2261.81,0.4587200702927284,0.0825598594145431,1037.5376421887959,559.8483020325997,INTERVENE,RETRY_ALL,0,0.0,0,0.0
T0001406,1775.79,0.5819483834377346,0.1638967668754691,1033.4181198248946,599.6460042473606,INTERVENE,RETRY_ALL,1,1775.79,1,1775.79
T0023526,1889.73,0.5461423769369994,0.0922847538739988,1032.061633969156,561.9025939213983,INTERVENE,RETRY_ALL,0,0.0,0,0.0
T0009042,2534.22,0.4067507730943365,0.1864984538113269,1030.7959441911294,609.7688969888809,INTERVENE,RETRY_ALL,0,0.0,0,0.0
T0032545,2317.59,0.4445805483332788,0.1108389033334422,1030.3554330117238,570.5294496251986,INTERVENE,RETRY_ALL,0,0.0,0,0.0
T0017280,1892.78,0.5418480360492955,0.083696072098591,1025.5991256733855,553.9688720199987,INTERVENE,RETRY_ALL,1,1892.78,1,1892.78
T0027780,1916.91,0.5336439058280504,0.0672878116561008,1022.9473395208482,544.1396137183183,INTERVENE,RETRY_ALL,1,1916.91,1,1916.91
T0004263,2094.96,0.4875758865408905,0.0248482269182188,1021.451979267704,521.6666249173059,INTERVENE,RETRY_ALL,1,2094.96,1,2094.96
T0008505,1958.08,0.5199650732238434,0.0399301464476868,1018.1332105781433,527.6437093898911,INTERVENE,RETRY_ALL,1,1958.08,1,1958.08
T0009240,1893.97,0.5355363727272787,0.0710727454545574,1014.2898238542841,541.4390931611138,INTERVENE,RETRY_ALL,1,1893.97,1,1893.97
T0011407,2414.38,0.4199565921879835,0.1600868156240329,1013.9347970468236,586.3761949782248,INTERVENE,RETRY_ALL,0,0.0,0,0.0
T0016479,1580.83,0.6369759272105047,0.2739518544210093,1006.9506550121821,639.6533271316097,INTERVENE,RETRY_ALL,1,1580.83,1,1580.83
T0044094,2674.62,0.3755057848545375,0.248988430290925,1004.335282287643,625.4515738551181,INTERVENE,RETRY_ALL,0,0.0,0,0.0
T0017693,1697.98,0.5875631018194497,0.1751262036388994,997.6703956273892,584.4443122482663,INTERVENE,RETRY_ALL,1,1697.98,1,1697.98
T0037966,2641.52,0.3764582170966278,0.2470835658067444,994.4219096250843,618.3136104858012,INTERVENE,RETRY_ALL,0,0.0,0,0.0
T0045458,1863.01,0.5330984039579014,0.0661968079158028,993.1676575576099,527.7060931065694,INTERVENE,RETRY_ALL,1,1863.01,1,1863.01
T0045601,2366.89,0.4180548723324556,0.1638902553350887,989.4898967749657,574.0788243044527,INTERVENE,RETRY_ALL,1,2366.89,1,2366.89
T0034486,1712.88,0.5742882288162094,0.1485764576324189,983.6868213747089,563.1697623571285,INTERVENE,RETRY_ALL,1,1712.88,1,1712.88
T0033004,2007.06,0.4892490237490782,0.0215019525018435,981.9521456058249,499.78301699986224,INTERVENE,RETRY_ALL,1,2007.06,1,2007.06
T0019048,1620.69,0.5988755798699305,0.1977511597398609,970.5916635393976,579.5136453190771,INTERVENE,RETRY_ALL,1,1620.69,1,1620.69
T0033768,1844.95,0.5249709777981436,0.0499419555962872,968.545205488685,506.7081235670989,INTERVENE,RETRY_ALL,1,1844.95,1,1844.95
T0017990,2350.94,0.411469855426661,0.177060289146678,967.3409419167543,567.5593043979774,INTERVENE,RETRY_ALL,1,2350.94,1,2350.94
T0027139,3160.42,0.3056151550860932,0.3887696898278135,965.8722484371907,668.9370514377051,INTERVENE,RETRY_ALL,0,0.0,0,0.0
T0004376,2866.24,0.3356347670024368,0.3287304659951263,962.0097945730643,637.3758613174717,INTERVENE,RETRY_ALL,0,0.0,0,0.0
T0003869,1444.36,0.6584454377500342,0.3168908755000683,951.0322524686393,624.4528477911142,INTERVENE,RETRY_ALL,1,1444.36,1,1444.36
T0014501,1483.74,0.6406104273509348,0.2812208547018695,950.499315477676,607.149772684925,INTERVENE,RETRY_ALL,1,1483.74,1,1483.74
T0019722,2024.57,0.4694022770671688,0.0611954458656622,950.3377680818779,502.4970557613134,INTERVENE,RETRY_ALL,1,2024.57,1,2024.57
T0026121,2162.16,0.4382321926569045,0.1235356146861909,947.5281176750526,530.5407930622448,INTERVENE,RETRY_ALL,1,2162.16,1,2162.16
T0002943,1617.79,0.5849102456791809,0.1698204913583618,946.2619463573221,551.7283075207212,INTERVENE,RETRY_ALL,1,1617.79,1,1617.79
T0001000,2656.77,0.3555031148749227,0.2889937702501545,944.4900105062484,606.9708698030286,INTERVENE,RETRY_ALL,1,2656.77,1,2656.77
T0016958,1831.75,0.5149749845653574,0.0299499691307147,943.3054279775935,484.02869821317904,INTERVENE,RETRY_ALL,0,0.0,0,0.0
T0022723,1914.79,0.4912315165965422,0.0175369668069156,940.605195663893,476.80027887933153,INTERVENE,RETRY_ALL,1,1914.79,1,1914.79
T0028584,1563.76,0.6000205961714636,0.2000411923429272,938.288207469088,561.2422496262561,INTERVENE,RETRY_ALL,1,1563.76,1,1563.76
T0009806,2059.37,0.4551500647830432,0.0896998704339134,937.3223889122556,508.95004287624556,INTERVENE,RETRY_ALL,1,2059.37,1,2059.37
T0003177,2150.05,0.4328371776203982,0.1343256447592035,930.6215737427373,526.0639583312775,INTERVENE,RETRY_ALL,1,2150.05,1,2150.05
T0000486,1604.18,0.579569785073949,0.1591395701478979,929.7342578199275,537.0958839805828,INTERVENE,RETRY_ALL,1,1604.18,1,1604.18
T0044966,2134.77,0.4350231131837372,0.1299537736325254,928.6742913312466,522.9295099826267,INTERVENE,RETRY_ALL,1,2134.77,1,2134.77
T0025016,1991.77,0.462739310426184,0.074521379147632,921.6702763275605,493.4272082194347,INTERVENE,RETRY_ALL,0,0.0,0,0.0
T0043089,1648.54,0.5574247308059954,0.1148494616119908,918.9369657229157,510.48819074577443,INTERVENE,RETRY_ALL,0,0.0,0,0.0
T0006656,1789.21,0.5130667503313235,0.026133500662647,917.9841603603074,469.2371500116915,INTERVENE,RETRY_ALL,0,0.0,0,0.0
T0020248,1373.02,0.6617864521361967,0.3235729042723934,908.6460345120407,599.5796354273475,INTERVENE,RETRY_ALL,1,1373.02,1,1373.02
T0005074,1988.54,0.4553848668595919,0.0892302662808162,905.5510231449729,491.4267910355322,INTERVENE,RETRY_ALL,1,1988.54,1,1988.54
T0030852,1695.1,0.5340395975641132,0.0680791951282264,905.2505218309283,481.6896243732924,INTERVENE,RETRY_ALL,0,0.0,0,0.0
T0037557,1526.22,0.5915041123067784,0.1830082246135567,902.7654062848512,532.2394502657891,INTERVENE,RETRY_ALL,1,1526.22,1,1526.22
T0005549,2446.22,0.3685961863757491,0.2628076272485018,901.6673630360849,567.5662116415059,INTERVENE,RETRY_ALL,1,2446.22,1,2446.22
T0045689,2374.4,0.3794003770978752,0.2411992458042495,900.8482553811949,557.3160875816066,INTERVENE,RETRY_ALL,1,2374.4,1,2374.4
T0033444,2238.62,0.4022431991875388,0.1955136016249223,900.469670565208,536.5118695057097,INTERVENE,RETRY_ALL,0,0.0,0,0.0
T0039628,1642.36,0.5482545908907704,0.0965091817815408,900.4314098953657,491.9156542573833,INTERVENE,RETRY_ALL,1,1642.36,1,1642.36
T0011585,1638.4,0.548566784762439,0.097133569524878,898.7718201547801,491.28636761739284,INTERVENE,RETRY_ALL,0,0.0,0,0.0
T0018726,1699.38,0.5226341813465406,0.0452683626930812,888.1540750966842,462.4296779477495,INTERVENE,RETRY_ALL,1,1699.38,1,1699.38
T0025241,2056.96,0.4317296978938668,0.1365406042122664,888.0507193797682,502.90285058750976,INTERVENE,RETRY_ALL,1,2056.96,1,2056.96
T0036337,1637.58,0.5421951193560791,0.0843902387121582,887.887883555128,479.6584769989891,INTERVENE,RETRY_ALL,0,0.0,0,0.0
T0023888,1481.81,0.5964029493511976,0.1928058987023952,883.7558543780981,525.3245980574853,INTERVENE,RETRY_ALL,1,1481.81,1,1481.81
T0022413,1599.45,0.5490242971340473,0.0980485942680946,878.136912051052,480.3685009262915,INTERVENE,RETRY_ALL,1,1599.45,1,1599.45
T0024654,1878.39,0.4674585079447897,0.0650829841104204,878.0693867384136,465.8583813416782,INTERVENE,RETRY_ALL,0,0.0,0,0.0
T0028036,2116.02,0.4132939415023412,0.1734121169953175,874.538246097784,511.3468873734864,INTERVENE,RETRY_ALL,0,0.0,0,0.0
T0002531,1617.0,0.5324251250404809,0.0648502500809617,860.9314271904576,456.6315227731591,INTERVENE,RETRY_ALL,1,1617.0,1,1617.0
T0042084,1459.62,0.5893411697765688,0.1786823395531376,860.2141582292753,505.20961826920757,INTERVENE,RETRY_ALL,1,1459.62,1,1459.62
T0036541,1539.43,0.55105876958997,0.10211753917994,848.3164016698876,465.72219252719907,INTERVENE,RETRY_ALL,1,1539.43,1,1539.43
T0015813,2413.19,0.3511958162865857,0.2976083674268285,847.5022319046258,548.1129937661774,INTERVENE,RETRY_ALL,0,0.0,0,0.0
T0011112,2129.3,0.3975859210771437,0.2048281578457125,846.5797017495621,508.24153126424886,INTERVENE,RETRY_ALL,1,2129.3,1,2129.3
T0020380,1378.31,0.6121680194705881,0.2243360389411761,843.7573029165062,514.7712370402427,INTERVENE,RETRY_ALL,1,1378.31,1,1378.31
T0001779,1350.33,0.6200035319750996,0.2400070639501992,837.2093693319362,517.3227659884461,INTERVENE,RETRY_ALL,1,1350.33,1,1350.33
T0044447,2152.95,0.3865591867571589,0.2268816264856822,832.2426011288252,508.7815780518039,INTERVENE,RETRY_ALL,0,0.0,0,0.0
T0028736,1620.58,0.509677219710424,0.019354439420848,825.9727087183189,419.22947373624066,INTERVENE,RETRY_ALL,0,0.0,0,0.0
T0021796,1638.01,0.5024779626477297,0.0049559252954594,823.0639275966078,411.8214854675819,INTERVENE,RETRY_ALL,1,1638.01,1,1638.01
T0024586,1414.13,0.581916555454314,0.1638331109086279,822.9056585646091,477.1124262957811,INTERVENE,RETRY_ALL,0,0.0,0,0.0
T0025056,1518.16,0.5401635966874907,0.0803271933749814,820.0547659470809,441.2137318546936,INTERVENE,RETRY_ALL,1,1518.16,1,1518.16
T0012549,1303.25,0.6281778578198304,0.2563557156396607,818.6727932036939,512.5221214900735,INTERVENE,RETRY_ALL,1,1303.25,1,1303.25
T0023681,1900.6,0.4303904917699983,0.1392190164600033,818.0001686580587,464.1906738013752,INTERVENE,RETRY_ALL,0,0.0,0,0.0
T0007500,1453.5,0.5626435421297222,0.1252870842594444,817.8023884855512,458.3812326196577,INTERVENE,RETRY_ALL,1,1453.5,1,1453.5
T0041788,2130.1,0.3814422952797546,0.2371154094404907,812.5102331754052,500.83446489469,INTERVENE,RETRY_ALL,0,0.0,0,0.0
T0037764,1501.11,0.5392697190473108,0.0785394380946216,809.5031679591086,434.79054595321657,INTERVENE,RETRY_ALL,1,1501.11,1,1501.11
T0032053,1662.26,0.480536428526474,0.038927142947052,798.7764836824166,413.1852850227328,INTERVENE,RETRY_ALL,1,1662.26,1,1662.26
T0041502,1949.37,0.4094433966103289,0.1811132067793421,798.1566740502768,469.6066943999283,INTERVENE,RETRY_ALL,1,1949.37,1,1949.37
T0022341,1736.04,0.4589589893055036,0.0820820213889927,796.7711637939265,429.3358757512961,INTERVENE,RETRY_ALL,1,1736.04,1,1736.04
T0042581,1724.42,0.4605305176789821,0.0789389646420357,794.1480352959903,426.66862948738134,INTERVENE,RETRY_ALL,1,1724.42,1,1724.42
T0035407,1593.55,0.4963006727657658,0.0073986544684683,790.879937085886,396.61569223321425,INTERVENE,RETRY_ALL,1,1593.55,1,1593.55
T0013432,1806.14,0.4373559425080586,0.1252881149838828,789.926062001505,442.69720464315765,INTERVENE,RETRY_ALL,0,0.0,0,0.0
T0015759,2677.85,0.2932059672373309,0.4135880655253382,785.1615993664865,553.1975331866262,INTERVENE,RETRY_ALL,0,0.0,0,0.0
T0027356,1340.14,0.5855185521708502,0.1710371043417005,784.6768325062433,457.69284289106434,INTERVENE,RETRY_ALL,1,1340.14,1,1340.14
T0002729,2156.79,0.36355091288276,0.27289817423448,784.1029733964078,497.2916216240573,INTERVENE,RETRY_ALL,1,2156.79,1,2156.79
T0024417,2294.54,0.3401663652613571,0.3196672694772858,780.5253317467942,513.2668666520723,INTERVENE,RETRY_ALL,0,0.0,0,0.0
T0010221,1680.46,0.4634694156647212,0.0730611686705575,778.8418142479375,416.12245370319454,INTERVENE,RETRY_ALL,1,1680.46,1,1680.46
T0017889,1445.13,0.5336771764870839,0.0673543529741678,771.2328980567796,409.8393954488932,INTERVENE,RETRY_ALL,1,1445.13,1,1445.13
T0027843,1270.66,0.6033235371989398,0.2066470743978796,766.619085777205,460.7693385153207,INTERVENE,RETRY_ALL,1,1270.66,1,1270.66
T0030090,1519.27,0.5015324102269495,0.0030648204538989,761.9631448854975,380.39921255852994,INTERVENE,RETRY_ALL,1,1519.27,1,1519.27
T0008515,1970.38,0.3865310774432121,0.2269378451135757,761.6131043725562,465.47597054456253,INTERVENE,RETRY_ALL,0,0.0,0,0.0
T0045197,1154.57,0.6588689137333545,0.3177378274667091,760.7102817291191,499.4583569886588,INTERVENE,RETRY_ALL,1,1154.57,1,1154.57
T0011091,1931.07,0.3931167805627741,0.2137664388744516,759.1360214413562,458.95691268309713,INTERVENE,RETRY_ALL,1,1931.07,1,1931.07
T0004938,1409.4,0.5376673211132645,0.075334642226529,757.7883223770351,405.6880172633754,INTERVENE,RETRY_ALL,1,1409.4,1,1409.4
T0018803,1769.54,0.4274373315176208,0.1451253369647583,756.3674556136907,431.3177687394022,INTERVENE,RETRY_ALL,1,1769.54,1,1769.54
T0005609,1364.02,0.5543031495983599,0.1086062991967198,756.0805821151549,417.34784801659174,INTERVENE,RETRY_ALL,1,1364.02,1,1364.02
T0007277,1643.87,0.4575864158690341,0.0848271682619318,752.212581454629,406.2603223352114,INTERVENE,RETRY_ALL,1,1643.87,1,1643.87
T0045773,1550.87,0.4845464415472117,0.0309071169055765,751.4685398023241,385.5971329064288,INTERVENE,RETRY_ALL,1,1550.87,1,1550.87
T0027893,1701.9,0.4400942824665066,0.1198114350669866,748.9964593297476,417.6173999910683,INTERVENE,RETRY_ALL,0,0.0,0,0.0
T0013964,1216.47,0.6154973173922286,0.2309946347844571,748.7340216881244,459.0937817893352,INTERVENE,RETRY_ALL,1,1216.47,1,1216.47
T0022061,1842.33,0.4048269406776884,0.1903461186446231,745.8248176187255,442.144838420642,INTERVENE,RETRY_ALL,0,0.0,0,0.0
T0044352,1272.63,0.5794251310021218,0.1588502620042435,737.3938044672303,425.5145017535779,INTERVENE,RETRY_ALL,1,1272.63,1,1272.63
T0008251,1354.17,0.5425424137223679,0.0850848274447357,734.694660390419,396.85301439715323,INTERVENE,RETRY_ALL,1,1354.17,1,1354.17
T0009157,1427.3,0.5146817678918026,0.0293635357836052,734.6052873119698,376.3379479763903,INTERVENE,RETRY_ALL,0,0.0,0,0.0
T0007755,1417.61,0.5174439955755802,0.0348879911511603,733.5337825678981,377.8126513416021,INTERVENE,RETRY_ALL,1,1417.61,1,1417.61
T0025270,1411.02,0.5154518974149729,0.0309037948299457,727.312936290475,373.14483302538065,INTERVENE,RETRY_ALL,1,1411.02,1,1411.02
T0005343,1729.87,0.4159704169986287,0.1680591660027426,719.5747452534177,418.5029384086716,INTERVENE,RETRY_ALL,0,0.0,0,0.0
T0021145,1308.32,0.5484169116308142,0.0968338232616283,717.5048138248268,391.7417740780538,INTERVENE,RETRY_ALL,1,1308.32,1,1308.32
T0006204,1155.21,0.6183107057957692,0.2366214115915383,714.2787104423305,439.8961735884892,INTERVENE,RETRY_ALL,1,1155.21,1,1155.21
T0003123,1156.41,0.6171265539837092,0.2342531079674183,713.6513182923012,438.66317880365904,INTERVENE,RETRY_ALL,1,1156.41,1,1156.41
T0040524,1266.75,0.5633252155167723,0.1266504310335445,713.5922167558713,400.2344892950925,INTERVENE,RETRY_ALL,1,1266.75,1,1266.75
T0034040,1492.29,0.4780610862307295,0.0438778275385409,713.4057783712553,370.60423703981394,INTERVENE,RETRY_ALL,1,1492.29,1,1492.29
T0038703,1318.42,0.5410927030937097,0.0821854061874194,713.3874416128089,384.2587391353807,INTERVENE,RETRY_ALL,1,1318.42,1,1318.42
T0019587,1216.68,0.5855231756158759,0.1710463512317517,712.3943373083239,415.37339467153726,INTERVENE,RETRY_ALL,0,0.0,0,0.0
T0031676,1096.94,0.6461816494682109,0.2923632989364217,708.8224985676593,456.2780913046286,INTERVENE,RETRY_ALL,1,1096.94,1,1096.94
T0018040,1275.45,0.5546110144807865,0.109222028961573,707.3786184195192,390.5699731836667,INTERVENE,RETRY_ALL,0,0.0,0,0.0
T0038915,1699.39,0.4110918759407172,0.1778162481185655,698.6054230548955,409.66440914890006,INTERVENE,RETRY_ALL,1,1699.39,1,1699.39
T0004943,1381.58,0.5043316473617896,0.0086632947235791,696.7745173621013,349.65544018094437,INTERVENE,RETRY_ALL,1,1381.58,1,1381.58
T0013482,1069.44,0.64954411693185,0.2990882338637,694.6484604115977,449.4548207961204,INTERVENE,RETRY_ALL,1,1069.44,1,1069.44
T0006027,1558.3,0.445007122359893,0.109985755280214,693.4545987734213,383.11236328602683,INTERVENE,RETRY_ALL,0,0.0,0,0.0
T0009778,1261.28,0.5495183587790343,0.0990367175580686,693.0965155608204,379.1192597064494,INTERVENE,RETRY_ALL,1,1261.28,1,1261.28
T0042807,1080.42,0.6392660474904288,0.2785320949808576,690.6758230296091,439.7756034853371,INTERVENE,RETRY_ALL,1,1080.42,1,1080.42
T0045755,1041.16,0.6616567251912197,0.3233134503824393,688.8905160000903,454.05904283190927,INTERVENE,RETRY_ALL,1,1041.16,1,1041.16
T0023062,1156.07,0.5957125481440105,0.191425096288021,688.6854055328462,408.50853779956304,INTERVENE,RETRY_ALL,1,1156.07,1,1156.07
T0011105,1332.24,0.5146192290441967,0.0292384580883933,685.5963217018406,351.0710505097382,INTERVENE,RETRY_ALL,1,1332.24,1,1332.24
T0023790,999.41,0.680785164234242,0.3615703284684839,680.3835009873437,461.4449934619374,INTERVENE,RETRY_ALL,1,999.41,1,999.41
T0005712,1056.42,0.6404127521468485,0.2808255042936969,676.5448396229737,431.5179426936968,INTERVENE,RETRY_ALL,1,1056.42,1,1056.42
T0035884,1130.98,0.5979146947458716,0.1958293894917431,676.2295614636859,402.5775918206943,INTERVENE,RETRY_ALL,1,1130.98,1,1130.98
T0008039,1126.75,0.5957542324760734,0.1915084649521468,671.2660814424157,398.1596091369477,INTERVENE,RETRY_ALL,1,1126.75,1,1126.75
T0014749,1494.04,0.4452337709629341,0.1095324580741318,665.197063169462,367.27886630105337,INTERVENE,RETRY_ALL,1,1494.04,1,1494.04
T0028245,1069.29,0.6205922551334779,0.2411845102669558,663.5930924916765,410.07073376040813,INTERVENE,RETRY_ALL,1,1069.29,1,1069.29
T0008724,1121.91,0.5903076658435694,0.1806153316871388,662.272073386559,389.1942817942007,INTERVENE,RETRY_ALL,1,1121.91,1,1121.91
T0022596,1042.99,0.6338422755362394,0.2676845510724788,661.0911549615423,417.27752199770464,INTERVENE,RETRY_ALL,1,1042.99,1,1042.99
T0012101,1542.26,0.4283280146839702,0.1433439706320595,660.5931639264999,375.8926055080596,INTERVENE,RETRY_ALL,0,0.0,0,0.0
T0015765,1432.74,0.4609891464737249,0.0780217070525501,660.4775897187646,354.2545893692882,INTERVENE,RETRY_ALL,1,1432.74,1,1432.74
T0031689,1222.29,0.5390026210364623,0.0780052420729247,658.8175136666575,353.3543666510538,INTERVENE,RETRY_ALL,1,1222.29,1,1222.29
T0019297,1224.52,0.5351837157466375,0.0703674314932749,655.3431636060725,348.9789893878544,INTERVENE,RETRY_ALL,1,1224.52,1,1224.52
T0017328,1149.3,0.5697918123751486,0.1395836247502972,654.8617299627583,371.38485197060527,INTERVENE,RETRY_ALL,1,1149.3,1,1149.3
T0023298,1053.26,0.6208633631984984,0.2417267263969968,653.9305459224505,404.25151803964275,INTERVENE,RETRY_ALL,0,0.0,0,0.0
T0027976,1094.02,0.5934938258402683,0.1869876516805366,649.2941153457704,383.60204861213373,INTERVENE,RETRY_ALL,1,1094.02,1,1094.02
T0015778,1788.51,0.3626860916023407,0.2746278167953185,648.6677016917024,411.6549482164658,INTERVENE,RETRY_ALL,0,0.0,0,0.0
T0026255,1162.47,0.5537337884304391,0.1074675768608781,643.6989170367325,354.68783993932084,INTERVENE,RETRY_ALL,1,1162.47,1,1162.47
T0002418,1210.33,0.529599633300161,0.059199266600322,640.9903241721838,337.7182406305399,INTERVENE,RETRY_ALL,1,1210.33,1,1210.33
T0010150,1710.16,0.3730233213914702,0.2539533572170596,637.9295633108367,398.21695879081824,INTERVENE,RETRY_ALL,0,0.0,0,0.0
T0024454,1283.41,0.4959893645793879,0.008021270841224,636.5577103948323,319.0818560979893,INTERVENE,RETRY_ALL,0,0.0,0,0.0
T0031150,1307.58,0.4860425478214525,0.0279149043570948,635.5395146803749,324.89026972391594,INTERVENE,RETRY_ALL,1,1307.58,1,1307.58
T0017469,1455.3,0.4338047390407227,0.1323905219185546,631.3160367259637,355.6981481618337,INTERVENE,RETRY_ALL,1,1455.3,1,1455.3
T0007945,1623.52,0.3878557712755597,0.2242884574488804,629.6916017812966,383.7120799066692,INTERVENE,RETRY_ALL,0,0.0,0,0.0
T0038114,1357.13,0.4610332502593173,0.0779334994813653,625.6820549244273,335.4718235136899,INTERVENE,RETRY_ALL,1,1357.13,1,1357.13
T0044954,988.27,0.629730751609993,0.259461503219986,622.3440098936078,390.1591611102786,INTERVENE,RETRY_ALL,0,0.0,0,0.0
T0030471,1148.73,0.5384792970469614,0.0769585940939228,618.567322896756,331.33569720966597,INTERVENE,RETRY_ALL,0,0.0,0,0.0
T0020946,1153.86,0.5311080637570084,0.0622161275140167,612.8243504466616,323.7259541888728,INTERVENE,RETRY_ALL,1,1153.86,1,1153.86
T0038580,1312.56,0.4562540294543635,0.087491941091273,598.8607889006194,323.8781408824928,INTERVENE,RETRY_ALL,1,1312.56,1,1312.56
T0008294,974.15,0.6094428808252563,0.2188857616505126,593.6887823559234,360.0694018326326,INTERVENE,RETRY_ALL,1,974.15,1,974.15
T0006532,1387.59,0.427114650552562,0.145770698894876,592.6600179602294,337.7762414926709,INTERVENE,RETRY_ALL,1,1387.59,1,1387.59
T0009472,1318.74,0.446956432073917,0.106087135852166,589.4193252331573,324.2245666315296,INTERVENE,RETRY_ALL,1,1318.74,1,1318.74
T0010518,1385.67,0.4242259504637402,0.1515480990725196,587.8371727790909,336.7113894389631,INTERVENE,RETRY_ALL,1,1385.67,1,1385.67
T0021304,1486.23,0.3924184185502073,0.2151631628995852,583.2240262018746,352.6061761792502,INTERVENE,RETRY_ALL,0,0.0,0,0.0
T0013361,982.62,0.5913349259862811,0.1826698519725622,581.0575249726396,341.8496085234675,INTERVENE,RETRY_ALL,1,982.62,1,982.62
T0031997,1487.07,0.3906600277625786,0.2186799444748427,580.9388074848977,352.2392368244882,INTERVENE,RETRY_ALL,1,1487.07,1,1487.07
T0030009,1281.48,0.4529534491269549,0.09409310174609,580.4507859872102,315.7836004258513,INTERVENE,RETRY_ALL,1,1281.48,1,1281.48
T0028280,1390.62,0.4173589057614039,0.1652821884771921,580.3876415299234,336.4076905435526,INTERVENE,RETRY_ALL,1,1390.62,1,1390.62
T0013528,1175.18,0.4938523864822071,0.0122952270355858,580.3654475461601,292.0005862436748,INTERVENE,RETRY_ALL,1,1175.18,1,1175.18
T0036030,1101.5,0.5249275858387936,0.0498551716775872,578.2077358014312,301.7671908675603,INTERVENE,RETRY_ALL,0,0.0,0,0.0
T0016981,1267.85,0.4511695882497816,0.0976608235004368,572.0153624624855,312.18942690773633,INTERVENE,RETRY_ALL,1,1267.85,1,1267.85
T0033036,1216.4,0.4659105042464753,0.0681789915070493,566.7335373654125,300.9364291981045,INTERVENE,RETRY_ALL,1,1216.4,1,1216.4
T0025688,1133.12,0.4988197924777667,0.0023604150444664,565.2226832524069,281.52842168871484,INTERVENE,RETRY_ALL,1,1133.12,1,1133.12
T0012181,1167.93,0.4827779974143267,0.0344440051713464,563.8509065201146,289.8860950300809,INTERVENE,RETRY_ALL,0,0.0,0,0.0
T0016455,854.81,0.6592705106225041,0.3185410212450081,563.5510251852227,369.7825721356974,INTERVENE,RETRY_ALL,1,854.81,1,854.81
T0023557,909.83,0.6182519921586848,0.2365039843173695,562.5042100257361,346.0193484460586,INTERVENE,RETRY_ALL,1,909.83,1,909.83
T0031278,965.67,0.5803845231832166,0.1607690463664333,560.4599225023368,323.5322648848213,INTERVENE,RETRY_ALL,1,965.67,1,965.67
T0016500,2967.37,0.1868936748991667,0.6262126502016665,554.5826840855402,449.18468822135,INTERVENE,RETRY_ALL,0,0.0,0,0.0
T0005571,1026.69,0.5335916696136076,0.0671833392272152,547.8332312755948,290.56924854616227,INTERVENE,RETRY_ALL,0,0.0,0,0.0
T0020450,1138.94,0.4769710614723157,0.0460578770553685,543.2414207532793,282.38098366085876,INTERVENE,RETRY_ALL,0,0.0,0,0.0
T0021693,1025.58,0.5285665819802446,0.0571331639604892,542.0873151472993,284.7792393022557,INTERVENE,RETRY_ALL,0,0.0,0,0.0
T0006984,1318.64,0.4096981286204722,0.1806037427590555,540.2443403240995,317.1572450955144,INTERVENE,RETRY_ALL,0,0.0,0,0.0
T0040618,982.08,0.5481784169419686,0.0963568338839371,538.3550597103686,293.36462438472876,INTERVENE,RETRY_ALL,1,982.08,1,982.08
T0008368,913.32,0.5885413293914469,0.1770826587828937,537.5265669597962,314.6066003017391,INTERVENE,RETRY_ALL,0,0.0,0,0.0
T0025637,1258.32,0.4228285236336423,0.1543429527327153,532.0535878586848,305.33615481041466,INTERVENE,RETRY_ALL,1,1258.32,1,1258.32
T0000433,1230.15,0.4294444209452173,0.1411111581095654,528.2810544257591,299.66370291156016,INTERVENE,RETRY_ALL,1,1230.15,1,1230.15
T0004784,1095.66,0.4810258911531194,0.0379482176937612,527.0408279008268,271.77054398575376,INTERVENE,RETRY_ALL,0,0.0,0,0.0
T0024020,1246.89,0.4211392545679332,0.1577214908641335,525.1143251282103,302.2180696807725,INTERVENE,RETRY_ALL,0,0.0,0,0.0
T0035164,1192.7,0.4396153835926357,0.1207692328147285,524.3292680109366,292.0760557254628,INTERVENE,RETRY_ALL,1,1192.7,1,1192.7
T0015852,1400.01,0.3725925573859033,0.2548148852281933,521.6333062658384,325.52661866658553,INTERVENE,RETRY_ALL,1,1400.01,1,1400.01
T0018897,1013.71,0.5138158983339091,0.0276317966678181,520.860314300067,265.8763102985711,INTERVENE,RETRY_ALL,0,0.0,0,0.0
T0044225,1025.85,0.5066094520004978,0.0132189040009955,519.7053063347106,261.5376204439786,INTERVENE,RETRY_ALL,1,1025.85,1,1025.85
T0014702,898.63,0.5781743557394726,0.1563487114789452,519.5648212981623,298.6490558189592,INTERVENE,RETRY_ALL,1,898.63,1,898.63
T0006681,964.34,0.5353849288409517,0.0707698576819033,516.2931022784834,274.66554582444,INTERVENE,RETRY_ALL,1,964.34,1,964.34
T0010667,1125.87,0.4584929248014191,0.0830141503971617,516.2034292461736,277.7778091785731,INTERVENE,RETRY_ALL,1,1125.87,1,1125.87
T0031352,1069.78,0.4799993292457942,0.0400013415084115,513.4936824405657,265.26705929714126,INTERVENE,RETRY_ALL,1,1069.78,1,1069.78
T0000183,806.92,0.6360643634896447,0.2721287269792893,513.2530561870641,324.7119784927398,INTERVENE,RETRY_ALL,1,806.92,1,806.92
T0014416,1151.44,0.4432852035989535,0.1134295928020929,510.41631483197904,282.4063147914577,INTERVENE,RETRY_ALL,0,0.0,0,0.0
T0000114,1205.58,0.4176481242301977,0.1647037515396044,503.5082256094417,291.46895964918315,INTERVENE,RETRY_ALL,0,0.0,0,0.0
T0007204,2259.71,0.2227349149443624,0.5545301701112753,503.3163146489252,389.4601981154869,INTERVENE,RETRY_ALL,0,0.0,0,0.0
T0020901,1003.41,0.4974568046447217,0.0050863907105564,499.1531323485602,249.09601010204156,INTERVENE,RETRY_ALL,1,1003.41,1,1003.41
T0029832,1075.92,0.4615199282951691,0.0769601434096618,496.55852125133833,265.6368681290655,INTERVENE,RETRY_ALL,1,1075.92,1,1075.92
T0010429,807.29,0.6120218021843692,0.2240436043687383,494.0790806854194,300.63716938268675,INTERVENE,RETRY_ALL,1,807.29,1,807.29
T0003583,779.11,0.6310524279116598,0.2621048558233196,491.6592571102533,308.51276790466835,INTERVENE,RETRY_ALL,1,779.11,1,779.11
T0033915,1193.48,0.4114691072797785,0.1770617854404429,491.08015015627,287.26583916864996,INTERVENE,RETRY_ALL,1,1193.48,1,1193.48
T0013176,1110.34,0.440499741966166,0.119000516067668,489.1044834947127,271.90408472079685,INTERVENE,RETRY_ALL,0,0.0,0,0.0
T0040449,1031.94,0.4651022539634424,0.069795492073115,479.9576199550348,254.97824910701877,INTERVENE,RETRY_ALL,1,1031.94,1,1031.94
T0006704,836.96,0.5728256864326288,0.1456513728652575,479.432186516653,272.8810713392979,INTERVENE,RETRY_ALL,1,836.96,1,836.96
T0023506,1115.69,0.4272385292017156,0.1455229415965687,476.6657546450621,271.2657787096799,INTERVENE,RETRY_ALL,1,1115.69,1,1115.69
T0001894,1063.04,0.4475796817173424,0.104840636565315,475.79510485280366,261.0888832601162,INTERVENE,RETRY_ALL,1,1063.04,1,1063.04
T0020490,1040.28,0.4521137955196847,0.0957724089606305,470.32493920321764,255.9345458124859,INTERVENE,RETRY_ALL,0,0.0,0,0.0
T0045230,714.87,0.6514521855732045,0.302904371146409,465.7036239007167,301.6336436194835,INTERVENE,RETRY_ALL,1,714.87,1,714.87
T0004005,1133.97,0.4079637667228054,0.1840724665543891,462.6186725506596,272.1370163405884,INTERVENE,RETRY_ALL,0,0.0,0,0.0
T0011274,1015.34,0.4541775574929906,0.0916448850140186,461.1446412249331,249.95309442241145,INTERVENE,RETRY_ALL,1,1015.34,1,1015.34
T0000901,1160.94,0.3971443023876355,0.2057113952247289,461.0607064139016,276.2030738068022,INTERVENE,RETRY_ALL,1,1160.94,1,1160.94
T0023879,1256.01,0.3637593387078756,0.2724813225842487,456.88536701047883,288.93904804144194,INTERVENE,RETRY_ALL,1,1256.01,1,1256.01
T0001142,897.12,0.505622981781729,0.011245963563458,453.60448941602476,227.6028544881092,INTERVENE,RETRY_ALL,1,897.12,1,897.12
T0000671,1107.12,0.4095324655670659,0.1809350688658682,453.40158327860996,265.96891498650945,INTERVENE,RETRY_ALL,1,1107.12,1,1107.12
T0020991,1115.13,0.4045003343362218,0.1909993313275563,451.07045782835104,266.8623068275904,INTERVENE,RETRY_ALL,1,1115.13,1,1115.13
T0032153,946.46,0.4761912207571496,0.0476175584857007,450.6959427978118,234.3284916066273,INTERVENE,RETRY_ALL,1,946.46,1,946.46
T0028547,1301.5,0.3452669563506998,0.3094660872986002,449.36494369043584,292.46407729173535,INTERVENE,RETRY_ALL,1,1301.5,1,1301.5
T0018191,674.42,0.6560035794746212,0.3120071589492423,442.421934069274,288.4803723875286,INTERVENE,RETRY_ALL,1,674.42,1,674.42
T0023520,1370.52,0.3196612194562477,0.3606775610875045,438.1020944891766,296.3078447184301,INTERVENE,RETRY_ALL,1,1370.52,1,1370.52
T0032708,1138.68,0.3823992220688362,0.2352015558623275,435.43034618534244,267.1721205389034,INTERVENE,RETRY_ALL,0,0.0,0,0.0
T0027860,856.0,0.5077856577254839,0.0155713154509677,434.6645230130142,218.9664107080972,INTERVENE,RETRY_ALL,1,856.0,1,856.0
T0014407,848.44,0.5095664133184558,0.0191328266369115,432.3365277159106,218.55417377475172,INTERVENE,RETRY_ALL,1,848.44,1,848.44
T0025062,892.61,0.4819419153761451,0.0361161692477097,430.1861730839009,221.1114248595118,INTERVENE,RETRY_ALL,1,892.61,1,892.61
T0010074,694.6,0.6153438499120174,0.2306876998240348,427.4178381488873,261.25893804760784,INTERVENE,RETRY_ALL,1,694.6,1,694.6
T0024029,1022.9,0.4154367898232293,0.1691264203535414,424.9502923101812,246.66030703839664,INTERVENE,RETRY_ALL,1,1022.9,1,1022.9
T0042165,682.19,0.618768095550427,0.237536191100854,422.1174071035458,259.44278409214536,INTERVENE,RETRY_ALL,0,0.0,0,0.0
T0021765,704.2,0.597811476295129,0.1956229525902579,420.97884160702984,249.9159827901118,INTERVENE,RETRY_ALL,1,704.2,1,704.2
T0005622,718.44,0.5819681871470689,0.1639363742941377,418.1092243739402,241.57626733836904,INTERVENE,RETRY_ALL,1,718.44,1,718.44
T0037261,778.06,0.5360978166845447,0.0721956333690894,417.1162672495768,221.8651201761052,INTERVENE,RETRY_ALL,0,0.0,0,0.0
T0012287,1014.55,0.4048971080472742,0.1902057839054515,410.78836096936203,242.71134159338754,INTERVENE,RETRY_ALL,0,0.0,0,0.0
T0026587,660.2,0.615388508276192,0.2307770165523839,406.27949316394194,248.26973124136558,INTERVENE,RETRY_ALL,1,660.2,1,660.2
T0030481,994.44,0.4084181837368958,0.1831636325262083,406.1473786353187,238.51940392358048,INTERVENE,RETRY_ALL,0,0.0,0,0.0
T0027448,1063.72,0.3802042877187796,0.2395914245624407,404.43090493222024,248.914540791004,INTERVENE,RETRY_ALL,1,1063.72,1,1063.72
T0024290,712.32,0.5606191672441904,0.1212383344883807,399.3402452113817,222.12779571749562,INTERVENE,RETRY_ALL,1,712.32,1,712.32
T0008920,992.41,0.3979582949986598,0.2040834100026803,394.93779153962,236.01902138797664,INTERVENE,RETRY_ALL,0,0.0,0,0.0
T0044537,873.23,0.4512905738242252,0.0974188523515494,394.0804677805282,214.48566734293448,INTERVENE,RETRY_ALL,0,0.0,0,0.0
T0020930,896.6,0.4365545871346247,0.1268908257307505,391.4148428249045,218.79089771711426,INTERVENE,RETRY_ALL,1,896.6,1,896.6
T0029978,903.18,0.4323703690319425,0.135259261936115,390.5082699022698,219.9140651346,INTERVENE,RETRY_ALL,1,903.18,1,903.18
T0044597,744.15,0.5226860727693491,0.0453721455386981,388.95684105131113,201.55232372588176,INTERVENE,RETRY_ALL,1,744.15,1,744.15
T0004847,850.16,0.4574015293169012,0.0851969413661974,388.8644841640567,209.24727441038925,INTERVENE,RETRY_ALL,1,850.16,1,850.16
T0040700,624.2,0.6220317836880492,0.2440635673760984,388.27223937808037,239.76767361690054,INTERVENE,RETRY_ALL,1,624.2,1,624.2
T0041719,846.45,0.4571690034245246,0.0856619931509506,386.9707029486889,208.309692327149,INTERVENE,RETRY_ALL,1,846.45,1,846.45
T0035909,961.12,0.4023526051451178,0.1952947897097644,386.7091358570756,229.36570761156395,INTERVENE,RETRY_ALL,0,0.0,0,0.0
T0016648,640.92,0.5997605839331802,0.1995211678663604,384.39855345445386,228.797100882913,INTERVENE,RETRY_ALL,0,0.0,0,0.0
T0019360,959.03,0.399568619647928,0.200862760704144,383.1982933009524,228.334280195249,INTERVENE,RETRY_ALL,0,0.0,0,0.0
T0030928,621.54,0.6109932160906049,0.2219864321812097,379.7567235289545,230.2787818409866,INTERVENE,RETRY_ALL,0,0.0,0,0.0
T0019137,684.65,0.55215846861809,0.10431693723618,378.03529553937534,206.98538986860856,INTERVENE,RETRY_ALL,0,0.0,0,0.0
T0000667,695.21,0.5433109206934718,0.0866218413869435,377.71518517530853,203.46678501750202,INTERVENE,RETRY_ALL,1,695.21,1,695.21
T0000192,615.14,0.6117817262513902,0.2235634525027803,376.3314110862801,228.482680316986,INTERVENE,RETRY_ALL,0,0.0,0,0.0
T0019913,605.88,0.619664924186729,0.239329848373458,375.4425842662554,230.89860051581877,INTERVENE,RETRY_ALL,0,0.0,0,0.0
T0036572,852.16,0.4391590130027101,0.1216819739945797,374.23374452038945,208.13562264450684,INTERVENE,RETRY_ALL,0,0.0,0,0.0
T0045712,977.5,0.3827608301276337,0.2344783397447325,374.14871144976195,229.18924006406652,INTERVENE,RETRY_ALL,1,977.5,1,977.5
T0044928,912.46,0.4079626459912013,0.1840747080175973,372.24959596113155,218.6356658236727,INTERVENE,RETRY_ALL,0,0.0,0,0.0
T0020069,604.98,0.614832641521314,0.229665283042628,371.96145146756453,226.94404174990476,INTERVENE,RETRY_ALL,1,604.98,1,604.98
T0026611,545.61,0.6746303403538817,0.3492606807077634,368.0850600004814,246.57134930730373,INTERVENE,RETRY_ALL,0,0.0,0,0.0
T0025050,732.93,0.4994265686159063,0.0011468627681873,366.04471493565615,181.4822589953538,INTERVENE,RETRY_ALL,1,732.93,1,732.93
T0026617,662.72,0.5485836809697137,0.0971673619394273,363.5573770522486,197.69164414701666,INTERVENE,RETRY_ALL,0,0.0,0,0.0
T0037232,685.21,0.5272903237040195,0.054580647408039,361.3046027052312,188.76242091619355,INTERVENE,RETRY_ALL,1,685.21,1,685.21
T0006739,801.96,0.4430198164929859,0.1139603670140281,355.28417203471497,196.1362433370331,INTERVENE,RETRY_ALL,0,0.0,0,0.0
T0034899,641.57,0.549735314845492,0.0994706296909839,352.6936859454223,192.1381744872238,INTERVENE,RETRY_ALL,1,641.57,1,641.57
T0030466,576.66,0.6081719374156116,0.2163438748312232,350.70842943008654,211.54102499448203,INTERVENE,RETRY_ALL,1,576.66,1,576.66
T0038605,796.3,0.4401160523354244,0.1197678953291511,350.4644124746984,194.46939877228024,INTERVENE,RETRY_ALL,0,0.0,0,0.0
T0018611,611.91,0.5725316553112089,0.1450633106224177,350.3378452014818,198.8295064313664,INTERVENE,RETRY_ALL,0,0.0,0,0.0
T0036279,580.6,0.6022127584597896,0.2044255169195792,349.6447275617539,208.8105158658854,INTERVENE,RETRY_ALL,1,580.6,1,580.6
T0041660,645.37,0.5377242597151077,0.0754485194302154,347.03110549233907,184.8570442989835,INTERVENE,RETRY_ALL,1,645.37,1,645.37
T0040033,550.87,0.6289487429667496,0.2578974859334992,346.4689940380934,216.1612382772131,INTERVENE,RETRY_ALL,1,550.87,1,550.87
T0022129,823.55,0.4205533557937956,0.1588932884124088,346.3467161639804,198.93944241305718,INTERVENE,RETRY_ALL,1,823.55,1,823.55
T0042579,1124.12,0.3054995089383522,0.3890009821232956,343.41810798778045,236.7540446369755,INTERVENE,RETRY_ALL,0,0.0,0,0.0
T0017826,702.01,0.4883325371753305,0.0233349256493389,342.81432442245375,173.65693559719003,INTERVENE,RETRY_ALL,1,702.01,1,702.01
T0012538,624.01,0.5439700954651939,0.0879401909303878,339.4427792712357,182.8967210451448,INTERVENE,RETRY_ALL,1,624.01,1,624.01
T0004910,584.8,0.5773599453716123,0.1547198907432245,337.6400960533188,193.1898674126101,INTERVENE,RETRY_ALL,1,584.8,1,584.8
T0017950,527.85,0.6385751983726877,0.2771503967453754,337.07191846102324,213.49576719711035,INTERVENE,RETRY_ALL,0,0.0,0,0.0
T0037614,1224.74,0.2724920918224771,0.4550158163550458,333.7319645386606,241.04264341349622,INTERVENE,RETRY_ALL,1,1224.74,1,1224.74
T0030460,601.56,0.5436045680594803,0.0872091361189606,327.01076396186096,176.0145450942881,INTERVENE,RETRY_ALL,1,601.56,1,601.56
T0037164,742.49,0.4382102190043236,0.1235795619913526,325.3667055085202,181.03769023091633,INTERVENE,RETRY_ALL,0,0.0,0,0.0
T0022537,721.78,0.4476338595452713,0.1047322809094574,323.0931671425859,176.71572574184472,INTERVENE,RETRY_ALL,1,721.78,1,721.78
T0013884,753.19,0.4285314995312989,0.1429370009374022,322.765640131979,182.70039636904247,INTERVENE,RETRY_ALL,1,753.19,1,753.19
T0019419,555.68,0.5788770467111521,0.1577540934223043,321.670397316453,184.45760961295125,INTERVENE,RETRY_ALL,1,555.68,1,555.68
T0038648,799.13,0.4022418467380812,0.1955163065238375,321.4435269838028,190.3954890678357,INTERVENE,RETRY_ALL,1,799.13,1,799.13
T0031813,1122.07,0.2862503549846111,0.4274992900307778,321.19293581758257,227.50134392125014,INTERVENE,RETRY_ALL,1,1122.07,1,1122.07
T0016314,711.4,0.4489096800100747,0.1021806399798506,319.35434635916715,174.24308892524684,INTERVENE,RETRY_ALL,1,711.4,1,711.4
T0022816,450.44,0.7083338871488463,0.4166677742976925,319.0619161273263,224.25236729162822,INTERVENE,RETRY_ALL,1,450.44,1,450.44
T0011220,765.01,0.4158606992748948,0.1682786014502103,318.1375935522872,184.0866714320008,INTERVENE,RETRY_ALL,1,765.01,1,765.01
T0005945,759.13,0.4131821733715949,0.1736356532568101,313.65898327157885,182.31068286590317,INTERVENE,RETRY_ALL,1,759.13,1,759.13
T0010183,889.34,0.3512003697236798,0.2975992605526403,312.3365368100574,200.8938296041515,INTERVENE,RETRY_ALL,1,889.34,1,889.34
T0002285,574.39,0.5416991188441214,0.0833982376882427,311.14655687287484,166.79781568941863,INTERVENE,RETRY_ALL,0,0.0,0,0.0
T0020416,541.39,0.5682147553213718,0.1364295106427435,307.62578638343746,173.0475109404095,INTERVENE,RETRY_ALL,1,541.39,1,541.39
T0031682,695.02,0.4419825599096817,0.1160348801806365,307.18671878842696,169.66554644806249,INTERVENE,RETRY_ALL,0,0.0,0,0.0
T0016656,695.04,0.4382413808403701,0.1235172383192597,304.59528933929084,169.35902914176793,INTERVENE,RETRY_ALL,1,695.04,1,695.04
T0006448,560.96,0.5403676132890259,0.0807352265780518,303.12461635061203,162.04872546653183,INTERVENE,RETRY_ALL,1,560.96,1,560.96
T0009904,530.34,0.5697758784396475,0.139551756879295,302.1749393716827,170.4219915229477,INTERVENE,RETRY_ALL,1,530.34,1,530.34
T0010756,716.96,0.4206537781739577,0.1586924436520845,301.5919327996007,172.9761468006623,INTERVENE,RETRY_ALL,1,716.96,1,716.96
T0014761,695.54,0.4325988970690437,0.1348022058619125,300.88983686740266,168.97522529927977,INTERVENE,RETRY_ALL,1,695.54,1,695.54
T0034482,654.79,0.4590465503520936,0.0819068992958128,300.57909070504735,160.8492960089263,INTERVENE,RETRY_ALL,1,654.79,1,654.79
T0019997,697.51,0.4290263307311991,0.1419473385376017,299.2501559483187,169.1139595710724,INTERVENE,RETRY_ALL,1,697.51,1,697.51
T0021313,564.77,0.5289588347859453,0.0579176695718905,298.7400811220583,156.27120521418274,INTERVENE,RETRY_ALL,0,0.0,0,0.0
T0042549,475.94,0.6245541210139873,0.2491082420279746,297.2502883553971,183.89889256495934,INTERVENE,RETRY_ALL,1,475.94,1,475.94
T0029092,780.83,0.3796172606868931,0.2407654786262136,296.41654566214675,182.1417085756112,INTERVENE,RETRY_ALL,0,0.0,0,0.0
T0010789,614.39,0.4814683103655645,0.0370633792688709,295.80931520549916,151.63650402311276,INTERVENE,RETRY_ALL,1,614.39,1,614.39
T0028119,720.76,0.4047506016125418,0.1904987967749164,291.72804361825564,171.90094245651682,INTERVENE,RETRY_ALL,0,0.0,0,0.0
T0028429,765.39,0.3775546505792049,0.2448906988415902,288.97655400681765,178.12211213319085,INTERVENE,RETRY_ALL,0,0.0,0,0.0
T0014810,518.56,0.552782750424167,0.105565500848334,286.651023059956,156.7057409389838,INTERVENE,RETRY_ALL,1,518.56,1,518.56
T0015931,476.58,0.5973398641517076,0.1946797283034151,284.6802324574208,168.30085138279227,INTERVENE,RETRY_ALL,1,476.58,1,476.58
T0006144,503.45,0.5572764289242884,0.1145528578485768,280.560818141933,154.5999308302131,INTERVENE,RETRY_ALL,1,503.45,1,503.45
T0012291,477.65,0.586264115227552,0.1725282304551039,280.0290546384402,162.42098595561293,INTERVENE,RETRY_ALL,1,477.65,1,477.65
T0012720,455.06,0.6131801623230075,0.226360324646015,279.03376466670784,169.34796911193177,INTERVENE,RETRY_ALL,1,455.06,1,455.06
T0017842,521.56,0.515797792443663,0.0315955848873259,269.0194966269168,137.00966248446915,INTERVENE,RETRY_ALL,1,521.56,1,521.56
T0021006,600.41,0.4462854777648994,0.107429044470201,267.95426370482323,146.62016710817434,INTERVENE,RETRY_ALL,0,0.0,0,0.0
T0032633,439.8,0.6062992689919877,0.2125985379839754,266.6504185026762,159.91995381458017,INTERVENE,RETRY_ALL,1,439.8,1,439.8
T0030981,606.82,0.4392131723376801,0.1215736553246398,266.52333723795107,147.71277678764523,INTERVENE,RETRY_ALL,1,606.82,1,606.82
T0022581,642.01,0.4133915687170426,0.1732168625659147,265.4015210320285,153.93676991270905,INTERVENE,RETRY_ALL,1,642.01,1,642.01
T0004637,564.45,0.4689081706424691,0.0621836587150617,264.6752169191417,138.81684513918827,INTERVENE,RETRY_ALL,0,0.0,0,0.0
T0014571,641.17,0.4113334462678371,0.1773331074643258,263.7346657435491,153.50177678295898,INTERVENE,RETRY_ALL,1,641.17,1,641.17
T0028520,653.51,0.4020803216477208,0.1958393567045583,262.763511000002,155.36147397983677,INTERVENE,RETRY_ALL,0,0.0,0,0.0
T0027560,466.83,0.5516324449673534,0.1032648899347068,257.5185742841096,140.3056007568504,INTERVENE,RETRY_ALL,1,466.83,1,466.83
T0037771,936.07,0.274205004158866,0.451589991682268,256.67507824298974,184.54348734589348,INTERVENE,RETRY_ALL,0,0.0,0,0.0
T0031500,795.89,0.3216986421710826,0.3566027156578347,256.03673231754294,171.92006318506841,INTERVENE,RETRY_ALL,1,795.89,1,795.89
T0034584,436.71,0.5840229146742204,0.1680458293484408,255.0486470673788,147.2042542440071,INTERVENE,RETRY_ALL,1,436.71,1,436.71
T0033862,759.17,0.3274309708288759,0.3451380583422482,248.5757701241577,165.4343643878693,INTERVENE,RETRY_ALL,1,759.17,1,759.17
T0018843,553.95,0.4473365844830651,0.1053268310338697,247.80210097439394,135.20115549678093,INTERVENE,RETRY_ALL,1,553.95,1,553.95
T0026881,517.86,0.4679547602541116,0.0640904794917767,242.33505214519423,127.18321091742223,INTERVENE,RETRY_ALL,0,0.0,0,0.0
T0027948,423.79,0.5629722060436121,0.1259444120872241,238.5819911992224,132.5650299077039,INTERVENE,RETRY_ALL,0,0.0,0,0.0
T0027304,430.14,0.5433990592856165,0.0867981185712329,233.73767136111508,125.26283073724052,INTERVENE,RETRY_ALL,1,430.14,1,430.14
T0019516,607.12,0.381861975449165,0.2362760491016698,231.83604253469707,141.55667335208096,INTERVENE,RETRY_ALL,0,0.0,0,0.0
T0045263,378.61,0.5963889273253756,0.1927778546507512,225.79881177466046,132.91391114563416,INTERVENE,RETRY_ALL,1,378.61,1,378.61
T0010693,479.53,0.4674597480721209,0.0650805038557582,224.1609729930241,117.62474103010356,INTERVENE,RETRY_ALL,1,479.53,1,479.53
T0020397,601.75,0.3709839079254257,0.2580321841491486,223.2395665941249,138.67127977545815,INTERVENE,RETRY_ALL,0,0.0,0,0.0
T0029955,373.36,0.5943407545321474,0.1886815090642948,221.90306411212256,130.1360345573944,INTERVENE,RETRY_ALL,1,373.36,1,373.36
T0036986,375.2,0.5894676709953078,0.1789353419906156,221.16827015743948,128.6215451077669,INTERVENE,RETRY_ALL,1,375.2,1,375.2
T0008618,406.05,0.5380590273980966,0.0761180547961932,218.47886807499714,115.80452726347004,INTERVENE,RETRY_ALL,1,406.05,1,406.05
T0018355,365.31,0.5942596995518677,0.1885193991037355,217.0890108432928,127.25725035974733,INTERVENE,RETRY_ALL,0,0.0,0,0.0
T0035129,476.71,0.4397370803501991,0.1205258392996017,209.6270635737434,115.69627067543988,INTERVENE,RETRY_ALL,1,476.71,1,476.71
T0022042,337.94,0.6051714084510277,0.2103428169020553,204.5116257719403,122.0145886130146,INTERVENE,RETRY_ALL,1,337.94,1,337.94
T0042375,579.72,0.3502417104345779,0.2995165791308442,203.0421243731335,130.17830344241696,INTERVENE,RETRY_ALL,1,579.72,1,579.72
T0023498,484.89,0.4117002071815812,0.1765995856368376,199.6293134602769,115.69188374916408,INTERVENE,RETRY_ALL,0,0.0,0,0.0
T0042809,446.49,0.4413568163150211,0.1172863673699576,197.06140491649379,108.33701062398481,INTERVENE,RETRY_ALL,0,0.0,0,0.0
T0035863,362.46,0.5412565140607002,0.0825130281214003,196.18383608644137,104.43577923520306,INTERVENE,RETRY_ALL,1,362.46,1,362.46
T0030704,462.25,0.4165319837119156,0.1669360325761688,192.54190947083296,110.59204597126684,INTERVENE,RETRY_ALL,0,0.0,0,0.0
T0030786,415.77,0.4627636145020065,0.0744727709959869,192.40322800149923,101.61601476967178,INTERVENE,RETRY_ALL,0,0.0,0,0.0
T0018217,476.02,0.4028463241224306,0.1943073517551388,191.7629072087594,112.76192493667993,INTERVENE,RETRY_ALL,1,476.02,1,476.02
T0014339,405.46,0.4662398404753021,0.0675203190493957,189.04160571911598,99.15287762544038,INTERVENE,RETRY_ALL,1,405.46,1,405.46
T0001904,291.86,0.643397789140613,0.2867955782812259,187.78207873857932,119.06857430063043,INTERVENE,RETRY_ALL,1,291.86,1,291.86
T0004409,321.38,0.576328283414335,0.1526565668286699,185.22038372369897,104.99774580482385,INTERVENE,RETRY_ALL,0,0.0,0,0.0
T0009771,461.34,0.4014085162660344,0.1971829674679311,185.1858048941723,109.10064571807125,INTERVENE,RETRY_ALL,1,461.34,1,461.34
T0041443,364.47,0.504982338009212,0.0099646760184239,184.05091273421752,91.1924602252546,INTERVENE,RETRY_ALL,0,0.0,0,0.0
T0002288,320.46,0.5736946001746208,0.1473892003492416,183.84617157195896,103.72155589360975,INTERVENE,RETRY_ALL,1,320.46,1,320.46
T0044092,426.11,0.4205033188963214,0.1589933622073571,179.18066921491152,102.0846031279773,INTERVENE,RETRY_ALL,1,426.11,1,426.11
T0002672,327.4,0.5382283691854725,0.0764567383709449,176.21596807132366,93.09443311946782,INTERVENE,RETRY_ALL,0,0.0,0,0.0
T0000191,300.35,0.5817220425677668,0.1634440851355336,174.72021548522878,99.88860062994765,INTERVENE,RETRY_ALL,1,300.35,1,300.35
T0044793,386.63,0.4405474906330202,0.1189050187339595,170.3288763034446,93.54091726561997,INTERVENE,RETRY_ALL,0,0.0,0,0.0
T0019367,280.39,0.6058449248439892,0.2116898496879784,169.87285847700613,101.1666091770354,INTERVENE,RETRY_ALL,0,0.0,0,0.0
T0025822,249.46,0.6435621412903394,0.2871242825806788,160.54301176628806,101.5694044215125,INTERVENE,RETRY_ALL,1,249.46,1,249.46
T0019001,250.75,0.6380300752980247,0.2760601505960494,159.98604138097969,100.32590602893936,INTERVENE,RETRY_ALL,1,250.75,1,250.75
T0005658,628.72,0.2478200264627361,0.5043599470745277,155.80940703765145,115.44671566243744,INTERVENE,RETRY_ALL,0,0.0,0,0.0
T0001558,374.45,0.4082361973225382,0.1835276053549236,152.86404408742442,88.70940802182945,INTERVENE,RETRY_ALL,0,0.0,0,0.0
T0016052,338.92,0.4441444289944146,0.1117111420111707,150.52942987478698,81.92262219619495,INTERVENE,RETRY_ALL,1,338.92,1,338.92
T0041575,357.06,0.4169072564952323,0.1661854870095354,148.86090500418766,85.04971349949437,INTERVENE,RETRY_ALL,0,0.0,0,0.0
T0017955,279.47,0.4904468200604305,0.0191063598791388,137.06517280228852,68.09199466037269,INTERVENE,RETRY_ALL,1,279.47,1,279.47
T0039103,242.71,0.5544856490954306,0.1089712981908612,134.57921189195199,72.87224166066048,INTERVENE,RETRY_ALL,0,0.0,0,0.0
T0015600,230.4,0.5693418881955876,0.1386837763911752,131.1763710402634,72.93420277470857,INTERVENE,RETRY_ALL,1,230.4,1,230.4
T0014645,304.35,0.4250865053317495,0.1498269893365009,129.37507789771797,72.62947815715418,INTERVENE,RETRY_ALL,0,0.0,0,0.0
T0035860,243.65,0.528905018296504,0.057810036593008,128.86770770794323,66.40877730309823,INTERVENE,RETRY_ALL,1,243.65,1,243.65
T0004475,429.62,0.2926713637709761,0.4146572724580477,125.73747130328674,87.18771409983984,INTERVENE,RETRY_ALL,0,0.0,0,0.0
T0028832,257.66,0.479606317028577,0.040787365942846,123.57536364558315,62.55783861205791,INTERVENE,RETRY_ALL,1,257.66,1,257.66
T0029260,302.98,0.406487211693107,0.1870255766137859,123.15749539877756,71.3455484950218,INTERVENE,RETRY_ALL,0,0.0,0,0.0
T0017251,208.77,0.5564051039223759,0.1128102078447517,116.16069354587441,62.8824027640875,INTERVENE,RETRY_ALL,1,208.77,1,208.77
T0016502,492.75,0.2356322783157568,0.5287354433684863,116.10780514008917,86.999058484688,INTERVENE,RETRY_ALL,1,492.75,1,492.75
T0001103,278.71,0.3955694908833492,0.2088610182333015,110.24917280409825,64.8879636476707,INTERVENE,RETRY_ALL,0,0.0,0,0.0
T0004058,956.35,0.1145907131744675,0.770818573651065,109.588828544402,95.28096652554454,INTERVENE,RETRY_ALL,0,0.0,0,0.0
T0037538,220.56,0.4901075553133624,0.0197848893732751,108.09812239991521,53.36841589652814,INTERVENE,RETRY_ALL,0,0.0,0,0.0
T0008860,205.28,0.5172147903211869,0.0344295806423737,106.17385215713324,53.16468668104437,INTERVENE,RETRY_ALL,1,205.28,1,205.28
T0034892,221.27,0.466122805440571,0.0677543891188579,103.13899315983515,53.31355631785692,INTERVENE,RETRY_ALL,1,221.27,1,221.27
T0040635,194.97,0.5076225053980141,0.0152450107960282,98.97115987745082,48.489988139139,INTERVENE,RETRY_ALL,0,0.0,0,0.0
T0040793,199.48,0.4220313839233073,0.1559372321533854,84.18682046502134,46.90734011606537,INTERVENE,RETRY_ALL,0,0.0,0,0.0
T0008036,197.03,0.4252322661571702,0.1495354676856595,83.78351340094724,46.40606013085281,INTERVENE,RETRY_ALL,1,197.03,1,197.03
T0004593,550.79,0.1304065657544532,0.7391868684910934,71.82663235189527,60.709967897176895,INTERVENE,RETRY_ALL,0,0.0,0,0.0
T0045469,110.46,0.5743320270439937,0.1486640540879873,63.44071570727954,34.68603484928358,INTERVENE,RETRY_ALL,1,110.46,1,110.46
T0002337,103.68,0.5937604647913978,0.1875209295827955,61.56108498957212,34.80253843647109,INTERVENE,RETRY_ALL,1,103.68,1,103.68
