failure_reason,confidence,recovery_rank,actual_recovered,transaction_id,amount,recovery_probability,recovery_flag,recovered_amount,expected_recovery,expected_intervention_cost,expected_friction_cost,expected_net_recovery,incremental_value,reclaim_intervene,reclaim_action,incremental_rank
LIMIT_EXCEEDED,0.3134906286773715,1,1,T0022306,26703.03,0.3432546856613142,1,26703.03,9165.940168854642,1.5,0.25,9164.190168854642,9164.190168854642,True,DELAYED_RETRY,1.0
PAYMENT_TIMEOUT,0.3198559877560609,2,1,T0026878,12853.93,0.6599279938780305,1,12853.93,8482.668238348633,1.5,0.25,8480.918238348633,8480.918238348633,True,RETRY_NOW,2.0
PAYMENT_TIMEOUT,0.3849742988934128,3,1,T0000835,9567.33,0.6924871494467064,1,9567.33,6625.253079515957,1.5,0.25,6623.503079515957,6623.503079515957,True,RETRY_NOW,3.0
NETWORK_ERROR,0.0672831089128134,4,1,T0038230,11837.46,0.5336415544564067,1,11837.46,6316.960555215535,1.5,0.25,6315.210555215535,6315.210555215535,False,NO_ACTION,
INSUFFICIENT_FUNDS,0.0824345359093956,5,1,T0032751,13412.25,0.4587827320453022,1,13412.25,6153.308697874604,1.5,0.25,6151.558697874604,6151.558697874604,False,NO_ACTION,
PAYMENT_TIMEOUT,0.1901293437699847,6,0,T0007170,10058.29,0.5950646718849923,0,0.0,5985.3330385741,1.5,0.25,5983.5830385741,5983.5830385741,False,NO_ACTION,
BANK_DECLINE,0.1319726762430135,7,1,T0019894,11801.87,0.4340136618784932,1,11801.87,5122.172815713933,1.5,0.25,5120.422815713933,5120.422815713933,False,NO_ACTION,
NETWORK_ERROR,0.0752383828954821,8,0,T0014488,9490.22,0.5376191914477411,0,0.0,5102.124403061181,1.5,0.25,5100.374403061181,5100.374403061181,False,NO_ACTION,
PAYMENT_TIMEOUT,0.2290715899895408,9,1,T0041621,8270.53,0.6145357949947704,1,8270.53,5082.5367285780985,1.5,0.25,5080.7867285780985,5080.7867285780985,True,DELAYED_RETRY,4.0
BANK_DECLINE,0.5081708225236727,10,0,T0038663,20646.44,0.2459145887381636,0,0.0,5077.26080150717,1.5,0.25,5075.51080150717,5075.51080150717,True,DELAYED_RETRY,5.0
BANK_DECLINE,0.1171847939135019,11,1,T0012356,10751.67,0.441407603043249,1,10751.67,4745.868883412009,1.5,0.25,4744.118883412009,4744.118883412009,False,NO_ACTION,
BANK_DECLINE,0.0912217439158943,12,1,T0039243,10270.54,0.4543891280420528,1,10270.54,4666.821715121026,1.5,0.25,4665.071715121026,4665.071715121026,False,NO_ACTION,
BANK_DECLINE,0.1216124856249022,13,0,T0031286,9521.22,0.4391937571875489,0,0.0,4181.660384809234,1.5,0.25,4179.910384809234,4179.910384809234,False,NO_ACTION,
BANK_DECLINE,0.2103637059745792,14,1,T0011868,10458.95,0.3948181470127104,1,10458.95,4129.383258698587,1.5,0.25,4127.633258698587,4127.633258698587,True,DELAYED_RETRY,6.0
PAYMENT_TIMEOUT,0.3581227359121448,15,1,T0034332,5766.06,0.6790613679560724,1,5766.06,3915.5085913167914,1.5,0.25,3913.7585913167914,3913.7585913167914,True,RETRY_NOW,7.0
PAYMENT_TIMEOUT,0.3000754720746486,16,1,T0014941,5939.97,0.6500377360373243,1,5939.97,3861.204650929625,1.5,0.25,3859.454650929625,3859.454650929625,True,RETRY_NOW,8.0
LIMIT_EXCEEDED,0.210363254074124,17,0,T0014445,9629.4,0.394818372962938,0,0.0,3801.864040609315,1.5,0.25,3800.114040609315,3800.114040609315,True,DELAYED_RETRY,9.0
INSUFFICIENT_FUNDS,0.1071406321405179,18,1,T0033473,6449.65,0.553570316070259,1,6449.65,3570.3347890425457,1.5,0.25,3568.5847890425457,3568.5847890425457,False,NO_ACTION,
INSUFFICIENT_FUNDS,0.3116724786304076,19,1,T0034060,10016.59,0.3441637606847962,1,10016.59,3447.3472836377227,1.5,0.25,3445.5972836377227,3445.5972836377227,True,DELAYED_RETRY,10.0
NETWORK_ERROR,0.1490856151957607,20,1,T0018044,5641.17,0.5745428075978803,1,5641.17,3241.0936499369345,1.5,0.25,3239.3436499369345,3239.3436499369345,False,NO_ACTION,
INSUFFICIENT_FUNDS,0.0022113768431868,21,1,T0022168,6466.34,0.5011056884215934,1,6466.34,3240.3197572680865,1.5,0.25,3238.5697572680865,3238.5697572680865,False,NO_ACTION,
LIMIT_EXCEEDED,0.2506443732122766,22,0,T0038652,8636.8,0.3746778133938617,0,0.0,3236.0173387201044,1.5,0.25,3234.2673387201044,3234.2673387201044,True,DELAYED_RETRY,11.0
NETWORK_ERROR,0.1815892978749034,23,1,T0034611,5469.4,0.5907946489374517,1,5469.4,3231.292252898498,1.5,0.25,3229.542252898498,3229.542252898498,False,NO_ACTION,
NETWORK_ERROR,0.0875704967862402,24,0,T0017466,5768.13,0.5437852483931201,0,0.0,3136.6240048138084,1.5,0.25,3134.8740048138084,3134.8740048138084,False,NO_ACTION,
PAYMENT_TIMEOUT,0.2460834238288343,25,1,T0007949,4973.81,0.6230417119144172,1,4973.81,3098.8910971370474,1.5,0.25,3097.1410971370474,3097.1410971370474,True,DELAYED_RETRY,12.0
LIMIT_EXCEEDED,0.3530379533400074,26,1,T0023546,9465.34,0.3234810233299963,1,9465.34,3061.857869366347,1.5,0.25,3060.107869366347,3060.107869366347,True,DELAYED_RETRY,13.0
NETWORK_ERROR,0.3395857963402751,27,1,T0026292,4568.22,0.6697928981701375,1,4568.22,3059.761313278786,1.5,0.25,3058.011313278786,3058.011313278786,True,RETRY_NOW,14.0
NETWORK_ERROR,0.2653609676380328,28,1,T0019706,4802.65,0.6326804838190164,1,4802.65,3038.542925613399,1.5,0.25,3036.792925613399,3036.792925613399,True,DELAYED_RETRY,15.0
PAYMENT_TIMEOUT,0.3488405736317848,29,1,T0011826,4436.97,0.6744202868158924,1,4436.97,2992.3825799935103,1.5,0.25,2990.6325799935103,2990.6325799935103,True,RETRY_NOW,16.0
NETWORK_ERROR,0.1834710635250316,30,1,T0005295,4928.56,0.5917355317625158,1,4928.56,2916.404072423465,1.5,0.25,2914.654072423465,2914.654072423465,False,NO_ACTION,
BANK_DECLINE,0.1099091933747394,31,0,T0005715,6531.21,0.4450454033126302,0,0.0,2906.6849885694837,1.5,0.25,2904.9349885694837,2904.9349885694837,False,NO_ACTION,
NETWORK_ERROR,0.1239075435598238,32,1,T0045321,5159.02,0.5619537717799119,1,5159.02,2899.1307476880015,1.5,0.25,2897.3807476880015,2897.3807476880015,False,NO_ACTION,
INSUFFICIENT_FUNDS,0.1249104854035306,33,0,T0007824,6529.86,0.4375447572982346,0,0.0,2857.10600889145,1.5,0.25,2855.35600889145,2855.35600889145,False,NO_ACTION,
PAYMENT_TIMEOUT,0.3524907513381641,34,1,T0032003,4222.16,0.676245375669082,1,4222.16,2855.2161753349715,1.5,0.25,2853.4661753349715,2853.4661753349715,True,RETRY_NOW,17.0
NETWORK_ERROR,0.2377388935417459,35,0,T0012051,4494.92,0.618869446770873,0,0.0,2781.768653679332,1.5,0.25,2780.018653679332,2780.018653679332,True,DELAYED_RETRY,18.0
BANK_DECLINE,0.107280003514071,36,1,T0042526,6160.93,0.4463599982429644,1,6160.93,2749.992703975027,1.5,0.25,2748.242703975027,2748.242703975027,False,NO_ACTION,
BANK_DECLINE,0.0720476946896502,37,1,T0037912,5740.47,0.4639761526551749,1,5740.47,2663.441185032452,1.5,0.25,2661.691185032452,2661.691185032452,False,NO_ACTION,
NETWORK_ERROR,0.1448191764871542,38,1,T0034042,4600.71,0.5724095882435771,1,4600.71,2633.4905167281077,1.5,0.25,2631.7405167281077,2631.7405167281077,False,NO_ACTION,
BANK_DECLINE,0.2173668519630652,39,1,T0009420,6727.76,0.3913165740184673,1,6727.76,2632.6839940184836,1.5,0.25,2630.9339940184836,2630.9339940184836,True,DELAYED_RETRY,19.0
NETWORK_ERROR,0.1846122414474695,40,0,T0029592,4308.03,0.5923061207237348,0,0.0,2551.672537261471,1.5,0.25,2549.922537261471,2549.922537261471,False,NO_ACTION,
PAYMENT_TIMEOUT,0.3161658503626254,41,0,T0016065,3864.42,0.6580829251813127,0,0.0,2543.1088177291685,1.5,0.25,2541.3588177291685,2541.3588177291685,True,RETRY_NOW,20.0
INSUFFICIENT_FUNDS,0.0735809086951433,42,0,T0008556,4692.25,0.5367904543475717,0,0.0,2518.755009412393,1.5,0.25,2517.005009412393,2517.005009412393,False,NO_ACTION,
NETWORK_ERROR,0.1063953600351892,43,1,T0001623,4475.23,0.5531976800175946,1,4475.23,2475.68685354514,1.5,0.25,2473.93685354514,2473.93685354514,False,NO_ACTION,
BANK_DECLINE,0.1449840169254386,44,1,T0005039,5727.91,0.4275079915372807,1,5727.91,2448.7272998063054,1.5,0.25,2446.9772998063054,2446.9772998063054,False,NO_ACTION,
INSUFFICIENT_FUNDS,0.100444813557317,45,1,T0022423,4379.85,0.5502224067786585,1,4379.85,2409.8916083295076,1.5,0.25,2408.1416083295076,2408.1416083295076,False,NO_ACTION,
NETWORK_ERROR,0.2402310446994255,46,1,T0034352,3856.22,0.6201155223497128,1,3856.22,2391.3018795954094,1.5,0.25,2389.5518795954094,2389.5518795954094,True,DELAYED_RETRY,21.0
PAYMENT_TIMEOUT,0.2509732572541798,47,1,T0033814,3776.6,0.6254866286270899,1,3776.6,2362.2128016730676,1.5,0.25,2360.4628016730676,2360.4628016730676,True,DELAYED_RETRY,22.0
NETWORK_ERROR,0.0951438747352868,48,1,T0004825,4300.34,0.5475719373676434,1,4300.34,2354.745505139572,1.5,0.25,2352.995505139572,2352.995505139572,False,NO_ACTION,
PAYMENT_TIMEOUT,0.2138698092476356,49,1,T0017254,3815.13,0.6069349046238178,1,3815.13,2315.5355626774663,1.5,0.25,2313.7855626774663,2313.7855626774663,True,DELAYED_RETRY,23.0
PAYMENT_TIMEOUT,0.2502326525652893,50,0,T0008276,3695.33,0.6251163262826447,0,0.0,2310.0111140020454,1.5,0.25,2308.2611140020454,2308.2611140020454,True,DELAYED_RETRY,24.0
BANK_DECLINE,0.0743364690921551,51,1,T0010198,4987.96,0.4628317654539224,1,4987.96,2308.586332813547,1.5,0.25,2306.836332813547,2306.836332813547,False,NO_ACTION,
BANK_DECLINE,0.1627415186007144,52,0,T0002140,5450.57,0.4186292406996428,0,0.0,2281.767980480252,1.5,0.25,2280.017980480252,2280.017980480252,False,NO_ACTION,
INSUFFICIENT_FUNDS,0.0536609970343313,53,1,T0020222,4322.65,0.5268304985171657,1,4322.65,2277.303854415226,1.5,0.25,2275.553854415226,2275.553854415226,False,NO_ACTION,
NETWORK_ERROR,0.142044348267027,54,0,T0021895,3974.88,0.5710221741335135,0,0.0,2269.7446195198204,1.5,0.25,2267.9946195198204,2267.9946195198204,False,NO_ACTION,
BANK_DECLINE,0.1826432955287166,55,1,T0020862,5537.97,0.4086783522356417,1,5537.97,2263.2484543304167,1.5,0.25,2261.4984543304167,2261.4984543304167,False,NO_ACTION,
NETWORK_ERROR,0.2006315491098158,56,1,T0041250,3761.39,0.6003157745549079,1,3761.39,2258.021751253085,1.5,0.25,2256.271751253085,2256.271751253085,True,DELAYED_RETRY,25.0
BANK_DECLINE,0.179482190769499,57,1,T0006659,5457.57,0.4102589046152505,1,5457.57,2239.0166900610525,1.5,0.25,2237.2666900610525,2237.2666900610525,False,NO_ACTION,
LIMIT_EXCEEDED,0.1000454550767133,58,1,T0015518,4975.57,0.4499772724616433,1,4975.57,2238.8934175419786,1.5,0.25,2237.1434175419786,2237.1434175419786,False,NO_ACTION,
INSUFFICIENT_FUNDS,0.0922529252955828,59,1,T0016179,4098.16,0.5461264626477914,1,4098.16,2238.1136241646727,1.5,0.25,2236.3636241646727,2236.3636241646727,False,NO_ACTION,
INSUFFICIENT_FUNDS,0.027742471731244,60,0,T0036036,4342.18,0.513871235865622,0,0.0,2231.321402950987,1.5,0.25,2229.571402950987,2229.571402950987,False,NO_ACTION,
BANK_DECLINE,0.1157023364449112,61,1,T0017271,5035.89,0.4421488317775444,1,5035.89,2226.612880460218,1.5,0.25,2224.862880460218,2224.862880460218,False,NO_ACTION,
NETWORK_ERROR,0.1451280519468205,62,1,T0022056,3873.91,0.5725640259734103,1,3873.91,2218.0615058586536,1.5,0.25,2216.3115058586536,2216.3115058586536,False,NO_ACTION,
PAYMENT_TIMEOUT,0.2546472733053699,63,0,T0020800,3505.26,0.627323636652685,0,0.0,2198.9324506131907,1.5,0.25,2197.1824506131907,2197.1824506131907,True,DELAYED_RETRY,26.0
PAYMENT_TIMEOUT,0.2923600069233298,64,1,T0041351,3396.35,0.6461800034616649,1,3396.35,2194.6534547570254,1.5,0.25,2192.9034547570254,2192.9034547570254,True,DELAYED_RETRY,27.0
INSUFFICIENT_FUNDS,0.1467598978739928,65,1,T0001218,3722.97,0.5733799489369964,1,3722.97,2134.6763484939693,1.5,0.25,2132.9263484939693,2132.9263484939693,False,NO_ACTION,
NETWORK_ERROR,0.2298209392451786,66,1,T0036675,3451.27,0.6149104696225893,1,3451.27,2122.2220564943536,1.5,0.25,2120.4720564943536,2120.4720564943536,True,DELAYED_RETRY,28.0
BANK_DECLINE,0.114066123463222,67,1,T0002965,4775.68,0.4429669382683889,1,4775.68,2115.4683477495796,1.5,0.25,2113.7183477495796,2113.7183477495796,False,NO_ACTION,
LIMIT_EXCEEDED,0.2035848594046362,68,1,T0029724,5312.11,0.3982075702976819,1,5312.11,2115.3224162540187,1.5,0.25,2113.5724162540187,2113.5724162540187,True,DELAYED_RETRY,29.0
NETWORK_ERROR,0.1935703540103022,69,1,T0010979,3526.31,0.5967851770051511,1,3526.31,2104.4495375250344,1.5,0.25,2102.6995375250344,2102.6995375250344,False,NO_ACTION,
INSUFFICIENT_FUNDS,0.0478731810106107,70,1,T0041150,3964.47,0.5239365905053054,1,3964.47,2077.1308949605677,1.5,0.25,2075.3808949605677,2075.3808949605677,False,NO_ACTION,
NETWORK_ERROR,0.2245292630160154,71,1,T0035132,3389.91,0.6122646315080077,1,3389.91,2075.5219969953105,1.5,0.25,2073.7719969953105,2073.7719969953105,True,DELAYED_RETRY,30.0
NETWORK_ERROR,0.1827025195421758,72,1,T0037656,3488.31,0.5913512597710879,1,3488.31,2062.8165129720837,1.5,0.25,2061.0665129720837,2061.0665129720837,False,NO_ACTION,
INSUFFICIENT_FUNDS,0.1170890439722553,73,1,T0035080,3682.97,0.5585445219861277,1,3682.97,2057.1027181392487,1.5,0.25,2055.3527181392487,2055.3527181392487,False,NO_ACTION,
LIMIT_EXCEEDED,0.0688624517448013,74,0,T0000615,4415.97,0.4655687741275993,0,0.0,2055.9377394842545,1.5,0.25,2054.1877394842545,2054.1877394842545,False,NO_ACTION,
BANK_DECLINE,0.1728624064590609,75,0,T0020328,4929.51,0.4135687967704695,0,0.0,2038.6915193679972,1.5,0.25,2036.9415193679972,2036.9415193679972,False,NO_ACTION,
LIMIT_EXCEEDED,0.005407280374553,76,1,T0022376,4040.65,0.5027036401872765,1,4040.65,2031.249463722719,1.5,0.25,2029.499463722719,2029.499463722719,False,NO_ACTION,
NETWORK_ERROR,0.1715077159322329,77,0,T0042949,3438.61,0.5857538579661165,0,0.0,2014.1790735408679,1.5,0.25,2012.4290735408679,2012.4290735408679,False,NO_ACTION,
INSUFFICIENT_FUNDS,0.121375179493504,78,0,T0006189,3562.58,0.560687589746752,0,0.0,1997.4943934799837,1.5,0.25,1995.7443934799837,1995.7443934799837,False,NO_ACTION,
PAYMENT_TIMEOUT,0.291665506315961,79,1,T0002330,3089.91,0.6458327531579805,1,3089.91,1995.5650823103754,1.5,0.25,1993.8150823103754,1993.8150823103754,True,DELAYED_RETRY,31.0
INSUFFICIENT_FUNDS,0.1070902928895993,80,1,T0004390,3570.26,0.5535451464447997,1,3570.26,1976.3000945460105,1.5,0.25,1974.5500945460105,1974.5500945460105,False,NO_ACTION,
LIMIT_EXCEEDED,0.0891460967111097,81,0,T0024285,4329.66,0.4554269516444451,0,0.0,1971.843855456888,1.5,0.25,1970.093855456888,1970.093855456888,False,NO_ACTION,
INSUFFICIENT_FUNDS,0.2501135086308266,82,1,T0021886,5256.59,0.3749432456845867,1,5256.59,1970.9229158331416,1.5,0.25,1969.1729158331416,1969.1729158331416,True,DELAYED_RETRY,32.0
NETWORK_ERROR,0.1732071653613542,83,1,T0019405,3359.61,0.5866035826806771,1,3359.61,1970.7592624098297,1.5,0.25,1969.0092624098297,1969.0092624098297,False,NO_ACTION,
PAYMENT_TIMEOUT,0.282079468337052,84,0,T0010502,3043.84,0.641039734168526,0,0.0,1951.2223844515263,1.5,0.25,1949.4723844515263,1949.4723844515263,True,DELAYED_RETRY,33.0
INSUFFICIENT_FUNDS,0.1199977850044438,85,1,T0003525,3465.69,0.5599988925022219,1,3465.69,1940.7825617560254,1.5,0.25,1939.0325617560254,1939.0325617560254,False,NO_ACTION,
INSUFFICIENT_FUNDS,0.0857167376236733,86,1,T0013097,3516.47,0.5428583688118367,1,3516.47,1908.9451681757594,1.5,0.25,1907.1951681757594,1907.1951681757594,False,NO_ACTION,
INSUFFICIENT_FUNDS,0.1408441777398277,87,1,T0025032,3335.14,0.5704220888699139,1,3335.14,1902.4375254736044,1.5,0.25,1900.6875254736044,1900.6875254736044,False,NO_ACTION,
NETWORK_ERROR,0.1657346227333267,88,1,T0043760,3251.86,0.5828673113666634,1,3251.86,1895.402895140798,1.5,0.25,1893.652895140798,1893.652895140798,False,NO_ACTION,
BANK_DECLINE,0.0928208539678001,89,1,T0032221,4176.0,0.4535895730160999,1,4176.0,1894.1900569152333,1.5,0.25,1892.4400569152333,1892.4400569152333,False,NO_ACTION,
PAYMENT_TIMEOUT,0.3013998457798883,90,1,T0020912,2910.04,0.6506999228899442,1,2910.04,1893.562803606653,1.5,0.25,1891.812803606653,1891.812803606653,True,RETRY_NOW,34.0
NETWORK_ERROR,0.2574124421105068,91,1,T0015660,3006.49,0.6287062210552534,1,3006.49,1890.1989665404087,1.5,0.25,1888.4489665404087,1888.4489665404087,True,DELAYED_RETRY,35.0
INSUFFICIENT_FUNDS,0.0383428609922738,92,0,T0043137,3584.46,0.5191714304961369,0,0.0,1860.9492257561828,1.5,0.25,1859.1992257561828,1859.1992257561828,False,NO_ACTION,
INSUFFICIENT_FUNDS,0.0439247820071921,93,0,T0001969,3555.17,0.5219623910035961,0,0.0,1855.6650336242549,1.5,0.25,1853.9150336242549,1853.9150336242549,False,NO_ACTION,
BANK_DECLINE,0.3432345143518595,94,1,T0029525,5643.7,0.3283827428240702,1,5643.7,1853.2936856762049,1.5,0.25,1851.5436856762049,1851.5436856762049,True,DELAYED_RETRY,36.0
INSUFFICIENT_FUNDS,0.1234316006944868,95,1,T0040160,3285.42,0.5617158003472434,1,3285.42,1845.4723247768407,1.5,0.25,1843.7223247768407,1843.7223247768407,False,NO_ACTION,
NETWORK_ERROR,0.200653923891825,96,0,T0005932,3070.19,0.6003269619459125,0,0.0,1843.117835296721,1.5,0.25,1841.367835296721,1841.367835296721,True,DELAYED_RETRY,37.0
INSUFFICIENT_FUNDS,0.014448461104395,97,1,T0042864,3733.84,0.4927757694478025,1,3733.84,1839.9458789949829,1.5,0.25,1838.1958789949829,1838.1958789949829,False,NO_ACTION,
INSUFFICIENT_FUNDS,0.0159225276089085,98,1,T0040193,3584.35,0.5079612638044543,1,3584.35,1820.7109559174955,1.5,0.25,1818.9609559174955,1818.9609559174955,False,NO_ACTION,
BANK_DECLINE,0.2122904527733358,99,1,T0001485,4606.37,0.3938547736133321,1,4606.37,1814.2408135292446,1.5,0.25,1812.4908135292446,1812.4908135292446,True,DELAYED_RETRY,38.0
INSUFFICIENT_FUNDS,0.0674642925690089,100,0,T0023810,3359.75,0.5337321462845045,0,0.0,1793.206578479364,1.5,0.25,1791.456578479364,1791.456578479364,False,NO_ACTION,
LIMIT_EXCEEDED,0.001210782046912,101,0,T0018357,3583.63,0.499394608976544,0,0.0,1789.6455025666123,1.5,0.25,1787.8955025666123,1787.8955025666123,False,NO_ACTION,
LIMIT_EXCEEDED,0.0364746191017346,102,1,T0025105,3444.56,0.5182373095508673,1,3444.56,1785.0995069865355,1.5,0.25,1783.3495069865355,1783.3495069865355,False,NO_ACTION,
NETWORK_ERROR,0.2081320457743247,103,1,T0037318,2936.81,0.6040660228871624,1,2936.81,1774.0271366752472,1.5,0.25,1772.2771366752472,1772.2771366752472,True,DELAYED_RETRY,39.0
LIMIT_EXCEEDED,0.1816957373138211,104,1,T0023316,4270.86,0.4091521313430894,1,4270.86,1747.4314716679467,1.5,0.25,1745.6814716679467,1745.6814716679467,False,NO_ACTION,
BANK_DECLINE,0.1951363988326989,105,0,T0038314,4328.96,0.4024318005836505,0,0.0,1742.1111674545998,1.5,0.25,1740.3611674545998,1740.3611674545998,False,NO_ACTION,
NETWORK_ERROR,0.1864046617224726,106,0,T0024850,2900.37,0.5932023308612363,0,0.0,1720.5062443600038,1.5,0.25,1718.7562443600038,1718.7562443600038,False,NO_ACTION,
NETWORK_ERROR,0.166083488692301,107,1,T0022506,2950.24,0.5830417443461505,1,2950.24,1720.113075839787,1.5,0.25,1718.363075839787,1718.363075839787,False,NO_ACTION,
INSUFFICIENT_FUNDS,0.3774181232025522,108,0,T0023521,5498.96,0.3112909383987239,0,0.0,1711.7764186170468,1.5,0.25,1710.0264186170468,1710.0264186170468,True,DELAYED_RETRY,40.0
INSUFFICIENT_FUNDS,0.0937675731451541,109,0,T0024886,3119.61,0.5468837865725771,0,0.0,1706.0641294296772,1.5,0.25,1704.3141294296772,1704.3141294296772,False,NO_ACTION,
BANK_DECLINE,0.111118872608436,110,1,T0043180,3827.32,0.444440563695782,1,3827.32,1701.0162582441403,1.5,0.25,1699.2662582441403,1699.2662582441403,False,NO_ACTION,
LIMIT_EXCEEDED,0.0154450263152582,111,1,T0044823,3437.17,0.4922774868423709,1,3437.17,1692.041409449992,1.5,0.25,1690.291409449992,1690.291409449992,False,NO_ACTION,
NETWORK_ERROR,0.0886491882506346,112,1,T0027274,3091.65,0.5443245941253173,1,3091.65,1682.8611314275372,1.5,0.25,1681.1111314275372,1681.1111314275372,False,NO_ACTION,
PAYMENT_TIMEOUT,0.2199436742666722,113,1,T0023828,2744.33,0.6099718371333361,1,2744.33,1673.9640118001282,1.5,0.25,1672.2140118001282,1672.2140118001282,True,DELAYED_RETRY,41.0
PAYMENT_TIMEOUT,0.2796635437826913,114,1,T0025889,2600.33,0.6398317718913457,1,2600.33,1663.7737514022228,1.5,0.25,1662.0237514022228,1662.0237514022228,True,DELAYED_RETRY,42.0
INSUFFICIENT_FUNDS,0.0464235403478132,115,1,T0019632,3487.77,0.4767882298260933,1,3487.77,1662.9276843405535,1.5,0.25,1661.1776843405535,1661.1776843405535,False,NO_ACTION,
INSUFFICIENT_FUNDS,0.0373706060613723,116,1,T0009618,3165.66,0.5186853030306862,1,3165.66,1641.981316392122,1.5,0.25,1640.231316392122,1640.231316392122,False,NO_ACTION,
LIMIT_EXCEEDED,0.1039357550131667,117,0,T0038307,3654.98,0.4480321224934166,0,0.0,1637.5484470709878,1.5,0.25,1635.7984470709878,1635.7984470709878,False,NO_ACTION,
BANK_DECLINE,0.1241411126543433,118,1,T0026059,3723.21,0.4379294436728283,1,3723.21,1630.503283977111,1.5,0.25,1628.753283977111,1628.753283977111,False,NO_ACTION,
PAYMENT_TIMEOUT,0.234014050646117,119,0,T0042048,2616.95,0.6170070253230585,0,0.0,1614.6765349191778,1.5,0.25,1612.9265349191778,1612.9265349191778,True,DELAYED_RETRY,43.0
NETWORK_ERROR,0.2025791531332503,120,1,T0027186,2678.26,0.6012895765666252,1,2678.26,1610.4098213353298,1.5,0.25,1608.6598213353298,1608.6598213353298,True,DELAYED_RETRY,44.0
PAYMENT_TIMEOUT,0.237776619038432,121,1,T0041511,2597.54,0.618888309519216,1,2597.54,1607.5871395085444,1.5,0.25,1605.8371395085444,1605.8371395085444,True,DELAYED_RETRY,45.0
INSUFFICIENT_FUNDS,0.0809268677474179,122,1,T0006338,2920.97,0.540463433873709,1,2920.97,1578.6774764420877,1.5,0.25,1576.9274764420877,1576.9274764420877,False,NO_ACTION,
BANK_DECLINE,0.0614601434728566,123,0,T0016752,3345.45,0.4692699282635716,0,0.0,1569.9190815093655,1.5,0.25,1568.1690815093655,1568.1690815093655,False,NO_ACTION,
INSUFFICIENT_FUNDS,0.2007427308680371,124,1,T0022375,2608.61,0.6003713654340186,1,2608.61,1566.1347475848354,1.5,0.25,1564.3847475848354,1564.3847475848354,True,DELAYED_RETRY,46.0
INSUFFICIENT_FUNDS,0.2489941101999029,125,1,T0025936,2503.51,0.6244970550999515,1,2503.51,1563.4346224132796,1.5,0.25,1561.6846224132796,1561.6846224132796,True,DELAYED_RETRY,47.0
NETWORK_ERROR,0.0825836629053711,126,1,T0022824,2879.41,0.5412918314526856,1,2879.41,1558.6011124031772,1.5,0.25,1556.8511124031772,1556.8511124031772,False,NO_ACTION,
PAYMENT_TIMEOUT,0.2304452108263324,127,1,T0028677,2525.76,0.6152226054131662,1,2525.76,1553.9046478483588,1.5,0.25,1552.1546478483588,1552.1546478483588,True,DELAYED_RETRY,48.0
LIMIT_EXCEEDED,0.1216104957285209,128,0,T0000153,3532.84,0.4391947521357395,0,0.0,1551.604788135226,1.5,0.25,1549.854788135226,1549.854788135226,False,NO_ACTION,
INSUFFICIENT_FUNDS,0.0984985509261484,129,0,T0006332,2823.82,0.5492492754630742,0,0.0,1550.9810890381384,1.5,0.25,1549.2310890381384,1549.2310890381384,False,NO_ACTION,
BANK_DECLINE,0.0912002717324517,130,1,T0032309,3379.59,0.4543998641337741,1,3379.59,1535.6852368278617,1.5,0.25,1533.9352368278617,1533.9352368278617,False,NO_ACTION,
INSUFFICIENT_FUNDS,0.0120384873477468,131,0,T0025752,3027.33,0.5060192436738734,0,0.0,1531.8872369512271,1.5,0.25,1530.1372369512271,1530.1372369512271,False,NO_ACTION,
NETWORK_ERROR,0.0402498822373518,132,1,T0036346,2934.57,0.5201249411186759,1,2934.57,1526.343048458633,1.5,0.25,1524.593048458633,1524.593048458633,False,NO_ACTION,
BANK_DECLINE,0.0756397900398725,133,1,T0015341,3284.72,0.4621801049800637,1,3284.72,1518.1322344301147,1.5,0.25,1516.3822344301147,1516.3822344301147,False,NO_ACTION,
BANK_DECLINE,0.3692703072206573,134,0,T0029503,4813.1,0.3153648463896713,0,0.0,1517.882542158127,1.5,0.25,1516.132542158127,1516.132542158127,True,DELAYED_RETRY,49.0
LIMIT_EXCEEDED,0.183391030457114,135,1,T0004616,3696.79,0.408304484771443,1,3696.79,1509.4159362582227,1.5,0.25,1507.6659362582227,1507.6659362582227,False,NO_ACTION,
INSUFFICIENT_FUNDS,0.0782645869286211,136,1,T0039921,2792.35,0.5391322934643106,1,2792.35,1505.4460596550675,1.5,0.25,1503.6960596550675,1503.6960596550675,False,NO_ACTION,
BANK_DECLINE,0.0079703007653566,137,1,T0018720,3034.85,0.4960148496173217,1,3034.85,1505.3306663611286,1.5,0.25,1503.5806663611286,1503.5806663611286,False,NO_ACTION,
NETWORK_ERROR,0.2249237289240315,138,1,T0019010,2455.74,0.6124618644620158,1,2455.74,1504.0470990339504,1.5,0.25,1502.2970990339504,1502.2970990339504,True,DELAYED_RETRY,50.0
INSUFFICIENT_FUNDS,0.1623605778729129,139,1,T0024595,2549.18,0.5811802889364565,1,2549.18,1481.533168951036,1.5,0.25,1479.783168951036,1479.783168951036,False,NO_ACTION,
INSUFFICIENT_FUNDS,0.1964518876864669,140,1,T0011198,2470.25,0.5982259438432335,1,2470.25,1477.7676377787475,1.5,0.25,1476.0176377787475,1476.0176377787475,False,NO_ACTION,
INSUFFICIENT_FUNDS,0.0624501702940534,141,0,T0023604,2765.46,0.5312250851470267,0,0.0,1469.0817239706964,1.5,0.25,1467.3317239706964,1467.3317239706964,False,NO_ACTION,
NETWORK_ERROR,0.1539072655981805,142,1,T0020058,2542.15,0.5769536327990903,1,2542.15,1466.7026776202074,1.5,0.25,1464.9526776202074,1464.9526776202074,False,NO_ACTION,
LIMIT_EXCEEDED,0.2583823066280832,143,0,T0042583,3936.84,0.3708088466859583,0,0.0,1459.8150999871482,1.5,0.25,1458.0650999871482,1458.0650999871482,True,DELAYED_RETRY,51.0
NETWORK_ERROR,0.2047308491740551,144,1,T0032496,2420.0,0.6023654245870276,1,2420.0,1457.7243275006067,1.5,0.25,1455.9743275006067,1455.9743275006067,True,DELAYED_RETRY,52.0
INSUFFICIENT_FUNDS,0.0810798224845654,145,0,T0043325,2691.95,0.5405399112422827,0,0.0,1455.1064140686628,1.5,0.25,1453.3564140686628,1453.3564140686628,False,NO_ACTION,
PAYMENT_TIMEOUT,0.3032358068404179,146,1,T0020767,2221.85,0.651617903420209,1,2221.85,1447.7972387141913,1.5,0.25,1446.0472387141913,1446.0472387141913,True,RETRY_NOW,53.0
PAYMENT_TIMEOUT,0.2859916695682662,147,1,T0021620,2242.72,0.6429958347841331,1,2242.72,1442.0596185870709,1.5,0.25,1440.3096185870709,1440.3096185870709,True,DELAYED_RETRY,54.0
BANK_DECLINE,0.1019545883424042,148,1,T0044611,3200.52,0.4490227058287979,1,3200.52,1437.1061504591842,1.5,0.25,1435.3561504591842,1435.3561504591842,False,NO_ACTION,
BANK_DECLINE,0.1069042433591929,149,1,T0036983,3213.93,0.4465478783204035,1,3213.93,1435.1736225702944,1.5,0.25,1433.4236225702944,1433.4236225702944,False,NO_ACTION,
INSUFFICIENT_FUNDS,0.08352573969915,150,1,T0010564,2648.1,0.541762869849575,1,2648.1,1434.6422556486596,1.5,0.25,1432.8922556486596,1432.8922556486596,False,NO_ACTION,
BANK_DECLINE,0.1279687062446071,151,1,T0016149,3282.18,0.4360156468776964,1,3282.18,1431.0818358690374,1.5,0.25,1429.3318358690374,1429.3318358690374,False,NO_ACTION,
LIMIT_EXCEEDED,0.0988563196618552,152,1,T0041024,3138.11,0.4505718401690723,1,3138.11,1413.9439973529675,1.5,0.25,1412.1939973529675,1412.1939973529675,False,NO_ACTION,
BANK_DECLINE,0.3603167091471855,153,0,T0045776,4416.1,0.3198416454264072,0,0.0,1412.452690367557,1.5,0.25,1410.702690367557,1410.702690367557,True,DELAYED_RETRY,55.0
BANK_DECLINE,0.1499608696382053,154,1,T0006383,3318.78,0.4250195651808973,1,3318.78,1410.5464325310584,1.5,0.25,1408.7964325310584,1408.7964325310584,False,NO_ACTION,
NETWORK_ERROR,0.2424823568581764,155,0,T0027169,2252.63,0.6212411784290882,0,0.0,1399.4265157647171,1.5,0.25,1397.6765157647171,1397.6765157647171,True,DELAYED_RETRY,56.0
BANK_DECLINE,0.2315014581031267,156,1,T0019493,3634.57,0.3842492709484366,1,3634.57,1396.5808727110593,1.5,0.25,1394.8308727110593,1394.8308727110593,True,DELAYED_RETRY,57.0
INSUFFICIENT_FUNDS,0.0080860970036839,157,0,T0020525,2794.57,0.495956951498158,0,0.0,1385.9864179482074,1.5,0.25,1384.2364179482074,1384.2364179482074,False,NO_ACTION,
NETWORK_ERROR,0.1660030801003189,158,0,T0043797,2373.09,0.5830015400501595,0,0.0,1383.5151246776331,1.5,0.25,1381.7651246776331,1381.7651246776331,False,NO_ACTION,
INSUFFICIENT_FUNDS,0.1935364926679159,159,1,T0030260,2282.33,0.596768246333958,1,2282.33,1362.0220716553822,1.5,0.25,1360.2720716553822,1360.2720716553822,False,NO_ACTION,
BANK_DECLINE,0.0534765909403369,160,1,T0036246,2871.05,0.4732617045298315,1,2871.05,1358.758016790373,1.5,0.25,1357.008016790373,1357.008016790373,False,NO_ACTION,
NETWORK_ERROR,0.0356130038628155,161,0,T0044921,2588.01,0.5178065019314078,0,0.0,1340.0884050635027,1.5,0.25,1338.3384050635027,1338.3384050635027,False,NO_ACTION,
BANK_DECLINE,0.2008556736359248,162,0,T0010403,3334.56,0.3995721631820376,0,0.0,1332.3973524602952,1.5,0.25,1330.6473524602952,1330.6473524602952,True,DELAYED_RETRY,58.0
PAYMENT_TIMEOUT,0.3161795833079441,163,0,T0043353,2012.5,0.6580897916539721,0,0.0,1324.4057057036189,1.5,0.25,1322.6557057036189,1322.6557057036189,True,RETRY_NOW,59.0
LIMIT_EXCEEDED,0.1465351575726207,164,0,T0038880,3097.95,0.4267324212136896,0,0.0,1321.9957042989497,1.5,0.25,1320.2457042989497,1320.2457042989497,False,NO_ACTION,
BANK_DECLINE,0.0375260468275422,165,1,T0029558,2736.12,0.4812369765862289,1,2736.12,1316.7221163771126,1.5,0.25,1314.9721163771126,1314.9721163771126,False,NO_ACTION,
NETWORK_ERROR,0.218157808889575,166,0,T0004062,2161.46,0.6090789044447875,0,0.0,1316.4996888012304,1.5,0.25,1314.7496888012304,1314.7496888012304,True,DELAYED_RETRY,60.0
INSUFFICIENT_FUNDS,0.0791364004215715,167,1,T0006303,2431.37,0.5395682002107858,1,2431.37,1311.8899349464982,1.5,0.25,1310.1399349464982,1310.1399349464982,False,NO_ACTION,
PAYMENT_TIMEOUT,0.1307445120297574,168,0,T0009029,2316.16,0.5653722560148787,0,0.0,1309.4926044914214,1.5,0.25,1307.7426044914214,1307.7426044914214,False,NO_ACTION,
BANK_DECLINE,0.1089522801558311,169,1,T0006447,2923.79,0.4455238599220844,1,2923.79,1302.6182064015911,1.5,0.25,1300.8682064015911,1300.8682064015911,False,NO_ACTION,
BANK_DECLINE,0.0001732954090689,170,1,T0000307,2585.76,0.5000866477045345,1,2585.76,1293.1040501684772,1.5,0.25,1291.3540501684772,1291.3540501684772,False,NO_ACTION,
PAYMENT_TIMEOUT,0.2106348741004227,171,1,T0016021,2132.52,0.6053174370502113,1,2132.52,1290.8515408583166,1.5,0.25,1289.1015408583166,1289.1015408583166,True,DELAYED_RETRY,61.0
BANK_DECLINE,0.0963694246213766,172,1,T0020509,2852.75,0.4518152876893117,1,2852.75,1288.916061955684,1.5,0.25,1287.166061955684,1287.166061955684,False,NO_ACTION,
INSUFFICIENT_FUNDS,0.1286079583444104,173,1,T0037561,2283.32,0.5643039791722052,1,2283.32,1288.4865617234798,1.5,0.25,1286.7365617234798,1286.7365617234798,False,NO_ACTION,
LIMIT_EXCEEDED,0.1787365274363603,174,0,T0037832,3137.03,0.4106317362818198,0,0.0,1288.1640756681572,1.5,0.25,1286.4140756681572,1286.4140756681572,False,NO_ACTION,
PAYMENT_TIMEOUT,0.3122129718889435,175,1,T0013303,1956.09,0.6561064859444717,1,1956.09,1283.4033360911217,1.5,0.25,1281.6533360911217,1281.6533360911217,True,RETRY_NOW,62.0
BANK_DECLINE,0.0846380074451109,176,1,T0005856,2777.65,0.4576809962774445,1,2777.65,1271.2776193100437,1.5,0.25,1269.5276193100437,1269.5276193100437,False,NO_ACTION,
INSUFFICIENT_FUNDS,0.1357758804935436,177,1,T0010020,2236.15,0.5678879402467718,1,2236.15,1269.8826175828187,1.5,0.25,1268.1326175828187,1268.1326175828187,False,NO_ACTION,
LIMIT_EXCEEDED,0.1008982560393169,178,0,T0030948,2821.82,0.4495508719803415,0,0.0,1268.5516415715674,1.5,0.25,1266.8016415715674,1266.8016415715674,False,NO_ACTION,
NETWORK_ERROR,0.074273265886247,179,1,T0034422,2357.39,0.5371366329431235,1,2357.39,1266.24052713379,1.5,0.25,1264.49052713379,1264.49052713379,False,NO_ACTION,
NETWORK_ERROR,0.1953862863912958,180,1,T0044879,2116.81,0.5976931431956479,1,2116.81,1265.2028224479795,1.5,0.25,1263.4528224479795,1263.4528224479795,False,NO_ACTION,
BANK_DECLINE,0.208795353763677,181,1,T0041136,3184.36,0.3956023231181614,1,3184.36,1259.7402136445485,1.5,0.25,1257.9902136445485,1257.9902136445485,True,DELAYED_RETRY,63.0
INSUFFICIENT_FUNDS,0.0995047617613005,182,0,T0007597,2249.89,0.5497523808806503,0,0.0,1236.8823842195661,1.5,0.25,1235.1323842195661,1235.1323842195661,False,NO_ACTION,
INSUFFICIENT_FUNDS,0.0057687831062483,183,0,T0041259,2486.33,0.4971156084468758,0,0.0,1235.9934507497208,1.5,0.25,1234.2434507497208,1234.2434507497208,False,NO_ACTION,
BANK_DECLINE,0.1800037938327572,184,1,T0008774,2931.32,0.4099981030836214,1,2931.32,1201.8356395310811,1.5,0.25,1200.0856395310811,1200.0856395310811,False,NO_ACTION,
INSUFFICIENT_FUNDS,0.1686968914540354,185,0,T0026707,2053.36,0.5843484457270177,0,0.0,1199.8777245180293,1.5,0.25,1198.1277245180293,1198.1277245180293,False,NO_ACTION,
BANK_DECLINE,0.21068293623339,186,0,T0014041,3019.33,0.3946585318833049,0,0.0,1191.604345071219,1.5,0.25,1189.854345071219,1189.854345071219,True,DELAYED_RETRY,64.0
BANK_DECLINE,0.0253312032791614,187,1,T0030765,2435.2,0.4873343983604192,1,2435.2,1186.7567268872926,1.5,0.25,1185.0067268872926,1185.0067268872926,False,NO_ACTION,
INSUFFICIENT_FUNDS,0.1982973124283205,188,1,T0013620,1978.42,0.5991486562141602,1,1978.42,1185.367684427219,1.5,0.25,1183.617684427219,1183.617684427219,False,NO_ACTION,
INSUFFICIENT_FUNDS,0.1474996605716458,189,1,T0007071,2026.14,0.5737498302858229,1,2026.14,1162.4974811353172,1.5,0.25,1160.7474811353172,1160.7474811353172,False,NO_ACTION,
BANK_DECLINE,0.2317533203262072,190,1,T0010540,3025.42,0.3841233398368964,1,3025.42,1162.134434809343,1.5,0.25,1160.384434809343,1160.384434809343,True,DELAYED_RETRY,65.0
BANK_DECLINE,0.2552840997256921,191,0,T0028430,3107.28,0.3723579501371539,0,0.0,1157.0204113021757,1.5,0.25,1155.2704113021757,1155.2704113021757,True,DELAYED_RETRY,66.0
BANK_DECLINE,0.1208601321178989,192,0,T0030295,2618.72,0.4395699339410505,0,0.0,1151.1105774101077,1.5,0.25,1149.3605774101077,1149.3605774101077,False,NO_ACTION,
PAYMENT_TIMEOUT,0.3518302931372581,193,0,T0010295,1697.93,0.675915146568629,0,0.0,1147.6566048132725,1.5,0.25,1145.9066048132725,1145.9066048132725,True,RETRY_NOW,67.0
INSUFFICIENT_FUNDS,0.1231044796287841,194,0,T0014296,2042.47,0.5615522398143921,0,0.0,1146.9536032537014,1.5,0.25,1145.2036032537014,1145.2036032537014,False,NO_ACTION,
BANK_DECLINE,0.1913651189970444,195,0,T0018963,2822.68,0.4043174405014778,0,0.0,1141.2587529547113,1.5,0.25,1139.5087529547113,1139.5087529547113,False,NO_ACTION,
INSUFFICIENT_FUNDS,0.0016367105244339,196,1,T0020202,2268.19,0.500818355262217,1,2268.19,1135.9511852222079,1.5,0.25,1134.2011852222079,1134.2011852222079,False,NO_ACTION,
NETWORK_ERROR,0.2216165904806599,197,1,T0026495,1857.06,0.61080829524033,1,1857.06,1134.3076527590072,1.5,0.25,1132.5576527590072,1132.5576527590072,True,DELAYED_RETRY,68.0
BANK_DECLINE,0.2147266085825074,198,0,T0038623,2860.12,0.3926366957087462,0,0.0,1122.9880661304992,1.5,0.25,1121.2380661304992,1121.2380661304992,True,DELAYED_RETRY,69.0
BANK_DECLINE,0.1472334937597031,199,1,T0039647,2625.56,0.4263832531201484,1,2625.56,1119.4948140621368,1.5,0.25,1117.7448140621368,1117.7448140621368,False,NO_ACTION,
LIMIT_EXCEEDED,0.0001695662470628,200,1,T0007247,2223.9,0.5000847831235314,1,2223.9,1112.1385491884216,1.5,0.25,1110.3885491884216,1110.3885491884216,False,NO_ACTION,
BANK_DECLINE,0.0050848617836847,201,0,T0019003,2211.47,0.5025424308918424,0,0.0,1111.3575096443826,1.5,0.25,1109.6075096443826,1109.6075096443826,False,NO_ACTION,
PAYMENT_TIMEOUT,0.027907224863491,202,0,T0008028,2138.02,0.5139536124317455,0,0.0,1098.8431024513206,1.5,0.25,1097.0931024513206,1097.0931024513206,False,NO_ACTION,
BANK_DECLINE,0.1375340269055046,203,1,T0007152,2501.85,0.4312329865472477,1,2501.85,1078.8802473932315,1.5,0.25,1077.1302473932315,1077.1302473932315,False,NO_ACTION,
INSUFFICIENT_FUNDS,0.0474052948674479,204,0,T0031087,2035.08,0.523702647433724,0,0.0,1065.7767837394229,1.5,0.25,1064.0267837394229,1064.0267837394229,False,NO_ACTION,
NETWORK_ERROR,0.0455821414830026,205,1,T0012678,2000.63,0.5227910707415013,1,2000.63,1045.9114998575699,1.5,0.25,1044.1614998575699,1044.1614998575699,False,NO_ACTION,
BANK_DECLINE,0.1750940580189153,206,0,T0022600,2531.67,0.4124529709905423,0,0.0,1044.1948130676262,1.5,0.25,1042.4448130676262,1042.4448130676262,False,NO_ACTION,
INSUFFICIENT_FUNDS,0.1131512022776977,207,0,T0037693,1874.26,0.5565756011388489,0,0.0,1043.1673861904987,1.5,0.25,1041.4173861904987,1041.4173861904987,False,NO_ACTION,
PAYMENT_TIMEOUT,0.0290585369256504,208,1,T0028023,2019.19,0.5145292684628252,1,2019.19,1038.932353587452,1.5,0.25,1037.182353587452,1037.182353587452,False,NO_ACTION,
BANK_DECLINE,0.0825598594145431,209,0,T0019795,2261.81,0.4587200702927284,0,0.0,1037.5376421887959,1.5,0.25,1035.7876421887959,1035.7876421887959,False,NO_ACTION,
NETWORK_ERROR,0.1638967668754691,210,1,T0001406,1775.79,0.5819483834377346,1,1775.79,1033.4181198248946,1.5,0.25,1031.6681198248946,1031.6681198248946,False,NO_ACTION,
PAYMENT_TIMEOUT,0.0922847538739988,211,0,T0023526,1889.73,0.5461423769369994,0,0.0,1032.061633969156,1.5,0.25,1030.311633969156,1030.311633969156,False,NO_ACTION,
BANK_DECLINE,0.1864984538113269,212,0,T0009042,2534.22,0.4067507730943365,0,0.0,1030.7959441911294,1.5,0.25,1029.0459441911294,1029.0459441911294,False,NO_ACTION,
BANK_DECLINE,0.1108389033334422,213,0,T0032545,2317.59,0.4445805483332788,0,0.0,1030.3554330117238,1.5,0.25,1028.6054330117238,1028.6054330117238,False,NO_ACTION,
INSUFFICIENT_FUNDS,0.083696072098591,214,1,T0017280,1892.78,0.5418480360492955,1,1892.78,1025.5991256733855,1.5,0.25,1023.8491256733855,1023.8491256733855,False,NO_ACTION,
NETWORK_ERROR,0.0672878116561008,215,1,T0027780,1916.91,0.5336439058280504,1,1916.91,1022.9473395208482,1.5,0.25,1021.1973395208482,1021.1973395208482,False,NO_ACTION,
BANK_DECLINE,0.0248482269182188,216,1,T0004263,2094.96,0.4875758865408905,1,2094.96,1021.451979267704,1.5,0.25,1019.701979267704,1019.701979267704,False,NO_ACTION,
INSUFFICIENT_FUNDS,0.0399301464476868,217,1,T0008505,1958.08,0.5199650732238434,1,1958.08,1018.1332105781433,1.5,0.25,1016.3832105781433,1016.3832105781433,False,NO_ACTION,
INSUFFICIENT_FUNDS,0.0710727454545574,218,1,T0009240,1893.97,0.5355363727272787,1,1893.97,1014.2898238542841,1.5,0.25,1012.5398238542841,1012.5398238542841,False,NO_ACTION,
LIMIT_EXCEEDED,0.1600868156240329,219,0,T0011407,2414.38,0.4199565921879835,0,0.0,1013.9347970468236,1.5,0.25,1012.1847970468236,1012.1847970468236,False,NO_ACTION,
PAYMENT_TIMEOUT,0.2739518544210093,220,1,T0016479,1580.83,0.6369759272105047,1,1580.83,1006.9506550121821,1.5,0.25,1005.2006550121821,1005.2006550121821,True,DELAYED_RETRY,70.0
LIMIT_EXCEEDED,0.248988430290925,221,0,T0044094,2674.62,0.3755057848545375,0,0.0,1004.335282287643,1.5,0.25,1002.585282287643,1002.585282287643,True,DELAYED_RETRY,71.0
PAYMENT_TIMEOUT,0.1751262036388994,222,1,T0017693,1697.98,0.5875631018194497,1,1697.98,997.6703956273892,1.5,0.25,995.9203956273892,995.9203956273892,False,NO_ACTION,
LIMIT_EXCEEDED,0.2470835658067444,223,0,T0037966,2641.52,0.3764582170966278,0,0.0,994.4219096250843,1.5,0.25,992.6719096250843,992.6719096250843,True,DELAYED_RETRY,72.0
INSUFFICIENT_FUNDS,0.0661968079158028,224,1,T0045458,1863.01,0.5330984039579014,1,1863.01,993.1676575576099,1.5,0.25,991.4176575576099,991.4176575576099,False,NO_ACTION,
BANK_DECLINE,0.1638902553350887,225,1,T0045601,2366.89,0.4180548723324556,1,2366.89,989.4898967749657,1.5,0.25,987.7398967749657,987.7398967749657,False,NO_ACTION,
INSUFFICIENT_FUNDS,0.1485764576324189,226,1,T0034486,1712.88,0.5742882288162094,1,1712.88,983.6868213747089,1.5,0.25,981.9368213747089,981.9368213747089,False,NO_ACTION,
LIMIT_EXCEEDED,0.0215019525018435,227,1,T0033004,2007.06,0.4892490237490782,1,2007.06,981.9521456058249,1.5,0.25,980.2021456058249,980.2021456058249,False,NO_ACTION,
NETWORK_ERROR,0.1977511597398609,228,1,T0019048,1620.69,0.5988755798699305,1,1620.69,970.5916635393976,1.5,0.25,968.8416635393976,968.8416635393976,False,NO_ACTION,
INSUFFICIENT_FUNDS,0.0499419555962872,229,1,T0033768,1844.95,0.5249709777981436,1,1844.95,968.545205488685,1.5,0.25,966.795205488685,966.795205488685,False,NO_ACTION,
BANK_DECLINE,0.177060289146678,230,1,T0017990,2350.94,0.411469855426661,1,2350.94,967.3409419167543,1.5,0.25,965.5909419167543,965.5909419167543,False,NO_ACTION,
INSUFFICIENT_FUNDS,0.3887696898278135,231,0,T0027139,3160.42,0.3056151550860932,0,0.0,965.8722484371907,1.5,0.25,964.1222484371907,964.1222484371907,True,DELAYED_RETRY,73.0
BANK_DECLINE,0.3287304659951263,232,0,T0004376,2866.24,0.3356347670024368,0,0.0,962.0097945730643,1.5,0.25,960.2597945730643,960.2597945730643,True,DELAYED_RETRY,74.0
PAYMENT_TIMEOUT,0.3168908755000683,233,1,T0003869,1444.36,0.6584454377500342,1,1444.36,951.0322524686393,1.5,0.25,949.2822524686393,949.2822524686393,True,RETRY_NOW,75.0
PAYMENT_TIMEOUT,0.2812208547018695,234,1,T0014501,1483.74,0.6406104273509348,1,1483.74,950.499315477676,1.5,0.25,948.749315477676,948.749315477676,True,DELAYED_RETRY,76.0
INSUFFICIENT_FUNDS,0.0611954458656622,235,1,T0019722,2024.57,0.4694022770671688,1,2024.57,950.3377680818779,1.5,0.25,948.5877680818779,948.5877680818779,False,NO_ACTION,
BANK_DECLINE,0.1235356146861909,236,1,T0026121,2162.16,0.4382321926569045,1,2162.16,947.5281176750526,1.5,0.25,945.7781176750526,945.7781176750526,False,NO_ACTION,
NETWORK_ERROR,0.1698204913583618,237,1,T0002943,1617.79,0.5849102456791809,1,1617.79,946.2619463573221,1.5,0.25,944.5119463573221,944.5119463573221,False,NO_ACTION,
LIMIT_EXCEEDED,0.2889937702501545,238,1,T0001000,2656.77,0.3555031148749227,1,2656.77,944.4900105062484,1.5,0.25,942.7400105062484,942.7400105062484,True,DELAYED_RETRY,77.0
INSUFFICIENT_FUNDS,0.0299499691307147,239,0,T0016958,1831.75,0.5149749845653574,0,0.0,943.3054279775935,1.5,0.25,941.5554279775935,941.5554279775935,False,NO_ACTION,
BANK_DECLINE,0.0175369668069156,240,1,T0022723,1914.79,0.4912315165965422,1,1914.79,940.605195663893,1.5,0.25,938.855195663893,938.855195663893,False,NO_ACTION,
NETWORK_ERROR,0.2000411923429272,241,1,T0028584,1563.76,0.6000205961714636,1,1563.76,938.288207469088,1.5,0.25,936.538207469088,936.538207469088,True,DELAYED_RETRY,78.0
NETWORK_ERROR,0.0896998704339134,242,1,T0009806,2059.37,0.4551500647830432,1,2059.37,937.3223889122556,1.5,0.25,935.5723889122556,935.5723889122556,False,NO_ACTION,
BANK_DECLINE,0.1343256447592035,243,1,T0003177,2150.05,0.4328371776203982,1,2150.05,930.6215737427373,1.5,0.25,928.8715737427373,928.8715737427373,False,NO_ACTION,
NETWORK_ERROR,0.1591395701478979,244,1,T0000486,1604.18,0.579569785073949,1,1604.18,929.7342578199275,1.5,0.25,927.9842578199275,927.9842578199275,False,NO_ACTION,
BANK_DECLINE,0.1299537736325254,245,1,T0044966,2134.77,0.4350231131837372,1,2134.77,928.6742913312466,1.5,0.25,926.9242913312466,926.9242913312466,False,NO_ACTION,
BANK_DECLINE,0.074521379147632,246,0,T0025016,1991.77,0.462739310426184,0,0.0,921.6702763275605,1.5,0.25,919.9202763275605,919.9202763275605,False,NO_ACTION,
INSUFFICIENT_FUNDS,0.1148494616119908,247,0,T0043089,1648.54,0.5574247308059954,0,0.0,918.9369657229157,1.5,0.25,917.1869657229157,917.1869657229157,False,NO_ACTION,
INSUFFICIENT_FUNDS,0.026133500662647,248,0,T0006656,1789.21,0.5130667503313235,0,0.0,917.9841603603074,1.5,0.25,916.2341603603074,916.2341603603074,False,NO_ACTION,
PAYMENT_TIMEOUT,0.3235729042723934,249,1,T0020248,1373.02,0.6617864521361967,1,1373.02,908.6460345120407,1.5,0.25,906.8960345120407,906.8960345120407,True,RETRY_NOW,79.0
BANK_DECLINE,0.0892302662808162,250,1,T0005074,1988.54,0.4553848668595919,1,1988.54,905.5510231449729,1.5,0.25,903.8010231449729,903.8010231449729,False,NO_ACTION,
INSUFFICIENT_FUNDS,0.0680791951282264,251,0,T0030852,1695.1,0.5340395975641132,0,0.0,905.2505218309283,1.5,0.25,903.5005218309283,903.5005218309283,False,NO_ACTION,
INSUFFICIENT_FUNDS,0.1830082246135567,252,1,T0037557,1526.22,0.5915041123067784,1,1526.22,902.7654062848512,1.5,0.25,901.0154062848512,901.0154062848512,False,NO_ACTION,
BANK_DECLINE,0.2628076272485018,253,1,T0005549,2446.22,0.3685961863757491,1,2446.22,901.6673630360849,1.5,0.25,899.9173630360849,899.9173630360849,True,DELAYED_RETRY,80.0
NETWORK_ERROR,0.2411992458042495,254,1,T0045689,2374.4,0.3794003770978752,1,2374.4,900.8482553811949,1.5,0.25,899.0982553811949,899.0982553811949,True,DELAYED_RETRY,81.0
BANK_DECLINE,0.1955136016249223,255,0,T0033444,2238.62,0.4022431991875388,0,0.0,900.469670565208,1.5,0.25,898.719670565208,898.719670565208,False,NO_ACTION,
NETWORK_ERROR,0.0965091817815408,256,1,T0039628,1642.36,0.5482545908907704,1,1642.36,900.4314098953657,1.5,0.25,898.6814098953657,898.6814098953657,False,NO_ACTION,
INSUFFICIENT_FUNDS,0.097133569524878,257,0,T0011585,1638.4,0.548566784762439,0,0.0,898.7718201547801,1.5,0.25,897.0218201547801,897.0218201547801,False,NO_ACTION,
LIMIT_EXCEEDED,0.0452683626930812,258,1,T0018726,1699.38,0.5226341813465406,1,1699.38,888.1540750966842,1.5,0.25,886.4040750966842,886.4040750966842,False,NO_ACTION,
BANK_DECLINE,0.1365406042122664,259,1,T0025241,2056.96,0.4317296978938668,1,2056.96,888.0507193797682,1.5,0.25,886.3007193797682,886.3007193797682,False,NO_ACTION,
NETWORK_ERROR,0.0843902387121582,260,0,T0036337,1637.58,0.5421951193560791,0,0.0,887.887883555128,1.5,0.25,886.137883555128,886.137883555128,False,NO_ACTION,
INSUFFICIENT_FUNDS,0.1928058987023952,261,1,T0023888,1481.81,0.5964029493511976,1,1481.81,883.7558543780981,1.5,0.25,882.0058543780981,882.0058543780981,False,NO_ACTION,
INSUFFICIENT_FUNDS,0.0980485942680946,262,1,T0022413,1599.45,0.5490242971340473,1,1599.45,878.136912051052,1.5,0.25,876.386912051052,876.386912051052,False,NO_ACTION,
BANK_DECLINE,0.0650829841104204,263,0,T0024654,1878.39,0.4674585079447897,0,0.0,878.0693867384136,1.5,0.25,876.3193867384136,876.3193867384136,False,NO_ACTION,
INSUFFICIENT_FUNDS,0.1734121169953175,264,0,T0028036,2116.02,0.4132939415023412,0,0.0,874.538246097784,1.5,0.25,872.788246097784,872.788246097784,False,NO_ACTION,
NETWORK_ERROR,0.0648502500809617,265,1,T0002531,1617.0,0.5324251250404809,1,1617.0,860.9314271904576,1.5,0.25,859.1814271904576,859.1814271904576,False,NO_ACTION,
NETWORK_ERROR,0.1786823395531376,266,1,T0042084,1459.62,0.5893411697765688,1,1459.62,860.2141582292753,1.5,0.25,858.4641582292753,858.4641582292753,False,NO_ACTION,
INSUFFICIENT_FUNDS,0.10211753917994,267,1,T0036541,1539.43,0.55105876958997,1,1539.43,848.3164016698876,1.5,0.25,846.5664016698876,846.5664016698876,False,NO_ACTION,
BANK_DECLINE,0.2976083674268285,268,0,T0015813,2413.19,0.3511958162865857,0,0.0,847.5022319046258,1.5,0.25,845.7522319046258,845.7522319046258,True,DELAYED_RETRY,82.0
INSUFFICIENT_FUNDS,0.2048281578457125,269,1,T0011112,2129.3,0.3975859210771437,1,2129.3,846.5797017495621,1.5,0.25,844.8297017495621,844.8297017495621,True,DELAYED_RETRY,83.0
PAYMENT_TIMEOUT,0.2243360389411761,270,1,T0020380,1378.31,0.6121680194705881,1,1378.31,843.7573029165062,1.5,0.25,842.0073029165062,842.0073029165062,True,DELAYED_RETRY,84.0
PAYMENT_TIMEOUT,0.2400070639501992,271,1,T0001779,1350.33,0.6200035319750996,1,1350.33,837.2093693319362,1.5,0.25,835.4593693319362,835.4593693319362,True,DELAYED_RETRY,85.0
BANK_DECLINE,0.2268816264856822,272,0,T0044447,2152.95,0.3865591867571589,0,0.0,832.2426011288252,1.5,0.25,830.4926011288252,830.4926011288252,True,DELAYED_RETRY,86.0
INSUFFICIENT_FUNDS,0.019354439420848,273,0,T0028736,1620.58,0.509677219710424,0,0.0,825.9727087183189,1.5,0.25,824.2227087183189,824.2227087183189,False,NO_ACTION,
INSUFFICIENT_FUNDS,0.0049559252954594,274,1,T0021796,1638.01,0.5024779626477297,1,1638.01,823.0639275966078,1.5,0.25,821.3139275966078,821.3139275966078,False,NO_ACTION,
INSUFFICIENT_FUNDS,0.1638331109086279,275,0,T0024586,1414.13,0.581916555454314,0,0.0,822.9056585646091,1.5,0.25,821.1556585646091,821.1556585646091,False,NO_ACTION,
INSUFFICIENT_FUNDS,0.0803271933749814,276,1,T0025056,1518.16,0.5401635966874907,1,1518.16,820.0547659470809,1.5,0.25,818.3047659470809,818.3047659470809,False,NO_ACTION,
PAYMENT_TIMEOUT,0.2563557156396607,277,1,T0012549,1303.25,0.6281778578198304,1,1303.25,818.6727932036939,1.5,0.25,816.9227932036939,816.9227932036939,True,DELAYED_RETRY,87.0
BANK_DECLINE,0.1392190164600033,278,0,T0023681,1900.6,0.4303904917699983,0,0.0,818.0001686580587,1.5,0.25,816.2501686580587,816.2501686580587,False,NO_ACTION,
NETWORK_ERROR,0.1252870842594444,279,1,T0007500,1453.5,0.5626435421297222,1,1453.5,817.8023884855512,1.5,0.25,816.0523884855512,816.0523884855512,False,NO_ACTION,
BANK_DECLINE,0.2371154094404907,280,0,T0041788,2130.1,0.3814422952797546,0,0.0,812.5102331754052,1.5,0.25,810.7602331754052,810.7602331754052,True,DELAYED_RETRY,88.0
NETWORK_ERROR,0.0785394380946216,281,1,T0037764,1501.11,0.5392697190473108,1,1501.11,809.5031679591086,1.5,0.25,807.7531679591086,807.7531679591086,False,NO_ACTION,
BANK_DECLINE,0.038927142947052,282,1,T0032053,1662.26,0.480536428526474,1,1662.26,798.7764836824166,1.5,0.25,797.0264836824166,797.0264836824166,False,NO_ACTION,
NETWORK_ERROR,0.1811132067793421,283,1,T0041502,1949.37,0.4094433966103289,1,1949.37,798.1566740502768,1.5,0.25,796.4066740502768,796.4066740502768,False,NO_ACTION,
LIMIT_EXCEEDED,0.0820820213889927,284,1,T0022341,1736.04,0.4589589893055036,1,1736.04,796.7711637939265,1.5,0.25,795.0211637939265,795.0211637939265,False,NO_ACTION,
INSUFFICIENT_FUNDS,0.0789389646420357,285,1,T0042581,1724.42,0.4605305176789821,1,1724.42,794.1480352959903,1.5,0.25,792.3980352959903,792.3980352959903,False,NO_ACTION,
INSUFFICIENT_FUNDS,0.0073986544684683,286,1,T0035407,1593.55,0.4963006727657658,1,1593.55,790.879937085886,1.5,0.25,789.129937085886,789.129937085886,False,NO_ACTION,
LIMIT_EXCEEDED,0.1252881149838828,287,0,T0013432,1806.14,0.4373559425080586,0,0.0,789.926062001505,1.5,0.25,788.176062001505,788.176062001505,False,NO_ACTION,
BANK_DECLINE,0.4135880655253382,288,0,T0015759,2677.85,0.2932059672373309,0,0.0,785.1615993664865,1.5,0.25,783.4115993664865,783.4115993664865,True,DELAYED_RETRY,89.0
NETWORK_ERROR,0.1710371043417005,289,1,T0027356,1340.14,0.5855185521708502,1,1340.14,784.6768325062433,1.5,0.25,782.9268325062433,782.9268325062433,False,NO_ACTION,
BANK_DECLINE,0.27289817423448,290,1,T0002729,2156.79,0.36355091288276,1,2156.79,784.1029733964078,1.5,0.25,782.3529733964078,782.3529733964078,True,DELAYED_RETRY,90.0
BANK_DECLINE,0.3196672694772858,291,0,T0024417,2294.54,0.3401663652613571,0,0.0,780.5253317467942,1.5,0.25,778.7753317467942,778.7753317467942,True,DELAYED_RETRY,91.0
BANK_DECLINE,0.0730611686705575,292,1,T0010221,1680.46,0.4634694156647212,1,1680.46,778.8418142479375,1.5,0.25,777.0918142479375,777.0918142479375,False,NO_ACTION,
NETWORK_ERROR,0.0673543529741678,293,1,T0017889,1445.13,0.5336771764870839,1,1445.13,771.2328980567796,1.5,0.25,769.4828980567796,769.4828980567796,False,NO_ACTION,
PAYMENT_TIMEOUT,0.2066470743978796,294,1,T0027843,1270.66,0.6033235371989398,1,1270.66,766.619085777205,1.5,0.25,764.869085777205,764.869085777205,True,DELAYED_RETRY,92.0
INSUFFICIENT_FUNDS,0.0030648204538989,295,1,T0030090,1519.27,0.5015324102269495,1,1519.27,761.9631448854975,1.5,0.25,760.2131448854975,760.2131448854975,False,NO_ACTION,
BANK_DECLINE,0.2269378451135757,296,0,T0008515,1970.38,0.3865310774432121,0,0.0,761.6131043725562,1.5,0.25,759.8631043725562,759.8631043725562,True,DELAYED_RETRY,93.0
PAYMENT_TIMEOUT,0.3177378274667091,297,1,T0045197,1154.57,0.6588689137333545,1,1154.57,760.7102817291191,1.5,0.25,758.9602817291191,758.9602817291191,True,RETRY_NOW,94.0
LIMIT_EXCEEDED,0.2137664388744516,298,1,T0011091,1931.07,0.3931167805627741,1,1931.07,759.1360214413562,1.5,0.25,757.3860214413562,757.3860214413562,True,DELAYED_RETRY,95.0
INSUFFICIENT_FUNDS,0.075334642226529,299,1,T0004938,1409.4,0.5376673211132645,1,1409.4,757.7883223770351,1.5,0.25,756.0383223770351,756.0383223770351,False,NO_ACTION,
BANK_DECLINE,0.1451253369647583,300,1,T0018803,1769.54,0.4274373315176208,1,1769.54,756.3674556136907,1.5,0.25,754.6174556136907,754.6174556136907,False,NO_ACTION,
NETWORK_ERROR,0.1086062991967198,301,1,T0005609,1364.02,0.5543031495983599,1,1364.02,756.0805821151549,1.5,0.25,754.3305821151549,754.3305821151549,False,NO_ACTION,
BANK_DECLINE,0.0848271682619318,302,1,T0007277,1643.87,0.4575864158690341,1,1643.87,752.212581454629,1.5,0.25,750.462581454629,750.462581454629,False,NO_ACTION,
LIMIT_EXCEEDED,0.0309071169055765,303,1,T0045773,1550.87,0.4845464415472117,1,1550.87,751.4685398023241,1.5,0.25,749.7185398023241,749.7185398023241,False,NO_ACTION,
BANK_DECLINE,0.1198114350669866,304,0,T0027893,1701.9,0.4400942824665066,0,0.0,748.9964593297476,1.5,0.25,747.2464593297476,747.2464593297476,False,NO_ACTION,
NETWORK_ERROR,0.2309946347844571,305,1,T0013964,1216.47,0.6154973173922286,1,1216.47,748.7340216881244,1.5,0.25,746.9840216881244,746.9840216881244,True,DELAYED_RETRY,96.0
PAYMENT_TIMEOUT,0.1903461186446231,306,0,T0022061,1842.33,0.4048269406776884,0,0.0,745.8248176187255,1.5,0.25,744.0748176187255,744.0748176187255,False,NO_ACTION,
INSUFFICIENT_FUNDS,0.1588502620042435,307,1,T0044352,1272.63,0.5794251310021218,1,1272.63,737.3938044672303,1.5,0.25,735.6438044672303,735.6438044672303,False,NO_ACTION,
INSUFFICIENT_FUNDS,0.0850848274447357,308,1,T0008251,1354.17,0.5425424137223679,1,1354.17,734.694660390419,1.5,0.25,732.944660390419,732.944660390419,False,NO_ACTION,
NETWORK_ERROR,0.0293635357836052,309,0,T0009157,1427.3,0.5146817678918026,0,0.0,734.6052873119698,1.5,0.25,732.8552873119698,732.8552873119698,False,NO_ACTION,
PAYMENT_TIMEOUT,0.0348879911511603,310,1,T0007755,1417.61,0.5174439955755802,1,1417.61,733.5337825678981,1.5,0.25,731.7837825678981,731.7837825678981,False,NO_ACTION,
INSUFFICIENT_FUNDS,0.0309037948299457,311,1,T0025270,1411.02,0.5154518974149729,1,1411.02,727.312936290475,1.5,0.25,725.562936290475,725.562936290475,False,NO_ACTION,
BANK_DECLINE,0.1680591660027426,312,0,T0005343,1729.87,0.4159704169986287,0,0.0,719.5747452534177,1.5,0.25,717.8247452534177,717.8247452534177,False,NO_ACTION,
INSUFFICIENT_FUNDS,0.0968338232616283,313,1,T0021145,1308.32,0.5484169116308142,1,1308.32,717.5048138248268,1.5,0.25,715.7548138248268,715.7548138248268,False,NO_ACTION,
NETWORK_ERROR,0.2366214115915383,314,1,T0006204,1155.21,0.6183107057957692,1,1155.21,714.2787104423305,1.5,0.25,712.5287104423305,712.5287104423305,True,DELAYED_RETRY,97.0
PAYMENT_TIMEOUT,0.2342531079674183,315,1,T0003123,1156.41,0.6171265539837092,1,1156.41,713.6513182923012,1.5,0.25,711.9013182923012,711.9013182923012,True,DELAYED_RETRY,98.0
INSUFFICIENT_FUNDS,0.1266504310335445,316,1,T0040524,1266.75,0.5633252155167723,1,1266.75,713.5922167558713,1.5,0.25,711.8422167558713,711.8422167558713,False,NO_ACTION,
LIMIT_EXCEEDED,0.0438778275385409,317,1,T0034040,1492.29,0.4780610862307295,1,1492.29,713.4057783712553,1.5,0.25,711.6557783712553,711.6557783712553,False,NO_ACTION,
NETWORK_ERROR,0.0821854061874194,318,1,T0038703,1318.42,0.5410927030937097,1,1318.42,713.3874416128089,1.5,0.25,711.6374416128089,711.6374416128089,False,NO_ACTION,
NETWORK_ERROR,0.1710463512317517,319,0,T0019587,1216.68,0.5855231756158759,0,0.0,712.3943373083239,1.5,0.25,710.6443373083239,710.6443373083239,False,NO_ACTION,
PAYMENT_TIMEOUT,0.2923632989364217,320,1,T0031676,1096.94,0.6461816494682109,1,1096.94,708.8224985676593,1.5,0.25,707.0724985676593,707.0724985676593,True,DELAYED_RETRY,99.0
INSUFFICIENT_FUNDS,0.109222028961573,321,0,T0018040,1275.45,0.5546110144807865,0,0.0,707.3786184195192,1.5,0.25,705.6286184195192,705.6286184195192,False,NO_ACTION,
LIMIT_EXCEEDED,0.1778162481185655,322,1,T0038915,1699.39,0.4110918759407172,1,1699.39,698.6054230548955,1.5,0.25,696.8554230548955,696.8554230548955,False,NO_ACTION,
INSUFFICIENT_FUNDS,0.0086632947235791,323,1,T0004943,1381.58,0.5043316473617896,1,1381.58,696.7745173621013,1.5,0.25,695.0245173621013,695.0245173621013,False,NO_ACTION,
PAYMENT_TIMEOUT,0.2990882338637,324,1,T0013482,1069.44,0.64954411693185,1,1069.44,694.6484604115977,1.5,0.25,692.8984604115977,692.8984604115977,True,DELAYED_RETRY,100.0
BANK_DECLINE,0.109985755280214,325,0,T0006027,1558.3,0.445007122359893,0,0.0,693.4545987734213,1.5,0.25,691.7045987734213,691.7045987734213,False,NO_ACTION,
INSUFFICIENT_FUNDS,0.0990367175580686,326,1,T0009778,1261.28,0.5495183587790343,1,1261.28,693.0965155608204,1.5,0.25,691.3465155608204,691.3465155608204,False,NO_ACTION,
NETWORK_ERROR,0.2785320949808576,327,1,T0042807,1080.42,0.6392660474904288,1,1080.42,690.6758230296091,1.5,0.25,688.9258230296091,688.9258230296091,True,DELAYED_RETRY,101.0
PAYMENT_TIMEOUT,0.3233134503824393,328,1,T0045755,1041.16,0.6616567251912197,1,1041.16,688.8905160000903,1.5,0.25,687.1405160000903,687.1405160000903,True,RETRY_NOW,102.0
NETWORK_ERROR,0.191425096288021,329,1,T0023062,1156.07,0.5957125481440105,1,1156.07,688.6854055328462,1.5,0.25,686.9354055328462,686.9354055328462,False,NO_ACTION,
INSUFFICIENT_FUNDS,0.0292384580883933,330,1,T0011105,1332.24,0.5146192290441967,1,1332.24,685.5963217018406,1.5,0.25,683.8463217018406,683.8463217018406,False,NO_ACTION,
PAYMENT_TIMEOUT,0.3615703284684839,331,1,T0023790,999.41,0.680785164234242,1,999.41,680.3835009873437,1.5,0.25,678.6335009873437,678.6335009873437,True,RETRY_NOW,103.0
PAYMENT_TIMEOUT,0.2808255042936969,332,1,T0005712,1056.42,0.6404127521468485,1,1056.42,676.5448396229737,1.5,0.25,674.7948396229737,674.7948396229737,True,DELAYED_RETRY,104.0
PAYMENT_TIMEOUT,0.1958293894917431,333,1,T0035884,1130.98,0.5979146947458716,1,1130.98,676.2295614636859,1.5,0.25,674.4795614636859,674.4795614636859,False,NO_ACTION,
INSUFFICIENT_FUNDS,0.1915084649521468,334,1,T0008039,1126.75,0.5957542324760734,1,1126.75,671.2660814424157,1.5,0.25,669.5160814424157,669.5160814424157,False,NO_ACTION,
BANK_DECLINE,0.1095324580741318,335,1,T0014749,1494.04,0.4452337709629341,1,1494.04,665.197063169462,1.5,0.25,663.447063169462,663.447063169462,False,NO_ACTION,
NETWORK_ERROR,0.2411845102669558,336,1,T0028245,1069.29,0.6205922551334779,1,1069.29,663.5930924916765,1.5,0.25,661.8430924916765,661.8430924916765,True,DELAYED_RETRY,105.0
NETWORK_ERROR,0.1806153316871388,337,1,T0008724,1121.91,0.5903076658435694,1,1121.91,662.272073386559,1.5,0.25,660.522073386559,660.522073386559,False,NO_ACTION,
PAYMENT_TIMEOUT,0.2676845510724788,338,1,T0022596,1042.99,0.6338422755362394,1,1042.99,661.0911549615423,1.5,0.25,659.3411549615423,659.3411549615423,True,DELAYED_RETRY,106.0
BANK_DECLINE,0.1433439706320595,339,0,T0012101,1542.26,0.4283280146839702,0,0.0,660.5931639264999,1.5,0.25,658.8431639264999,658.8431639264999,False,NO_ACTION,
NETWORK_ERROR,0.0780217070525501,340,1,T0015765,1432.74,0.4609891464737249,1,1432.74,660.4775897187646,1.5,0.25,658.7275897187646,658.7275897187646,False,NO_ACTION,
INSUFFICIENT_FUNDS,0.0780052420729247,341,1,T0031689,1222.29,0.5390026210364623,1,1222.29,658.8175136666575,1.5,0.25,657.0675136666575,657.0675136666575,False,NO_ACTION,
INSUFFICIENT_FUNDS,0.0703674314932749,342,1,T0019297,1224.52,0.5351837157466375,1,1224.52,655.3431636060725,1.5,0.25,653.5931636060725,653.5931636060725,False,NO_ACTION,
NETWORK_ERROR,0.1395836247502972,343,1,T0017328,1149.3,0.5697918123751486,1,1149.3,654.8617299627583,1.5,0.25,653.1117299627583,653.1117299627583,False,NO_ACTION,
PAYMENT_TIMEOUT,0.2417267263969968,344,0,T0023298,1053.26,0.6208633631984984,0,0.0,653.9305459224505,1.5,0.25,652.1805459224505,652.1805459224505,True,DELAYED_RETRY,107.0
PAYMENT_TIMEOUT,0.1869876516805366,345,1,T0027976,1094.02,0.5934938258402683,1,1094.02,649.2941153457704,1.5,0.25,647.5441153457704,647.5441153457704,False,NO_ACTION,
LIMIT_EXCEEDED,0.2746278167953185,346,0,T0015778,1788.51,0.3626860916023407,0,0.0,648.6677016917024,1.5,0.25,646.9177016917024,646.9177016917024,True,DELAYED_RETRY,108.0
INSUFFICIENT_FUNDS,0.1074675768608781,347,1,T0026255,1162.47,0.5537337884304391,1,1162.47,643.6989170367325,1.5,0.25,641.9489170367325,641.9489170367325,False,NO_ACTION,
INSUFFICIENT_FUNDS,0.059199266600322,348,1,T0002418,1210.33,0.529599633300161,1,1210.33,640.9903241721838,1.5,0.25,639.2403241721838,639.2403241721838,False,NO_ACTION,
BANK_DECLINE,0.2539533572170596,349,0,T0010150,1710.16,0.3730233213914702,0,0.0,637.9295633108367,1.5,0.25,636.1795633108367,636.1795633108367,True,DELAYED_RETRY,109.0
INSUFFICIENT_FUNDS,0.008021270841224,350,0,T0024454,1283.41,0.4959893645793879,0,0.0,636.5577103948323,1.5,0.25,634.8077103948323,634.8077103948323,False,NO_ACTION,
BANK_DECLINE,0.0279149043570948,351,1,T0031150,1307.58,0.4860425478214525,1,1307.58,635.5395146803749,1.5,0.25,633.7895146803749,633.7895146803749,False,NO_ACTION,
BANK_DECLINE,0.1323905219185546,352,1,T0017469,1455.3,0.4338047390407227,1,1455.3,631.3160367259637,1.5,0.25,629.5660367259637,629.5660367259637,False,NO_ACTION,
BANK_DECLINE,0.2242884574488804,353,0,T0007945,1623.52,0.3878557712755597,0,0.0,629.6916017812966,1.5,0.25,627.9416017812966,627.9416017812966,True,DELAYED_RETRY,110.0
LIMIT_EXCEEDED,0.0779334994813653,354,1,T0038114,1357.13,0.4610332502593173,1,1357.13,625.6820549244273,1.5,0.25,623.9320549244273,623.9320549244273,False,NO_ACTION,
PAYMENT_TIMEOUT,0.259461503219986,355,0,T0044954,988.27,0.629730751609993,0,0.0,622.3440098936078,1.5,0.25,620.5940098936078,620.5940098936078,True,DELAYED_RETRY,111.0
INSUFFICIENT_FUNDS,0.0769585940939228,356,0,T0030471,1148.73,0.5384792970469614,0,0.0,618.567322896756,1.5,0.25,616.817322896756,616.817322896756,False,NO_ACTION,
INSUFFICIENT_FUNDS,0.0622161275140167,357,1,T0020946,1153.86,0.5311080637570084,1,1153.86,612.8243504466616,1.5,0.25,611.0743504466616,611.0743504466616,False,NO_ACTION,
BANK_DECLINE,0.087491941091273,358,1,T0038580,1312.56,0.4562540294543635,1,1312.56,598.8607889006194,1.5,0.25,597.1107889006194,597.1107889006194,False,NO_ACTION,
NETWORK_ERROR,0.2188857616505126,359,1,T0008294,974.15,0.6094428808252563,1,974.15,593.6887823559234,1.5,0.25,591.9387823559234,591.9387823559234,True,DELAYED_RETRY,112.0
LIMIT_EXCEEDED,0.145770698894876,360,1,T0006532,1387.59,0.427114650552562,1,1387.59,592.6600179602294,1.5,0.25,590.9100179602294,590.9100179602294,False,NO_ACTION,
BANK_DECLINE,0.106087135852166,361,1,T0009472,1318.74,0.446956432073917,1,1318.74,589.4193252331573,1.5,0.25,587.6693252331573,587.6693252331573,False,NO_ACTION,
LIMIT_EXCEEDED,0.1515480990725196,362,1,T0010518,1385.67,0.4242259504637402,1,1385.67,587.8371727790909,1.5,0.25,586.0871727790909,586.0871727790909,False,NO_ACTION,
BANK_DECLINE,0.2151631628995852,363,0,T0021304,1486.23,0.3924184185502073,0,0.0,583.2240262018746,1.5,0.25,581.4740262018746,581.4740262018746,True,DELAYED_RETRY,113.0
NETWORK_ERROR,0.1826698519725622,364,1,T0013361,982.62,0.5913349259862811,1,982.62,581.0575249726396,1.5,0.25,579.3075249726396,579.3075249726396,False,NO_ACTION,
BANK_DECLINE,0.2186799444748427,365,1,T0031997,1487.07,0.3906600277625786,1,1487.07,580.9388074848977,1.5,0.25,579.1888074848977,579.1888074848977,True,DELAYED_RETRY,114.0
LIMIT_EXCEEDED,0.09409310174609,366,1,T0030009,1281.48,0.4529534491269549,1,1281.48,580.4507859872102,1.5,0.25,578.7007859872102,578.7007859872102,False,NO_ACTION,
BANK_DECLINE,0.1652821884771921,367,1,T0028280,1390.62,0.4173589057614039,1,1390.62,580.3876415299234,1.5,0.25,578.6376415299234,578.6376415299234,False,NO_ACTION,
LIMIT_EXCEEDED,0.0122952270355858,368,1,T0013528,1175.18,0.4938523864822071,1,1175.18,580.3654475461601,1.5,0.25,578.6154475461601,578.6154475461601,False,NO_ACTION,
NETWORK_ERROR,0.0498551716775872,369,0,T0036030,1101.5,0.5249275858387936,0,0.0,578.2077358014312,1.5,0.25,576.4577358014312,576.4577358014312,False,NO_ACTION,
BANK_DECLINE,0.0976608235004368,370,1,T0016981,1267.85,0.4511695882497816,1,1267.85,572.0153624624855,1.5,0.25,570.2653624624855,570.2653624624855,False,NO_ACTION,
BANK_DECLINE,0.0681789915070493,371,1,T0033036,1216.4,0.4659105042464753,1,1216.4,566.7335373654125,1.5,0.25,564.9835373654125,564.9835373654125,False,NO_ACTION,
INSUFFICIENT_FUNDS,0.0023604150444664,372,1,T0025688,1133.12,0.4988197924777667,1,1133.12,565.2226832524069,1.5,0.25,563.4726832524069,563.4726832524069,False,NO_ACTION,
NETWORK_ERROR,0.0344440051713464,373,0,T0012181,1167.93,0.4827779974143267,0,0.0,563.8509065201146,1.5,0.25,562.1009065201146,562.1009065201146,False,NO_ACTION,
PAYMENT_TIMEOUT,0.3185410212450081,374,1,T0016455,854.81,0.6592705106225041,1,854.81,563.5510251852227,1.5,0.25,561.8010251852227,561.8010251852227,True,RETRY_NOW,115.0
PAYMENT_TIMEOUT,0.2365039843173695,375,1,T0023557,909.83,0.6182519921586848,1,909.83,562.5042100257361,1.5,0.25,560.7542100257361,560.7542100257361,True,DELAYED_RETRY,116.0
INSUFFICIENT_FUNDS,0.1607690463664333,376,1,T0031278,965.67,0.5803845231832166,1,965.67,560.4599225023368,1.5,0.25,558.7099225023368,558.7099225023368,False,NO_ACTION,
INSUFFICIENT_FUNDS,0.6262126502016665,377,0,T0016500,2967.37,0.1868936748991667,0,0.0,554.5826840855402,1.5,0.25,552.8326840855402,552.8326840855402,True,DELAYED_RETRY,117.0
NETWORK_ERROR,0.0671833392272152,378,0,T0005571,1026.69,0.5335916696136076,0,0.0,547.8332312755948,1.5,0.25,546.0832312755948,546.0832312755948,False,NO_ACTION,
LIMIT_EXCEEDED,0.0460578770553685,379,0,T0020450,1138.94,0.4769710614723157,0,0.0,543.2414207532793,1.5,0.25,541.4914207532793,541.4914207532793,False,NO_ACTION,
NETWORK_ERROR,0.0571331639604892,380,0,T0021693,1025.58,0.5285665819802446,0,0.0,542.0873151472993,1.5,0.25,540.3373151472993,540.3373151472993,False,NO_ACTION,
BANK_DECLINE,0.1806037427590555,381,0,T0006984,1318.64,0.4096981286204722,0,0.0,540.2443403240995,1.5,0.25,538.4943403240995,538.4943403240995,False,NO_ACTION,
INSUFFICIENT_FUNDS,0.0963568338839371,382,1,T0040618,982.08,0.5481784169419686,1,982.08,538.3550597103686,1.5,0.25,536.6050597103686,536.6050597103686,False,NO_ACTION,
NETWORK_ERROR,0.1770826587828937,383,0,T0008368,913.32,0.5885413293914469,0,0.0,537.5265669597962,1.5,0.25,535.7765669597962,535.7765669597962,False,NO_ACTION,
BANK_DECLINE,0.1543429527327153,384,1,T0025637,1258.32,0.4228285236336423,1,1258.32,532.0535878586848,1.5,0.25,530.3035878586848,530.3035878586848,False,NO_ACTION,
BANK_DECLINE,0.1411111581095654,385,1,T0000433,1230.15,0.4294444209452173,1,1230.15,528.2810544257591,1.5,0.25,526.5310544257591,526.5310544257591,False,NO_ACTION,
LIMIT_EXCEEDED,0.0379482176937612,386,0,T0004784,1095.66,0.4810258911531194,0,0.0,527.0408279008268,1.5,0.25,525.2908279008268,525.2908279008268,False,NO_ACTION,
BANK_DECLINE,0.1577214908641335,387,0,T0024020,1246.89,0.4211392545679332,0,0.0,525.1143251282103,1.5,0.25,523.3643251282103,523.3643251282103,False,NO_ACTION,
INSUFFICIENT_FUNDS,0.1207692328147285,388,1,T0035164,1192.7,0.4396153835926357,1,1192.7,524.3292680109366,1.5,0.25,522.5792680109366,522.5792680109366,False,NO_ACTION,
BANK_DECLINE,0.2548148852281933,389,1,T0015852,1400.01,0.3725925573859033,1,1400.01,521.6333062658384,1.5,0.25,519.8833062658384,519.8833062658384,True,DELAYED_RETRY,118.0
INSUFFICIENT_FUNDS,0.0276317966678181,390,0,T0018897,1013.71,0.5138158983339091,0,0.0,520.860314300067,1.5,0.25,519.110314300067,519.110314300067,False,NO_ACTION,
INSUFFICIENT_FUNDS,0.0132189040009955,391,1,T0044225,1025.85,0.5066094520004978,1,1025.85,519.7053063347106,1.5,0.25,517.9553063347106,517.9553063347106,False,NO_ACTION,
INSUFFICIENT_FUNDS,0.1563487114789452,392,1,T0014702,898.63,0.5781743557394726,1,898.63,519.5648212981623,1.5,0.25,517.8148212981623,517.8148212981623,False,NO_ACTION,
INSUFFICIENT_FUNDS,0.0707698576819033,393,1,T0006681,964.34,0.5353849288409517,1,964.34,516.2931022784834,1.5,0.25,514.5431022784834,514.5431022784834,False,NO_ACTION,
BANK_DECLINE,0.0830141503971617,394,1,T0010667,1125.87,0.4584929248014191,1,1125.87,516.2034292461736,1.5,0.25,514.4534292461736,514.4534292461736,False,NO_ACTION,
BANK_DECLINE,0.0400013415084115,395,1,T0031352,1069.78,0.4799993292457942,1,1069.78,513.4936824405657,1.5,0.25,511.74368244056575,511.74368244056575,False,NO_ACTION,
PAYMENT_TIMEOUT,0.2721287269792893,396,1,T0000183,806.92,0.6360643634896447,1,806.92,513.2530561870641,1.5,0.25,511.5030561870641,511.5030561870641,True,DELAYED_RETRY,119.0
BANK_DECLINE,0.1134295928020929,397,0,T0014416,1151.44,0.4432852035989535,0,0.0,510.41631483197904,1.5,0.25,508.66631483197904,508.66631483197904,False,NO_ACTION,
BANK_DECLINE,0.1647037515396044,398,0,T0000114,1205.58,0.4176481242301977,0,0.0,503.5082256094417,1.5,0.25,501.7582256094417,501.7582256094417,False,NO_ACTION,
LIMIT_EXCEEDED,0.5545301701112753,399,0,T0007204,2259.71,0.2227349149443624,0,0.0,503.3163146489252,1.5,0.25,501.5663146489252,501.5663146489252,True,DELAYED_RETRY,120.0
INSUFFICIENT_FUNDS,0.0050863907105564,400,1,T0020901,1003.41,0.4974568046447217,1,1003.41,499.1531323485602,1.5,0.25,497.4031323485602,497.4031323485602,False,NO_ACTION,
BANK_DECLINE,0.0769601434096618,401,1,T0029832,1075.92,0.4615199282951691,1,1075.92,496.55852125133833,1.5,0.25,494.80852125133833,494.80852125133833,False,NO_ACTION,
PAYMENT_TIMEOUT,0.2240436043687383,402,1,T0010429,807.29,0.6120218021843692,1,807.29,494.0790806854194,1.5,0.25,492.3290806854194,492.3290806854194,True,DELAYED_RETRY,121.0
PAYMENT_TIMEOUT,0.2621048558233196,403,1,T0003583,779.11,0.6310524279116598,1,779.11,491.6592571102533,1.5,0.25,489.9092571102533,489.9092571102533,True,DELAYED_RETRY,122.0
BANK_DECLINE,0.1770617854404429,404,1,T0033915,1193.48,0.4114691072797785,1,1193.48,491.08015015627,1.5,0.25,489.33015015627,489.33015015627,False,NO_ACTION,
BANK_DECLINE,0.119000516067668,405,0,T0013176,1110.34,0.440499741966166,0,0.0,489.1044834947127,1.5,0.25,487.3544834947127,487.3544834947127,False,NO_ACTION,
LIMIT_EXCEEDED,0.069795492073115,406,1,T0040449,1031.94,0.4651022539634424,1,1031.94,479.9576199550348,1.5,0.25,478.2076199550348,478.2076199550348,False,NO_ACTION,
PAYMENT_TIMEOUT,0.1456513728652575,407,1,T0006704,836.96,0.5728256864326288,1,836.96,479.432186516653,1.5,0.25,477.682186516653,477.682186516653,False,NO_ACTION,
LIMIT_EXCEEDED,0.1455229415965687,408,1,T0023506,1115.69,0.4272385292017156,1,1115.69,476.6657546450621,1.5,0.25,474.9157546450621,474.9157546450621,False,NO_ACTION,
BANK_DECLINE,0.104840636565315,409,1,T0001894,1063.04,0.4475796817173424,1,1063.04,475.79510485280366,1.5,0.25,474.04510485280366,474.04510485280366,False,NO_ACTION,
BANK_DECLINE,0.0957724089606305,410,0,T0020490,1040.28,0.4521137955196847,0,0.0,470.32493920321764,1.5,0.25,468.57493920321764,468.57493920321764,False,NO_ACTION,
PAYMENT_TIMEOUT,0.302904371146409,411,1,T0045230,714.87,0.6514521855732045,1,714.87,465.7036239007167,1.5,0.25,463.9536239007167,463.9536239007167,True,RETRY_NOW,123.0
BANK_DECLINE,0.1840724665543891,412,0,T0004005,1133.97,0.4079637667228054,0,0.0,462.6186725506596,1.5,0.25,460.8686725506596,460.8686725506596,False,NO_ACTION,
BANK_DECLINE,0.0916448850140186,413,1,T0011274,1015.34,0.4541775574929906,1,1015.34,461.1446412249331,1.5,0.25,459.3946412249331,459.3946412249331,False,NO_ACTION,
BANK_DECLINE,0.2057113952247289,414,1,T0000901,1160.94,0.3971443023876355,1,1160.94,461.0607064139016,1.5,0.25,459.3107064139016,459.3107064139016,True,DELAYED_RETRY,124.0
BANK_DECLINE,0.2724813225842487,415,1,T0023879,1256.01,0.3637593387078756,1,1256.01,456.88536701047883,1.5,0.25,455.13536701047883,455.13536701047883,True,DELAYED_RETRY,125.0
INSUFFICIENT_FUNDS,0.011245963563458,416,1,T0001142,897.12,0.505622981781729,1,897.12,453.60448941602476,1.5,0.25,451.85448941602476,451.85448941602476,False,NO_ACTION,
BANK_DECLINE,0.1809350688658682,417,1,T0000671,1107.12,0.4095324655670659,1,1107.12,453.40158327860996,1.5,0.25,451.65158327860996,451.65158327860996,False,NO_ACTION,
BANK_DECLINE,0.1909993313275563,418,1,T0020991,1115.13,0.4045003343362218,1,1115.13,451.07045782835104,1.5,0.25,449.32045782835104,449.32045782835104,False,NO_ACTION,
BANK_DECLINE,0.0476175584857007,419,1,T0032153,946.46,0.4761912207571496,1,946.46,450.6959427978118,1.5,0.25,448.9459427978118,448.9459427978118,False,NO_ACTION,
LIMIT_EXCEEDED,0.3094660872986002,420,1,T0028547,1301.5,0.3452669563506998,1,1301.5,449.36494369043584,1.5,0.25,447.61494369043584,447.61494369043584,True,DELAYED_RETRY,126.0
PAYMENT_TIMEOUT,0.3120071589492423,421,1,T0018191,674.42,0.6560035794746212,1,674.42,442.421934069274,1.5,0.25,440.671934069274,440.671934069274,True,RETRY_NOW,127.0
BANK_DECLINE,0.3606775610875045,422,1,T0023520,1370.52,0.3196612194562477,1,1370.52,438.1020944891766,1.5,0.25,436.3520944891766,436.3520944891766,True,DELAYED_RETRY,128.0
BANK_DECLINE,0.2352015558623275,423,0,T0032708,1138.68,0.3823992220688362,0,0.0,435.43034618534244,1.5,0.25,433.68034618534244,433.68034618534244,True,DELAYED_RETRY,129.0
INSUFFICIENT_FUNDS,0.0155713154509677,424,1,T0027860,856.0,0.5077856577254839,1,856.0,434.6645230130142,1.5,0.25,432.9145230130142,432.9145230130142,False,NO_ACTION,
INSUFFICIENT_FUNDS,0.0191328266369115,425,1,T0014407,848.44,0.5095664133184558,1,848.44,432.3365277159106,1.5,0.25,430.5865277159106,430.5865277159106,False,NO_ACTION,
NETWORK_ERROR,0.0361161692477097,426,1,T0025062,892.61,0.4819419153761451,1,892.61,430.1861730839009,1.5,0.25,428.4361730839009,428.4361730839009,False,NO_ACTION,
NETWORK_ERROR,0.2306876998240348,427,1,T0010074,694.6,0.6153438499120174,1,694.6,427.4178381488873,1.5,0.25,425.6678381488873,425.6678381488873,True,DELAYED_RETRY,130.0
LIMIT_EXCEEDED,0.1691264203535414,428,1,T0024029,1022.9,0.4154367898232293,1,1022.9,424.9502923101812,1.5,0.25,423.2002923101812,423.2002923101812,False,NO_ACTION,
NETWORK_ERROR,0.237536191100854,429,0,T0042165,682.19,0.618768095550427,0,0.0,422.1174071035458,1.5,0.25,420.3674071035458,420.3674071035458,True,DELAYED_RETRY,131.0
NETWORK_ERROR,0.1956229525902579,430,1,T0021765,704.2,0.597811476295129,1,704.2,420.97884160702984,1.5,0.25,419.22884160702984,419.22884160702984,False,NO_ACTION,
NETWORK_ERROR,0.1639363742941377,431,1,T0005622,718.44,0.5819681871470689,1,718.44,418.1092243739402,1.5,0.25,416.3592243739402,416.3592243739402,False,NO_ACTION,
INSUFFICIENT_FUNDS,0.0721956333690894,432,0,T0037261,778.06,0.5360978166845447,0,0.0,417.1162672495768,1.5,0.25,415.3662672495768,415.3662672495768,False,NO_ACTION,
BANK_DECLINE,0.1902057839054515,433,0,T0012287,1014.55,0.4048971080472742,0,0.0,410.78836096936203,1.5,0.25,409.03836096936203,409.03836096936203,False,NO_ACTION,
NETWORK_ERROR,0.2307770165523839,434,1,T0026587,660.2,0.615388508276192,1,660.2,406.27949316394194,1.5,0.25,404.52949316394194,404.52949316394194,True,DELAYED_RETRY,132.0
INSUFFICIENT_FUNDS,0.1831636325262083,435,0,T0030481,994.44,0.4084181837368958,0,0.0,406.1473786353187,1.5,0.25,404.3973786353187,404.3973786353187,False,NO_ACTION,
BANK_DECLINE,0.2395914245624407,436,1,T0027448,1063.72,0.3802042877187796,1,1063.72,404.43090493222024,1.5,0.25,402.68090493222024,402.68090493222024,True,DELAYED_RETRY,133.0
INSUFFICIENT_FUNDS,0.1212383344883807,437,1,T0024290,712.32,0.5606191672441904,1,712.32,399.3402452113817,1.5,0.25,397.5902452113817,397.5902452113817,False,NO_ACTION,
INSUFFICIENT_FUNDS,0.2040834100026803,438,0,T0008920,992.41,0.3979582949986598,0,0.0,394.93779153962,1.5,0.25,393.18779153962,393.18779153962,True,DELAYED_RETRY,134.0
LIMIT_EXCEEDED,0.0974188523515494,439,0,T0044537,873.23,0.4512905738242252,0,0.0,394.0804677805282,1.5,0.25,392.3304677805282,392.3304677805282,False,NO_ACTION,
BANK_DECLINE,0.1268908257307505,440,1,T0020930,896.6,0.4365545871346247,1,896.6,391.4148428249045,1.5,0.25,389.6648428249045,389.6648428249045,False,NO_ACTION,
BANK_DECLINE,0.135259261936115,441,1,T0029978,903.18,0.4323703690319425,1,903.18,390.5082699022698,1.5,0.25,388.7582699022698,388.7582699022698,False,NO_ACTION,
INSUFFICIENT_FUNDS,0.0453721455386981,442,1,T0044597,744.15,0.5226860727693491,1,744.15,388.95684105131113,1.5,0.25,387.20684105131113,387.20684105131113,False,NO_ACTION,
BANK_DECLINE,0.0851969413661974,443,1,T0004847,850.16,0.4574015293169012,1,850.16,388.8644841640567,1.5,0.25,387.1144841640567,387.1144841640567,False,NO_ACTION,
INSUFFICIENT_FUNDS,0.2440635673760984,444,1,T0040700,624.2,0.6220317836880492,1,624.2,388.27223937808037,1.5,0.25,386.52223937808037,386.52223937808037,True,DELAYED_RETRY,135.0
BANK_DECLINE,0.0856619931509506,445,1,T0041719,846.45,0.4571690034245246,1,846.45,386.9707029486889,1.5,0.25,385.2207029486889,385.2207029486889,False,NO_ACTION,
BANK_DECLINE,0.1952947897097644,446,0,T0035909,961.12,0.4023526051451178,0,0.0,386.7091358570756,1.5,0.25,384.9591358570756,384.9591358570756,False,NO_ACTION,
PAYMENT_TIMEOUT,0.1995211678663604,447,0,T0016648,640.92,0.5997605839331802,0,0.0,384.39855345445386,1.5,0.25,382.64855345445386,382.64855345445386,False,NO_ACTION,
LIMIT_EXCEEDED,0.200862760704144,448,0,T0019360,959.03,0.399568619647928,0,0.0,383.1982933009524,1.5,0.25,381.4482933009524,381.4482933009524,True,DELAYED_RETRY,136.0
PAYMENT_TIMEOUT,0.2219864321812097,449,0,T0030928,621.54,0.6109932160906049,0,0.0,379.7567235289545,1.5,0.25,378.0067235289545,378.0067235289545,True,DELAYED_RETRY,137.0
INSUFFICIENT_FUNDS,0.10431693723618,450,0,T0019137,684.65,0.55215846861809,0,0.0,378.03529553937534,1.5,0.25,376.28529553937534,376.28529553937534,False,NO_ACTION,
INSUFFICIENT_FUNDS,0.0866218413869435,451,1,T0000667,695.21,0.5433109206934718,1,695.21,377.71518517530853,1.5,0.25,375.96518517530853,375.96518517530853,False,NO_ACTION,
NETWORK_ERROR,0.2235634525027803,452,0,T0000192,615.14,0.6117817262513902,0,0.0,376.3314110862801,1.5,0.25,374.5814110862801,374.5814110862801,True,DELAYED_RETRY,138.0
PAYMENT_TIMEOUT,0.239329848373458,453,0,T0019913,605.88,0.619664924186729,0,0.0,375.4425842662554,1.5,0.25,373.6925842662554,373.6925842662554,True,DELAYED_RETRY,139.0
LIMIT_EXCEEDED,0.1216819739945797,454,0,T0036572,852.16,0.4391590130027101,0,0.0,374.23374452038945,1.5,0.25,372.48374452038945,372.48374452038945,False,NO_ACTION,
BANK_DECLINE,0.2344783397447325,455,1,T0045712,977.5,0.3827608301276337,1,977.5,374.14871144976195,1.5,0.25,372.39871144976195,372.39871144976195,True,DELAYED_RETRY,140.0
INSUFFICIENT_FUNDS,0.1840747080175973,456,0,T0044928,912.46,0.4079626459912013,0,0.0,372.24959596113155,1.5,0.25,370.49959596113155,370.49959596113155,False,NO_ACTION,
NETWORK_ERROR,0.229665283042628,457,1,T0020069,604.98,0.614832641521314,1,604.98,371.96145146756453,1.5,0.25,370.21145146756453,370.21145146756453,True,DELAYED_RETRY,141.0
PAYMENT_TIMEOUT,0.3492606807077634,458,0,T0026611,545.61,0.6746303403538817,0,0.0,368.0850600004814,1.5,0.25,366.3350600004814,366.3350600004814,True,RETRY_NOW,142.0
LIMIT_EXCEEDED,0.0011468627681873,459,1,T0025050,732.93,0.4994265686159063,1,732.93,366.04471493565615,1.5,0.25,364.29471493565615,364.29471493565615,False,NO_ACTION,
INSUFFICIENT_FUNDS,0.0971673619394273,460,0,T0026617,662.72,0.5485836809697137,0,0.0,363.5573770522486,1.5,0.25,361.8073770522486,361.8073770522486,False,NO_ACTION,
INSUFFICIENT_FUNDS,0.054580647408039,461,1,T0037232,685.21,0.5272903237040195,1,685.21,361.3046027052312,1.5,0.25,359.5546027052312,359.5546027052312,False,NO_ACTION,
BANK_DECLINE,0.1139603670140281,462,0,T0006739,801.96,0.4430198164929859,0,0.0,355.28417203471497,1.5,0.25,353.53417203471497,353.53417203471497,False,NO_ACTION,
INSUFFICIENT_FUNDS,0.0994706296909839,463,1,T0034899,641.57,0.549735314845492,1,641.57,352.6936859454223,1.5,0.25,350.9436859454223,350.9436859454223,False,NO_ACTION,
NETWORK_ERROR,0.2163438748312232,464,1,T0030466,576.66,0.6081719374156116,1,576.66,350.70842943008654,1.5,0.25,348.95842943008654,348.95842943008654,True,DELAYED_RETRY,143.0
LIMIT_EXCEEDED,0.1197678953291511,465,0,T0038605,796.3,0.4401160523354244,0,0.0,350.4644124746984,1.5,0.25,348.7144124746984,348.7144124746984,False,NO_ACTION,
INSUFFICIENT_FUNDS,0.1450633106224177,466,0,T0018611,611.91,0.5725316553112089,0,0.0,350.3378452014818,1.5,0.25,348.5878452014818,348.5878452014818,False,NO_ACTION,
NETWORK_ERROR,0.2044255169195792,467,1,T0036279,580.6,0.6022127584597896,1,580.6,349.6447275617539,1.5,0.25,347.8947275617539,347.8947275617539,True,DELAYED_RETRY,144.0
INSUFFICIENT_FUNDS,0.0754485194302154,468,1,T0041660,645.37,0.5377242597151077,1,645.37,347.03110549233907,1.5,0.25,345.28110549233907,345.28110549233907,False,NO_ACTION,
PAYMENT_TIMEOUT,0.2578974859334992,469,1,T0040033,550.87,0.6289487429667496,1,550.87,346.4689940380934,1.5,0.25,344.7189940380934,344.7189940380934,True,DELAYED_RETRY,145.0
BANK_DECLINE,0.1588932884124088,470,1,T0022129,823.55,0.4205533557937956,1,823.55,346.3467161639804,1.5,0.25,344.5967161639804,344.5967161639804,False,NO_ACTION,
BANK_DECLINE,0.3890009821232956,471,0,T0042579,1124.12,0.3054995089383522,0,0.0,343.41810798778045,1.5,0.25,341.66810798778045,341.66810798778045,True,DELAYED_RETRY,146.0
BANK_DECLINE,0.0233349256493389,472,1,T0017826,702.01,0.4883325371753305,1,702.01,342.81432442245375,1.5,0.25,341.06432442245375,341.06432442245375,False,NO_ACTION,
INSUFFICIENT_FUNDS,0.0879401909303878,473,1,T0012538,624.01,0.5439700954651939,1,624.01,339.4427792712357,1.5,0.25,337.6927792712357,337.6927792712357,False,NO_ACTION,
NETWORK_ERROR,0.1547198907432245,474,1,T0004910,584.8,0.5773599453716123,1,584.8,337.6400960533188,1.5,0.25,335.8900960533188,335.8900960533188,False,NO_ACTION,
PAYMENT_TIMEOUT,0.2771503967453754,475,0,T0017950,527.85,0.6385751983726877,0,0.0,337.07191846102324,1.5,0.25,335.32191846102324,335.32191846102324,True,DELAYED_RETRY,147.0
NETWORK_ERROR,0.4550158163550458,476,1,T0037614,1224.74,0.2724920918224771,1,1224.74,333.7319645386606,1.5,0.25,331.9819645386606,331.9819645386606,True,DELAYED_RETRY,148.0
NETWORK_ERROR,0.0872091361189606,477,1,T0030460,601.56,0.5436045680594803,1,601.56,327.01076396186096,1.5,0.25,325.26076396186096,325.26076396186096,False,NO_ACTION,
BANK_DECLINE,0.1235795619913526,478,0,T0037164,742.49,0.4382102190043236,0,0.0,325.3667055085202,1.5,0.25,323.6167055085202,323.6167055085202,False,NO_ACTION,
NETWORK_ERROR,0.1047322809094574,479,1,T0022537,721.78,0.4476338595452713,1,721.78,323.0931671425859,1.5,0.25,321.3431671425859,321.3431671425859,False,NO_ACTION,
BANK_DECLINE,0.1429370009374022,480,1,T0013884,753.19,0.4285314995312989,1,753.19,322.765640131979,1.5,0.25,321.015640131979,321.015640131979,False,NO_ACTION,
NETWORK_ERROR,0.1577540934223043,481,1,T0019419,555.68,0.5788770467111521,1,555.68,321.670397316453,1.5,0.25,319.920397316453,319.920397316453,False,NO_ACTION,
BANK_DECLINE,0.1955163065238375,482,1,T0038648,799.13,0.4022418467380812,1,799.13,321.4435269838028,1.5,0.25,319.6935269838028,319.6935269838028,False,NO_ACTION,
BANK_DECLINE,0.4274992900307778,483,1,T0031813,1122.07,0.2862503549846111,1,1122.07,321.19293581758257,1.5,0.25,319.44293581758257,319.44293581758257,True,DELAYED_RETRY,149.0
BANK_DECLINE,0.1021806399798506,484,1,T0016314,711.4,0.4489096800100747,1,711.4,319.35434635916715,1.5,0.25,317.60434635916715,317.60434635916715,False,NO_ACTION,
PAYMENT_TIMEOUT,0.4166677742976925,485,1,T0022816,450.44,0.7083338871488463,1,450.44,319.0619161273263,1.5,0.25,317.3119161273263,317.3119161273263,True,RETRY_NOW,150.0
BANK_DECLINE,0.1682786014502103,486,1,T0011220,765.01,0.4158606992748948,1,765.01,318.1375935522872,1.5,0.25,316.3875935522872,316.3875935522872,False,NO_ACTION,
BANK_DECLINE,0.1736356532568101,487,1,T0005945,759.13,0.4131821733715949,1,759.13,313.65898327157885,1.5,0.25,311.90898327157885,311.90898327157885,False,NO_ACTION,
NETWORK_ERROR,0.2975992605526403,488,1,T0010183,889.34,0.3512003697236798,1,889.34,312.3365368100574,1.5,0.25,310.5865368100574,310.5865368100574,True,DELAYED_RETRY,151.0
INSUFFICIENT_FUNDS,0.0833982376882427,489,0,T0002285,574.39,0.5416991188441214,0,0.0,311.14655687287484,1.5,0.25,309.39655687287484,309.39655687287484,False,NO_ACTION,
INSUFFICIENT_FUNDS,0.1364295106427435,490,1,T0020416,541.39,0.5682147553213718,1,541.39,307.62578638343746,1.5,0.25,305.87578638343746,305.87578638343746,False,NO_ACTION,
BANK_DECLINE,0.1160348801806365,491,0,T0031682,695.02,0.4419825599096817,0,0.0,307.18671878842696,1.5,0.25,305.43671878842696,305.43671878842696,False,NO_ACTION,
BANK_DECLINE,0.1235172383192597,492,1,T0016656,695.04,0.4382413808403701,1,695.04,304.59528933929084,1.5,0.25,302.84528933929084,302.84528933929084,False,NO_ACTION,
INSUFFICIENT_FUNDS,0.0807352265780518,493,1,T0006448,560.96,0.5403676132890259,1,560.96,303.12461635061203,1.5,0.25,301.37461635061203,301.37461635061203,False,NO_ACTION,
INSUFFICIENT_FUNDS,0.139551756879295,494,1,T0009904,530.34,0.5697758784396475,1,530.34,302.1749393716827,1.5,0.25,300.4249393716827,300.4249393716827,False,NO_ACTION,
LIMIT_EXCEEDED,0.1586924436520845,495,1,T0010756,716.96,0.4206537781739577,1,716.96,301.5919327996007,1.5,0.25,299.8419327996007,299.8419327996007,False,NO_ACTION,
BANK_DECLINE,0.1348022058619125,496,1,T0014761,695.54,0.4325988970690437,1,695.54,300.88983686740266,1.5,0.25,299.13983686740266,299.13983686740266,False,NO_ACTION,
BANK_DECLINE,0.0819068992958128,497,1,T0034482,654.79,0.4590465503520936,1,654.79,300.57909070504735,1.5,0.25,298.82909070504735,298.82909070504735,False,NO_ACTION,
BANK_DECLINE,0.1419473385376017,498,1,T0019997,697.51,0.4290263307311991,1,697.51,299.2501559483187,1.5,0.25,297.5001559483187,297.5001559483187,False,NO_ACTION,
INSUFFICIENT_FUNDS,0.0579176695718905,499,0,T0021313,564.77,0.5289588347859453,0,0.0,298.7400811220583,1.5,0.25,296.9900811220583,296.9900811220583,False,NO_ACTION,
PAYMENT_TIMEOUT,0.2491082420279746,500,1,T0042549,475.94,0.6245541210139873,1,475.94,297.2502883553971,1.5,0.25,295.5002883553971,295.5002883553971,True,DELAYED_RETRY,152.0
BANK_DECLINE,0.2407654786262136,501,0,T0029092,780.83,0.3796172606868931,0,0.0,296.41654566214675,1.5,0.25,294.66654566214675,294.66654566214675,True,DELAYED_RETRY,153.0
LIMIT_EXCEEDED,0.0370633792688709,502,1,T0010789,614.39,0.4814683103655645,1,614.39,295.80931520549916,1.5,0.25,294.05931520549916,294.05931520549916,False,NO_ACTION,
BANK_DECLINE,0.1904987967749164,503,0,T0028119,720.76,0.4047506016125418,0,0.0,291.72804361825564,1.5,0.25,289.97804361825564,289.97804361825564,False,NO_ACTION,
BANK_DECLINE,0.2448906988415902,504,0,T0028429,765.39,0.3775546505792049,0,0.0,288.97655400681765,1.5,0.25,287.22655400681765,287.22655400681765,True,DELAYED_RETRY,154.0
INSUFFICIENT_FUNDS,0.105565500848334,505,1,T0014810,518.56,0.552782750424167,1,518.56,286.651023059956,1.5,0.25,284.901023059956,284.901023059956,False,NO_ACTION,
NETWORK_ERROR,0.1946797283034151,506,1,T0015931,476.58,0.5973398641517076,1,476.58,284.6802324574208,1.5,0.25,282.9302324574208,282.9302324574208,False,NO_ACTION,
INSUFFICIENT_FUNDS,0.1145528578485768,507,1,T0006144,503.45,0.5572764289242884,1,503.45,280.560818141933,1.5,0.25,278.810818141933,278.810818141933,False,NO_ACTION,
NETWORK_ERROR,0.1725282304551039,508,1,T0012291,477.65,0.586264115227552,1,477.65,280.0290546384402,1.5,0.25,278.2790546384402,278.2790546384402,False,NO_ACTION,
NETWORK_ERROR,0.226360324646015,509,1,T0012720,455.06,0.6131801623230075,1,455.06,279.03376466670784,1.5,0.25,277.28376466670784,277.28376466670784,True,DELAYED_RETRY,155.0
NETWORK_ERROR,0.0315955848873259,510,1,T0017842,521.56,0.515797792443663,1,521.56,269.0194966269168,1.5,0.25,267.2694966269168,267.2694966269168,False,NO_ACTION,
BANK_DECLINE,0.107429044470201,511,0,T0021006,600.41,0.4462854777648994,0,0.0,267.95426370482323,1.5,0.25,266.20426370482323,266.20426370482323,False,NO_ACTION,
NETWORK_ERROR,0.2125985379839754,512,1,T0032633,439.8,0.6062992689919877,1,439.8,266.6504185026762,1.5,0.25,264.9004185026762,264.9004185026762,True,DELAYED_RETRY,156.0
BANK_DECLINE,0.1215736553246398,513,1,T0030981,606.82,0.4392131723376801,1,606.82,266.52333723795107,1.5,0.25,264.77333723795107,264.77333723795107,False,NO_ACTION,
BANK_DECLINE,0.1732168625659147,514,1,T0022581,642.01,0.4133915687170426,1,642.01,265.4015210320285,1.5,0.25,263.6515210320285,263.6515210320285,False,NO_ACTION,
NETWORK_ERROR,0.0621836587150617,515,0,T0004637,564.45,0.4689081706424691,0,0.0,264.6752169191417,1.5,0.25,262.9252169191417,262.9252169191417,False,NO_ACTION,
BANK_DECLINE,0.1773331074643258,516,1,T0014571,641.17,0.4113334462678371,1,641.17,263.7346657435491,1.5,0.25,261.9846657435491,261.9846657435491,False,NO_ACTION,
BANK_DECLINE,0.1958393567045583,517,0,T0028520,653.51,0.4020803216477208,0,0.0,262.763511000002,1.5,0.25,261.013511000002,261.013511000002,False,NO_ACTION,
NETWORK_ERROR,0.1032648899347068,518,1,T0027560,466.83,0.5516324449673534,1,466.83,257.5185742841096,1.5,0.25,255.7685742841096,255.7685742841096,False,NO_ACTION,
NETWORK_ERROR,0.451589991682268,519,0,T0037771,936.07,0.274205004158866,0,0.0,256.67507824298974,1.5,0.25,254.92507824298974,254.92507824298974,True,DELAYED_RETRY,157.0
BANK_DECLINE,0.3566027156578347,520,1,T0031500,795.89,0.3216986421710826,1,795.89,256.03673231754294,1.5,0.25,254.28673231754294,254.28673231754294,True,DELAYED_RETRY,158.0
NETWORK_ERROR,0.1680458293484408,521,1,T0034584,436.71,0.5840229146742204,1,436.71,255.0486470673788,1.5,0.25,253.2986470673788,253.2986470673788,False,NO_ACTION,
NETWORK_ERROR,0.3451380583422482,522,1,T0033862,759.17,0.3274309708288759,1,759.17,248.5757701241577,1.5,0.25,246.8257701241577,246.8257701241577,True,DELAYED_RETRY,159.0
LIMIT_EXCEEDED,0.1053268310338697,523,1,T0018843,553.95,0.4473365844830651,1,553.95,247.80210097439394,1.5,0.25,246.05210097439394,246.05210097439394,False,NO_ACTION,
LIMIT_EXCEEDED,0.0640904794917767,524,0,T0026881,517.86,0.4679547602541116,0,0.0,242.33505214519423,1.5,0.25,240.58505214519423,240.58505214519423,False,NO_ACTION,
INSUFFICIENT_FUNDS,0.1259444120872241,525,0,T0027948,423.79,0.5629722060436121,0,0.0,238.5819911992224,1.5,0.25,236.8319911992224,236.8319911992224,False,NO_ACTION,
NETWORK_ERROR,0.0867981185712329,526,1,T0027304,430.14,0.5433990592856165,1,430.14,233.73767136111508,1.5,0.25,231.98767136111508,231.98767136111508,False,NO_ACTION,
INSUFFICIENT_FUNDS,0.2362760491016698,527,0,T0019516,607.12,0.381861975449165,0,0.0,231.83604253469707,1.5,0.25,230.08604253469707,230.08604253469707,True,DELAYED_RETRY,160.0
NETWORK_ERROR,0.1927778546507512,528,1,T0045263,378.61,0.5963889273253756,1,378.61,225.79881177466046,1.5,0.25,224.04881177466046,224.04881177466046,False,NO_ACTION,
BANK_DECLINE,0.0650805038557582,529,1,T0010693,479.53,0.4674597480721209,1,479.53,224.1609729930241,1.5,0.25,222.4109729930241,222.4109729930241,False,NO_ACTION,
BANK_DECLINE,0.2580321841491486,530,0,T0020397,601.75,0.3709839079254257,0,0.0,223.2395665941249,1.5,0.25,221.4895665941249,221.4895665941249,True,DELAYED_RETRY,161.0
NETWORK_ERROR,0.1886815090642948,531,1,T0029955,373.36,0.5943407545321474,1,373.36,221.90306411212256,1.5,0.25,220.15306411212256,220.15306411212256,False,NO_ACTION,
NETWORK_ERROR,0.1789353419906156,532,1,T0036986,375.2,0.5894676709953078,1,375.2,221.16827015743948,1.5,0.25,219.41827015743948,219.41827015743948,False,NO_ACTION,
INSUFFICIENT_FUNDS,0.0761180547961932,533,1,T0008618,406.05,0.5380590273980966,1,406.05,218.47886807499714,1.5,0.25,216.72886807499714,216.72886807499714,False,NO_ACTION,
NETWORK_ERROR,0.1885193991037355,534,0,T0018355,365.31,0.5942596995518677,0,0.0,217.0890108432928,1.5,0.25,215.3390108432928,215.3390108432928,False,NO_ACTION,
INSUFFICIENT_FUNDS,0.1205258392996017,535,1,T0035129,476.71,0.4397370803501991,1,476.71,209.6270635737434,1.5,0.25,207.8770635737434,207.8770635737434,False,NO_ACTION,
PAYMENT_TIMEOUT,0.2103428169020553,536,1,T0022042,337.94,0.6051714084510277,1,337.94,204.5116257719403,1.5,0.25,202.7616257719403,202.7616257719403,True,DELAYED_RETRY,162.0
LIMIT_EXCEEDED,0.2995165791308442,537,1,T0042375,579.72,0.3502417104345779,1,579.72,203.0421243731335,1.5,0.25,201.2921243731335,201.2921243731335,True,DELAYED_RETRY,163.0
LIMIT_EXCEEDED,0.1765995856368376,538,0,T0023498,484.89,0.4117002071815812,0,0.0,199.6293134602769,1.5,0.25,197.8793134602769,197.8793134602769,False,NO_ACTION,
BANK_DECLINE,0.1172863673699576,539,0,T0042809,446.49,0.4413568163150211,0,0.0,197.06140491649379,1.5,0.25,195.31140491649379,195.31140491649379,False,NO_ACTION,
INSUFFICIENT_FUNDS,0.0825130281214003,540,1,T0035863,362.46,0.5412565140607002,1,362.46,196.18383608644137,1.5,0.25,194.43383608644137,194.43383608644137,False,NO_ACTION,
LIMIT_EXCEEDED,0.1669360325761688,541,0,T0030704,462.25,0.4165319837119156,0,0.0,192.54190947083296,1.5,0.25,190.79190947083296,190.79190947083296,False,NO_ACTION,
BANK_DECLINE,0.0744727709959869,542,0,T0030786,415.77,0.4627636145020065,0,0.0,192.40322800149923,1.5,0.25,190.65322800149923,190.65322800149923,False,NO_ACTION,
BANK_DECLINE,0.1943073517551388,543,1,T0018217,476.02,0.4028463241224306,1,476.02,191.7629072087594,1.5,0.25,190.0129072087594,190.0129072087594,False,NO_ACTION,
LIMIT_EXCEEDED,0.0675203190493957,544,1,T0014339,405.46,0.4662398404753021,1,405.46,189.04160571911598,1.5,0.25,187.29160571911598,187.29160571911598,False,NO_ACTION,
PAYMENT_TIMEOUT,0.2867955782812259,545,1,T0001904,291.86,0.643397789140613,1,291.86,187.78207873857932,1.5,0.25,186.03207873857932,186.03207873857932,True,DELAYED_RETRY,164.0
NETWORK_ERROR,0.1526565668286699,546,0,T0004409,321.38,0.576328283414335,0,0.0,185.22038372369897,1.5,0.25,183.47038372369897,183.47038372369897,False,NO_ACTION,
BANK_DECLINE,0.1971829674679311,547,1,T0009771,461.34,0.4014085162660344,1,461.34,185.1858048941723,1.5,0.25,183.4358048941723,183.4358048941723,False,NO_ACTION,
INSUFFICIENT_FUNDS,0.0099646760184239,548,0,T0041443,364.47,0.504982338009212,0,0.0,184.05091273421752,1.5,0.25,182.30091273421752,182.30091273421752,False,NO_ACTION,
NETWORK_ERROR,0.1473892003492416,549,1,T0002288,320.46,0.5736946001746208,1,320.46,183.84617157195896,1.5,0.25,182.09617157195896,182.09617157195896,False,NO_ACTION,
BANK_DECLINE,0.1589933622073571,550,1,T0044092,426.11,0.4205033188963214,1,426.11,179.18066921491152,1.5,0.25,177.43066921491152,177.43066921491152,False,NO_ACTION,
INSUFFICIENT_FUNDS,0.0764567383709449,551,0,T0002672,327.4,0.5382283691854725,0,0.0,176.21596807132366,1.5,0.25,174.46596807132366,174.46596807132366,False,NO_ACTION,
NETWORK_ERROR,0.1634440851355336,552,1,T0000191,300.35,0.5817220425677668,1,300.35,174.72021548522878,1.5,0.25,172.97021548522878,172.97021548522878,False,NO_ACTION,
BANK_DECLINE,0.1189050187339595,553,0,T0044793,386.63,0.4405474906330202,0,0.0,170.3288763034446,1.5,0.25,168.5788763034446,168.5788763034446,False,NO_ACTION,
INSUFFICIENT_FUNDS,0.2116898496879784,554,0,T0019367,280.39,0.6058449248439892,0,0.0,169.87285847700613,1.5,0.25,168.12285847700613,168.12285847700613,True,DELAYED_RETRY,165.0
PAYMENT_TIMEOUT,0.2871242825806788,555,1,T0025822,249.46,0.6435621412903394,1,249.46,160.54301176628806,1.5,0.25,158.79301176628806,158.79301176628806,True,DELAYED_RETRY,166.0
NETWORK_ERROR,0.2760601505960494,556,1,T0019001,250.75,0.6380300752980247,1,250.75,159.98604138097969,1.5,0.25,158.23604138097969,158.23604138097969,True,DELAYED_RETRY,167.0
BANK_DECLINE,0.5043599470745277,557,0,T0005658,628.72,0.2478200264627361,0,0.0,155.80940703765145,1.5,0.25,154.05940703765145,154.05940703765145,True,DELAYED_RETRY,168.0
BANK_DECLINE,0.1835276053549236,558,0,T0001558,374.45,0.4082361973225382,0,0.0,152.86404408742442,1.5,0.25,151.11404408742442,151.11404408742442,False,NO_ACTION,
BANK_DECLINE,0.1117111420111707,559,1,T0016052,338.92,0.4441444289944146,1,338.92,150.52942987478698,1.5,0.25,148.77942987478698,148.77942987478698,False,NO_ACTION,
BANK_DECLINE,0.1661854870095354,560,0,T0041575,357.06,0.4169072564952323,0,0.0,148.86090500418766,1.5,0.25,147.11090500418766,147.11090500418766,False,NO_ACTION,
INSUFFICIENT_FUNDS,0.0191063598791388,561,1,T0017955,279.47,0.4904468200604305,1,279.47,137.06517280228852,1.5,0.25,135.31517280228852,135.31517280228852,False,NO_ACTION,
NETWORK_ERROR,0.1089712981908612,562,0,T0039103,242.71,0.5544856490954306,0,0.0,134.57921189195199,1.5,0.25,132.82921189195199,132.82921189195199,False,NO_ACTION,
NETWORK_ERROR,0.1386837763911752,563,1,T0015600,230.4,0.5693418881955876,1,230.4,131.1763710402634,1.5,0.25,129.4263710402634,129.4263710402634,False,NO_ACTION,
BANK_DECLINE,0.1498269893365009,564,0,T0014645,304.35,0.4250865053317495,0,0.0,129.37507789771797,1.5,0.25,127.62507789771797,127.62507789771797,False,NO_ACTION,
INSUFFICIENT_FUNDS,0.057810036593008,565,1,T0035860,243.65,0.528905018296504,1,243.65,128.86770770794323,1.5,0.25,127.11770770794323,127.11770770794323,False,NO_ACTION,
BANK_DECLINE,0.4146572724580477,566,0,T0004475,429.62,0.2926713637709761,0,0.0,125.73747130328674,1.5,0.25,123.98747130328674,123.98747130328674,True,DELAYED_RETRY,169.0
BANK_DECLINE,0.040787365942846,567,1,T0028832,257.66,0.479606317028577,1,257.66,123.57536364558315,1.5,0.25,121.82536364558315,121.82536364558315,False,NO_ACTION,
BANK_DECLINE,0.1870255766137859,568,0,T0029260,302.98,0.406487211693107,0,0.0,123.15749539877756,1.5,0.25,121.40749539877756,121.40749539877756,False,NO_ACTION,
INSUFFICIENT_FUNDS,0.1128102078447517,569,1,T0017251,208.77,0.5564051039223759,1,208.77,116.16069354587441,1.5,0.25,114.41069354587441,114.41069354587441,False,NO_ACTION,
BANK_DECLINE,0.5287354433684863,570,1,T0016502,492.75,0.2356322783157568,1,492.75,116.10780514008917,1.5,0.25,114.35780514008917,114.35780514008917,True,DELAYED_RETRY,170.0
INSUFFICIENT_FUNDS,0.2088610182333015,571,0,T0001103,278.71,0.3955694908833492,0,0.0,110.24917280409825,1.5,0.25,108.49917280409825,108.49917280409825,True,DELAYED_RETRY,171.0
INSUFFICIENT_FUNDS,0.770818573651065,572,0,T0004058,956.35,0.1145907131744675,0,0.0,109.588828544402,1.5,0.25,107.838828544402,107.838828544402,True,DELAYED_RETRY,172.0
INSUFFICIENT_FUNDS,0.0197848893732751,573,0,T0037538,220.56,0.4901075553133624,0,0.0,108.09812239991521,1.5,0.25,106.34812239991521,106.34812239991521,False,NO_ACTION,
INSUFFICIENT_FUNDS,0.0344295806423737,574,1,T0008860,205.28,0.5172147903211869,1,205.28,106.17385215713324,1.5,0.25,104.42385215713324,104.42385215713324,False,NO_ACTION,
BANK_DECLINE,0.0677543891188579,575,1,T0034892,221.27,0.466122805440571,1,221.27,103.13899315983515,1.5,0.25,101.38899315983515,101.38899315983515,False,NO_ACTION,
INSUFFICIENT_FUNDS,0.0152450107960282,576,0,T0040635,194.97,0.5076225053980141,0,0.0,98.97115987745082,1.5,0.25,97.22115987745082,97.22115987745082,False,NO_ACTION,
LIMIT_EXCEEDED,0.1559372321533854,577,0,T0040793,199.48,0.4220313839233073,0,0.0,84.18682046502134,1.5,0.25,82.43682046502134,82.43682046502134,False,NO_ACTION,
INSUFFICIENT_FUNDS,0.1495354676856595,578,1,T0008036,197.03,0.4252322661571702,1,197.03,83.78351340094724,1.5,0.25,82.03351340094724,82.03351340094724,False,NO_ACTION,
NETWORK_ERROR,0.7391868684910934,579,0,T0004593,550.79,0.1304065657544532,0,0.0,71.82663235189527,1.5,0.25,70.07663235189527,70.07663235189527,True,DELAYED_RETRY,173.0
NETWORK_ERROR,0.1486640540879873,580,1,T0045469,110.46,0.5743320270439937,1,110.46,63.44071570727954,1.5,0.25,61.69071570727954,61.69071570727954,False,NO_ACTION,
NETWORK_ERROR,0.1875209295827955,581,1,T0002337,103.68,0.5937604647913978,1,103.68,61.56108498957212,1.5,0.25,59.81108498957212,59.81108498957212,False,NO_ACTION,
