transaction_id,amount,failure_reason,historical_transaction_count,historical_success_rate,transactions_last_7d,failed_payments_last_7d,failure_rate_last_7d,avg_amount_last_7d,failure_streak,recovery_probability,confidence,expected_recovery,recovery_rank,actual_recovered,recovered_amount
T0022306,26703.03,LIMIT_EXCEEDED,26,0.8846153846153846,7.0,1.0,0.1428571428571428,2021.2571428571428,1,0.34325468566131423,0.31349062867737154,9165.940168854644,1,1,26703.03
T0026878,12853.93,PAYMENT_TIMEOUT,57,0.912280701754386,18.0,1.0,0.0555555555555555,1704.225,1,0.6599279938780305,0.31985598775606094,8482.668238348633,2,1,12853.93
T0000835,9567.33,PAYMENT_TIMEOUT,46,0.9347826086956522,24.0,0.0,0.0,2186.3616666666667,1,0.6924871494467064,0.38497429889341284,6625.253079515957,3,1,9567.33
T0038230,11837.46,NETWORK_ERROR,5,1.0,5.0,0.0,0.0,1881.798,1,0.5336415544564067,0.06728310891281342,6316.960555215535,4,1,11837.46
T0032751,13412.25,INSUFFICIENT_FUNDS,12,0.9166666666666666,7.0,1.0,0.1428571428571428,2971.312857142857,1,0.4587827320453022,0.08243453590939565,6153.308697874604,5,1,13412.25
T0007170,10058.29,PAYMENT_TIMEOUT,4,1.0,4.0,0.0,0.0,3179.8825,1,0.5950646718849923,0.1901293437699847,5985.3330385741,6,0,0.0
T0019894,11801.87,BANK_DECLINE,38,0.9736842105263158,11.0,0.0,0.0,1525.7427272727275,1,0.4340136618784932,0.13197267624301356,5122.172815713933,7,1,11801.87
T0014488,9490.22,NETWORK_ERROR,5,1.0,5.0,0.0,0.0,1539.178,1,0.5376191914477411,0.07523838289548213,5102.124403061181,8,0,0.0
T0041621,8270.53,PAYMENT_TIMEOUT,8,1.0,8.0,0.0,0.0,2220.345,1,0.6145357949947704,0.2290715899895408,5082.5367285780985,9,1,8270.53
T0038663,20646.44,BANK_DECLINE,30,0.7666666666666667,15.0,5.0,0.3333333333333333,2295.427333333333,2,0.2459145887381636,0.5081708225236727,5077.26080150717,10,0,0.0
T0012356,10751.67,BANK_DECLINE,46,0.9565217391304348,11.0,0.0,0.0,1658.023636363636,1,0.44140760304324905,0.1171847939135019,4745.868883412009,11,1,10751.67
T0039243,10270.54,BANK_DECLINE,22,0.9545454545454546,21.0,1.0,0.0476190476190476,1475.997619047619,1,0.45438912804205284,0.09122174391589433,4666.821715121026,12,1,10270.54
T0031286,9521.22,BANK_DECLINE,15,1.0,15.0,0.0,0.0,1610.716,1,0.4391937571875489,0.12161248562490223,4181.660384809234,13,0,0.0
T0011868,10458.95,BANK_DECLINE,35,0.9142857142857144,9.0,1.0,0.1111111111111111,2086.9911111111114,1,0.3948181470127104,0.2103637059745792,4129.383258698587,14,1,10458.95
T0034332,5766.06,PAYMENT_TIMEOUT,56,0.9464285714285714,22.0,3.0,0.1363636363636363,2663.949090909091,1,0.6790613679560724,0.35812273591214483,3915.5085913167914,15,1,5766.06
T0014941,5939.97,PAYMENT_TIMEOUT,26,1.0,13.0,0.0,0.0,1982.02,1,0.6500377360373243,0.3000754720746486,3861.204650929625,16,1,5939.97
T0014445,9629.4,LIMIT_EXCEEDED,36,0.9444444444444444,8.0,1.0,0.125,1255.2612499999998,1,0.394818372962938,0.21036325407412404,3801.864040609315,17,0,0.0
T0033473,6449.65,INSUFFICIENT_FUNDS,32,0.90625,17.0,1.0,0.0588235294117647,2077.7435294117645,1,0.553570316070259,0.10714063214051794,3570.3347890425457,18,1,6449.65
T0034060,10016.59,INSUFFICIENT_FUNDS,7,0.8571428571428571,7.0,1.0,0.1428571428571428,1714.98,2,0.3441637606847962,0.3116724786304076,3447.3472836377227,19,1,10016.59
T0018044,5641.17,NETWORK_ERROR,35,0.9714285714285714,7.0,0.0,0.0,1629.8814285714286,1,0.5745428075978803,0.1490856151957607,3241.0936499369345,20,1,5641.17
T0022168,6466.34,INSUFFICIENT_FUNDS,25,0.92,9.0,1.0,0.1111111111111111,2615.6944444444443,1,0.5011056884215934,0.002211376843186841,3240.3197572680865,21,1,6466.34
T0038652,8636.8,LIMIT_EXCEEDED,29,0.7931034482758621,14.0,4.0,0.2857142857142857,1842.472142857143,1,0.3746778133938617,0.2506443732122766,3236.0173387201044,22,0,0.0
T0034611,5469.4,NETWORK_ERROR,40,0.95,10.0,0.0,0.0,2343.44,1,0.5907946489374517,0.1815892978749034,3231.292252898498,23,1,5469.4
T0017466,5768.13,NETWORK_ERROR,27,0.925925925925926,9.0,1.0,0.1111111111111111,1831.315555555556,1,0.5437852483931201,0.08757049678624029,3136.6240048138084,24,0,0.0
T0007949,4973.81,PAYMENT_TIMEOUT,45,0.9111111111111112,10.0,1.0,0.1,1595.354,1,0.6230417119144172,0.2460834238288343,3098.8910971370474,25,1,4973.81
T0023546,9465.34,LIMIT_EXCEEDED,16,0.6875,11.0,4.0,0.3636363636363636,2062.610909090909,1,0.3234810233299963,0.3530379533400074,3061.857869366347,26,1,9465.34
T0026292,4568.22,NETWORK_ERROR,57,0.9824561403508772,27.0,0.0,0.0,2102.2444444444445,1,0.6697928981701375,0.3395857963402751,3059.761313278786,27,1,4568.22
T0019706,4802.65,NETWORK_ERROR,48,0.8958333333333334,20.0,0.0,0.0,2350.818,1,0.6326804838190164,0.26536096763803285,3038.542925613399,28,1,4802.65
T0011826,4436.97,PAYMENT_TIMEOUT,37,0.972972972972973,17.0,0.0,0.0,2513.9205882352944,1,0.6744202868158924,0.3488405736317848,2992.3825799935103,29,1,4436.97
T0005295,4928.56,NETWORK_ERROR,14,1.0,14.0,0.0,0.0,2437.7414285714285,1,0.5917355317625158,0.18347106352503162,2916.404072423465,30,1,4928.56
T0005715,6531.21,BANK_DECLINE,36,0.9444444444444444,15.0,1.0,0.0666666666666666,2678.703333333333,1,0.44504540331263026,0.10990919337473948,2906.6849885694837,31,0,0.0
T0045321,5159.02,NETWORK_ERROR,33,0.9090909090909092,5.0,0.0,0.0,1641.956,1,0.5619537717799119,0.12390754355982381,2899.1307476880015,32,1,5159.02
T0007824,6529.86,INSUFFICIENT_FUNDS,10,0.8,5.0,1.0,0.2,3256.31,1,0.43754475729823467,0.12491048540353067,2857.1060088914505,33,0,0.0
T0032003,4222.16,PAYMENT_TIMEOUT,43,0.9767441860465116,17.0,0.0,0.0,1299.6276470588234,1,0.676245375669082,0.3524907513381641,2855.2161753349715,34,1,4222.16
T0012051,4494.92,NETWORK_ERROR,52,1.0,14.0,0.0,0.0,1810.9764285714289,1,0.618869446770873,0.23773889354174593,2781.768653679332,35,0,0.0
T0042526,6160.93,BANK_DECLINE,37,0.972972972972973,11.0,0.0,0.0,2105.5272727272727,1,0.44635999824296446,0.10728000351407108,2749.9927039750273,36,1,6160.93
T0037912,5740.47,BANK_DECLINE,57,0.912280701754386,16.0,1.0,0.0625,1969.313125,1,0.4639761526551749,0.07204769468965022,2663.441185032452,37,1,5740.47
T0034042,4600.71,NETWORK_ERROR,40,0.9,11.0,1.0,0.0909090909090909,3184.205454545454,1,0.5724095882435771,0.14481917648715426,2633.4905167281077,38,1,4600.71
T0009420,6727.76,BANK_DECLINE,2,1.0,2.0,0.0,0.0,4303.115,1,0.39131657401846737,0.21736685196306527,2632.683994018484,39,1,6727.76
T0029592,4308.03,NETWORK_ERROR,36,0.9444444444444444,17.0,2.0,0.1176470588235294,2381.9423529411765,1,0.5923061207237348,0.18461224144746957,2551.672537261471,40,0,0.0
T0016065,3864.42,PAYMENT_TIMEOUT,16,1.0,16.0,0.0,0.0,2033.581875,1,0.6580829251813127,0.31616585036262546,2543.1088177291685,41,0,0.0
T0008556,4692.25,INSUFFICIENT_FUNDS,30,0.9333333333333332,13.0,1.0,0.0769230769230769,2536.6930769230767,1,0.5367904543475717,0.07358090869514333,2518.755009412393,42,0,0.0
T0001623,4475.23,NETWORK_ERROR,21,0.9523809523809524,4.0,0.0,0.0,1627.9474999999998,1,0.5531976800175946,0.10639536003518923,2475.68685354514,43,1,4475.23
T0005039,5727.91,BANK_DECLINE,18,1.0,9.0,0.0,0.0,2375.51,1,0.4275079915372807,0.1449840169254386,2448.7272998063054,44,1,5727.91
T0022423,4379.85,INSUFFICIENT_FUNDS,28,0.9285714285714286,18.0,2.0,0.1111111111111111,2256.9444444444443,1,0.5502224067786585,0.10044481355731705,2409.8916083295076,45,1,4379.85
T0034352,3856.22,NETWORK_ERROR,65,0.9230769230769232,21.0,4.0,0.1904761904761904,3161.681904761905,1,0.6201155223497128,0.24023104469942558,2391.3018795954094,46,1,3856.22
T0033814,3776.6,PAYMENT_TIMEOUT,19,1.0,6.0,0.0,0.0,2910.0166666666664,1,0.6254866286270899,0.25097325725417985,2362.2128016730676,47,1,3776.6
T0004825,4300.34,NETWORK_ERROR,5,1.0,5.0,0.0,0.0,1227.292,1,0.5475719373676434,0.09514387473528685,2354.745505139572,48,1,4300.34
T0017254,3815.13,PAYMENT_TIMEOUT,5,1.0,5.0,0.0,0.0,1121.2379999999998,1,0.6069349046238178,0.21386980924763566,2315.5355626774663,49,1,3815.13
T0008276,3695.33,PAYMENT_TIMEOUT,25,0.96,11.0,1.0,0.0909090909090909,3276.666363636364,1,0.6251163262826447,0.25023265256528937,2310.0111140020454,50,0,0.0
T0010198,4987.96,BANK_DECLINE,32,1.0,15.0,0.0,0.0,2115.218666666666,1,0.4628317654539224,0.07433646909215519,2308.586332813547,51,1,4987.96
T0002140,5450.57,BANK_DECLINE,14,1.0,7.0,0.0,0.0,2921.1071428571427,1,0.4186292406996428,0.1627415186007144,2281.767980480252,52,0,0.0
T0020222,4322.65,INSUFFICIENT_FUNDS,27,0.925925925925926,12.0,1.0,0.0833333333333333,1860.3175,1,0.5268304985171657,0.05366099703433136,2277.303854415226,53,1,4322.65
T0021895,3974.88,NETWORK_ERROR,9,1.0,9.0,0.0,0.0,2702.1744444444444,1,0.5710221741335135,0.14204434826702705,2269.7446195198204,54,0,0.0
T0020862,5537.97,BANK_DECLINE,17,0.9411764705882352,6.0,0.0,0.0,1301.09,1,0.4086783522356417,0.1826432955287166,2263.2484543304167,55,1,5537.97
T0041250,3761.39,NETWORK_ERROR,50,0.96,10.0,0.0,0.0,1572.807,1,0.6003157745549079,0.20063154910981584,2258.021751253085,56,1,3761.39
T0006659,5457.57,BANK_DECLINE,35,0.8285714285714286,17.0,4.0,0.2352941176470588,2239.6705882352944,1,0.4102589046152505,0.179482190769499,2239.0166900610525,57,1,5457.57
T0015518,4975.57,LIMIT_EXCEEDED,45,0.9777777777777776,13.0,1.0,0.0769230769230769,1820.342307692308,1,0.4499772724616433,0.10004545507671336,2238.8934175419786,58,1,4975.57
T0016179,4098.16,INSUFFICIENT_FUNDS,27,0.9629629629629628,10.0,0.0,0.0,3148.1359999999995,1,0.5461264626477914,0.09225292529558282,2238.1136241646727,59,1,4098.16
T0036036,4342.18,INSUFFICIENT_FUNDS,23,0.9130434782608696,10.0,1.0,0.1,3596.229,1,0.513871235865622,0.027742471731244,2231.321402950987,60,0,0.0
T0017271,5035.89,BANK_DECLINE,17,0.9411764705882352,17.0,1.0,0.0588235294117647,1955.5776470588237,1,0.4421488317775444,0.11570233644491124,2226.612880460218,61,1,5035.89
T0022056,3873.91,NETWORK_ERROR,28,0.8928571428571429,8.0,0.0,0.0,2011.7625,1,0.5725640259734103,0.14512805194682055,2218.0615058586536,62,1,3873.91
T0020800,3505.26,PAYMENT_TIMEOUT,31,0.935483870967742,6.0,0.0,0.0,1637.345,1,0.627323636652685,0.25464727330536996,2198.9324506131907,63,0,0.0
T0041351,3396.35,PAYMENT_TIMEOUT,16,1.0,12.0,0.0,0.0,2791.120833333333,1,0.6461800034616649,0.29236000692332986,2194.6534547570254,64,1,3396.35
T0001218,3722.97,INSUFFICIENT_FUNDS,45,0.9555555555555556,14.0,0.0,0.0,2190.6564285714285,1,0.5733799489369964,0.1467598978739928,2134.6763484939693,65,1,3722.97
T0036675,3451.27,NETWORK_ERROR,42,0.9523809523809524,20.0,2.0,0.1,1901.0975000000003,1,0.6149104696225893,0.22982093924517866,2122.2220564943536,66,1,3451.27
T0002965,4775.68,BANK_DECLINE,13,1.0,13.0,0.0,0.0,2922.5746153846158,1,0.44296693826838895,0.11406612346322209,2115.46834774958,67,1,4775.68
T0029724,5312.11,LIMIT_EXCEEDED,3,1.0,3.0,0.0,0.0,1732.5233333333333,1,0.3982075702976819,0.20358485940463622,2115.3224162540187,68,1,5312.11
T0010979,3526.31,NETWORK_ERROR,38,0.9473684210526316,15.0,1.0,0.0666666666666666,2038.2793333333327,1,0.5967851770051511,0.1935703540103022,2104.4495375250344,69,1,3526.31
T0041150,3964.47,INSUFFICIENT_FUNDS,26,0.8846153846153846,12.0,1.0,0.0833333333333333,1842.168333333333,1,0.5239365905053054,0.04787318101061078,2077.1308949605677,70,1,3964.47
T0035132,3389.91,NETWORK_ERROR,40,0.825,17.0,0.0,0.0,1752.4429411764704,1,0.6122646315080077,0.2245292630160154,2075.5219969953105,71,1,3389.91
T0037656,3488.31,NETWORK_ERROR,18,1.0,13.0,0.0,0.0,1516.579230769231,1,0.5913512597710879,0.18270251954217587,2062.8165129720837,72,1,3488.31
T0035080,3682.97,INSUFFICIENT_FUNDS,23,0.9565217391304348,18.0,1.0,0.0555555555555555,1172.586111111111,1,0.5585445219861277,0.11708904397225539,2057.1027181392487,73,1,3682.97
T0000615,4415.97,LIMIT_EXCEEDED,57,0.9649122807017544,16.0,2.0,0.125,3098.4475,1,0.46556877412759934,0.06886245174480132,2055.937739484255,74,0,0.0
T0020328,4929.51,BANK_DECLINE,10,1.0,7.0,0.0,0.0,1708.5314285714285,1,0.41356879677046954,0.17286240645906092,2038.6915193679974,75,0,0.0
T0022376,4040.65,LIMIT_EXCEEDED,49,0.9591836734693876,24.0,2.0,0.0833333333333333,1909.135,1,0.5027036401872765,0.0054072803745530695,2031.249463722719,76,1,4040.65
T0042949,3438.61,NETWORK_ERROR,12,1.0,12.0,0.0,0.0,2549.9758333333334,1,0.5857538579661165,0.1715077159322329,2014.1790735408679,77,0,0.0
T0006189,3562.58,INSUFFICIENT_FUNDS,19,0.9473684210526316,19.0,1.0,0.0526315789473684,1404.7810526315789,1,0.560687589746752,0.12137517949350407,1997.4943934799837,78,0,0.0
T0002330,3089.91,PAYMENT_TIMEOUT,19,0.9473684210526316,13.0,0.0,0.0,1386.0484615384617,1,0.6458327531579805,0.291665506315961,1995.5650823103754,79,1,3089.91
T0004390,3570.26,INSUFFICIENT_FUNDS,46,0.8913043478260869,14.0,1.0,0.0714285714285714,2271.495,1,0.5535451464447997,0.10709029288959937,1976.3000945460105,80,1,3570.26
T0024285,4329.66,LIMIT_EXCEEDED,27,0.925925925925926,17.0,1.0,0.0588235294117647,1587.1347058823528,1,0.45542695164444513,0.08914609671110973,1971.8438554568882,81,0,0.0
T0021886,5256.59,INSUFFICIENT_FUNDS,20,0.9,8.0,1.0,0.125,1933.61875,2,0.3749432456845867,0.2501135086308266,1970.9229158331416,82,1,5256.59
T0019405,3359.61,NETWORK_ERROR,19,1.0,10.0,0.0,0.0,3825.62,1,0.5866035826806771,0.17320716536135428,1970.7592624098297,83,1,3359.61
T0010502,3043.84,PAYMENT_TIMEOUT,34,0.8823529411764706,14.0,1.0,0.0714285714285714,1633.1171428571429,1,0.641039734168526,0.282079468337052,1951.2223844515263,84,0,0.0
T0003525,3465.69,INSUFFICIENT_FUNDS,34,0.9411764705882352,13.0,0.0,0.0,1925.6023076923077,1,0.5599988925022219,0.1199977850044438,1940.7825617560254,85,1,3465.69
T0013097,3516.47,INSUFFICIENT_FUNDS,27,1.0,9.0,0.0,0.0,2011.8633333333332,1,0.5428583688118367,0.08571673762367338,1908.9451681757594,86,1,3516.47
T0025032,3335.14,INSUFFICIENT_FUNDS,45,0.9111111111111112,14.0,0.0,0.0,1896.9685714285715,1,0.5704220888699139,0.14084417773982771,1902.4375254736044,87,1,3335.14
T0043760,3251.86,NETWORK_ERROR,21,1.0,10.0,0.0,0.0,1718.881,1,0.5828673113666634,0.16573462273332673,1895.402895140798,88,1,3251.86
T0032221,4176.0,BANK_DECLINE,26,0.9615384615384616,14.0,0.0,0.0,2215.3564285714283,1,0.4535895730160999,0.09282085396780015,1894.1900569152333,89,1,4176.0
T0020912,2910.04,PAYMENT_TIMEOUT,49,0.8979591836734694,9.0,0.0,0.0,1927.448888888889,1,0.6506999228899442,0.3013998457798883,1893.562803606653,90,1,2910.04
T0015660,3006.49,NETWORK_ERROR,59,0.9661016949152542,15.0,0.0,0.0,1920.6213333333333,1,0.6287062210552534,0.25741244211050684,1890.1989665404087,91,1,3006.49
T0043137,3584.46,INSUFFICIENT_FUNDS,31,0.9032258064516128,13.0,2.0,0.1538461538461538,2608.173076923077,1,0.5191714304961369,0.0383428609922738,1860.9492257561828,92,0,0.0
T0001969,3555.17,INSUFFICIENT_FUNDS,7,1.0,7.0,0.0,0.0,2950.952857142857,1,0.5219623910035961,0.04392478200719219,1855.6650336242549,93,0,0.0
T0029525,5643.7,BANK_DECLINE,37,0.918918918918919,16.0,2.0,0.125,2610.595,2,0.32838274282407026,0.3432345143518595,1853.2936856762053,94,1,5643.7
T0040160,3285.42,INSUFFICIENT_FUNDS,16,1.0,16.0,0.0,0.0,1571.6325,1,0.5617158003472434,0.12343160069448689,1845.4723247768407,95,1,3285.42
T0005932,3070.19,NETWORK_ERROR,32,0.96875,12.0,0.0,0.0,2971.534166666667,1,0.6003269619459125,0.20065392389182501,1843.117835296721,96,0,0.0
T0042864,3733.84,INSUFFICIENT_FUNDS,15,0.8666666666666667,12.0,2.0,0.1666666666666666,1478.2033333333331,1,0.4927757694478025,0.014448461104395016,1839.9458789949829,97,1,3733.84
T0040193,3584.35,INSUFFICIENT_FUNDS,8,1.0,4.0,0.0,0.0,1960.57,1,0.5079612638044543,0.015922527608908554,1820.7109559174955,98,1,3584.35
T0001485,4606.37,BANK_DECLINE,3,1.0,3.0,0.0,0.0,1833.7333333333331,1,0.3938547736133321,0.2122904527733358,1814.2408135292446,99,1,4606.37
T0023810,3359.75,INSUFFICIENT_FUNDS,20,1.0,8.0,0.0,0.0,1971.415,1,0.5337321462845045,0.06746429256900899,1793.206578479364,100,0,0.0
T0018357,3583.63,LIMIT_EXCEEDED,59,0.9322033898305084,18.0,0.0,0.0,1831.5872222222224,1,0.499394608976544,0.0012107820469120512,1789.6455025666123,101,0,0.0
T0025105,3444.56,LIMIT_EXCEEDED,68,0.8676470588235294,26.0,3.0,0.1153846153846153,2615.674615384616,1,0.5182373095508673,0.03647461910173466,1785.0995069865355,102,1,3444.56
T0037318,2936.81,NETWORK_ERROR,46,0.9565217391304348,15.0,1.0,0.0666666666666666,1882.832,1,0.6040660228871624,0.20813204577432476,1774.0271366752472,103,1,2936.81
T0023316,4270.86,LIMIT_EXCEEDED,11,0.9090909090909092,11.0,1.0,0.0909090909090909,1959.2254545454543,1,0.4091521313430894,0.18169573731382116,1747.4314716679467,104,1,4270.86
T0038314,4328.96,BANK_DECLINE,27,0.925925925925926,12.0,2.0,0.1666666666666666,2140.7033333333334,1,0.4024318005836505,0.19513639883269895,1742.1111674545998,105,0,0.0
T0024850,2900.37,NETWORK_ERROR,14,1.0,14.0,0.0,0.0,1414.357142857143,1,0.5932023308612363,0.1864046617224726,1720.5062443600038,106,0,0.0
T0022506,2950.24,NETWORK_ERROR,18,0.9444444444444444,15.0,1.0,0.0666666666666666,2091.1966666666667,1,0.5830417443461505,0.16608348869230105,1720.113075839787,107,1,2950.24
T0023521,5498.96,INSUFFICIENT_FUNDS,14,0.7142857142857143,9.0,3.0,0.3333333333333333,1552.9177777777777,2,0.3112909383987239,0.3774181232025522,1711.7764186170468,108,0,0.0
T0024886,3119.61,INSUFFICIENT_FUNDS,18,0.9444444444444444,16.0,1.0,0.0625,1948.305,1,0.5468837865725771,0.09376757314515416,1706.0641294296772,109,0,0.0
T0043180,3827.32,BANK_DECLINE,25,0.96,12.0,0.0,0.0,1822.72,1,0.444440563695782,0.111118872608436,1701.0162582441403,110,1,3827.32
T0044823,3437.17,LIMIT_EXCEEDED,45,0.9555555555555556,18.0,0.0,0.0,2476.9655555555555,1,0.4922774868423709,0.015445026315258237,1692.041409449992,111,1,3437.17
T0027274,3091.65,NETWORK_ERROR,13,0.9230769230769232,10.0,1.0,0.1,1138.588,1,0.5443245941253173,0.08864918825063461,1682.8611314275372,112,1,3091.65
T0023828,2744.33,PAYMENT_TIMEOUT,27,0.9629629629629628,9.0,1.0,0.1111111111111111,1407.3044444444447,1,0.6099718371333361,0.21994367426667227,1673.9640118001282,113,1,2744.33
T0025889,2600.33,PAYMENT_TIMEOUT,22,1.0,9.0,0.0,0.0,2378.3522222222223,1,0.6398317718913457,0.2796635437826913,1663.7737514022228,114,1,2600.33
T0019632,3487.77,INSUFFICIENT_FUNDS,0,0.9428571428571428,0.0,0.0,0.0,0.0,1,0.47678822982609337,0.046423540347813264,1662.9276843405537,115,1,3487.77
T0009618,3165.66,INSUFFICIENT_FUNDS,6,1.0,6.0,0.0,0.0,3213.4149999999995,1,0.5186853030306862,0.037370606061372325,1641.981316392122,116,1,3165.66
T0038307,3654.98,LIMIT_EXCEEDED,18,1.0,12.0,0.0,0.0,1674.3625,1,0.4480321224934166,0.10393575501316676,1637.5484470709878,117,0,0.0
T0026059,3723.21,BANK_DECLINE,12,1.0,12.0,0.0,0.0,1977.345,1,0.4379294436728283,0.12414111265434336,1630.503283977111,118,1,3723.21
T0042048,2616.95,PAYMENT_TIMEOUT,21,0.8095238095238095,6.0,0.0,0.0,2947.9066666666663,1,0.6170070253230585,0.23401405064611702,1614.6765349191778,119,0,0.0
T0027186,2678.26,NETWORK_ERROR,31,0.935483870967742,16.0,1.0,0.0625,3423.31125,1,0.6012895765666252,0.20257915313325037,1610.4098213353298,120,1,2678.26
T0041511,2597.54,PAYMENT_TIMEOUT,7,1.0,7.0,0.0,0.0,1293.312857142857,1,0.618888309519216,0.23777661903843206,1607.5871395085444,121,1,2597.54
T0006338,2920.97,INSUFFICIENT_FUNDS,37,0.8918918918918919,13.0,1.0,0.0769230769230769,1582.9746153846152,1,0.540463433873709,0.08092686774741797,1578.6774764420877,122,1,2920.97
T0016752,3345.45,BANK_DECLINE,49,0.979591836734694,13.0,0.0,0.0,1905.926153846154,1,0.46926992826357167,0.061460143472856665,1569.9190815093657,123,0,0.0
T0022375,2608.61,INSUFFICIENT_FUNDS,46,0.9782608695652174,22.0,1.0,0.0454545454545454,1950.822272727273,1,0.6003713654340186,0.20074273086803718,1566.1347475848354,124,1,2608.61
T0025936,2503.51,INSUFFICIENT_FUNDS,61,0.9836065573770492,25.0,1.0,0.04,1731.7604,1,0.6244970550999515,0.24899411019990292,1563.4346224132796,125,1,2503.51
T0022824,2879.41,NETWORK_ERROR,13,0.8461538461538461,13.0,2.0,0.1538461538461538,1474.746153846154,1,0.5412918314526856,0.08258366290537111,1558.6011124031772,126,1,2879.41
T0028677,2525.76,PAYMENT_TIMEOUT,25,0.88,13.0,2.0,0.1538461538461538,2793.306923076924,1,0.6152226054131662,0.2304452108263324,1553.9046478483588,127,1,2525.76
T0000153,3532.84,LIMIT_EXCEEDED,15,1.0,10.0,0.0,0.0,2107.257,1,0.43919475213573955,0.1216104957285209,1551.6047881352263,128,0,0.0
T0006332,2823.82,INSUFFICIENT_FUNDS,19,0.8947368421052632,19.0,2.0,0.1052631578947368,1886.993157894737,1,0.5492492754630742,0.09849855092614845,1550.9810890381384,129,0,0.0
T0032309,3379.59,BANK_DECLINE,29,1.0,13.0,0.0,0.0,1553.316923076923,1,0.45439986413377415,0.09120027173245171,1535.685236827862,130,1,3379.59
T0025752,3027.33,INSUFFICIENT_FUNDS,4,1.0,4.0,0.0,0.0,1946.3825,1,0.5060192436738734,0.012038487347746818,1531.8872369512271,131,0,0.0
T0036346,2934.57,NETWORK_ERROR,0,0.9534883720930232,0.0,0.0,0.0,0.0,1,0.5201249411186759,0.04024988223735182,1526.343048458633,132,1,2934.57
T0015341,3284.72,BANK_DECLINE,26,1.0,15.0,0.0,0.0,2260.4706666666666,1,0.46218010498006373,0.07563979003987253,1518.1322344301147,133,1,3284.72
T0029503,4813.1,BANK_DECLINE,36,0.8888888888888888,11.0,1.0,0.0909090909090909,3249.111818181818,2,0.3153648463896713,0.36927030722065735,1517.882542158127,134,0,0.0
T0004616,3696.79,LIMIT_EXCEEDED,14,1.0,3.0,0.0,0.0,1232.5333333333333,1,0.408304484771443,0.18339103045711402,1509.4159362582227,135,1,3696.79
T0039921,2792.35,INSUFFICIENT_FUNDS,36,0.9166666666666666,15.0,2.0,0.1333333333333333,2130.0306666666665,1,0.5391322934643106,0.07826458692862115,1505.4460596550675,136,1,2792.35
T0018720,3034.85,BANK_DECLINE,34,0.9705882352941176,24.0,1.0,0.0416666666666666,2317.61,1,0.4960148496173217,0.007970300765356653,1505.3306663611286,137,1,3034.85
T0019010,2455.74,NETWORK_ERROR,28,0.9642857142857144,16.0,0.0,0.0,2478.7918750000003,1,0.6124618644620158,0.22492372892403156,1504.0470990339504,138,1,2455.74
T0024595,2549.18,INSUFFICIENT_FUNDS,56,0.8928571428571429,21.0,3.0,0.1428571428571428,2407.7228571428573,1,0.5811802889364565,0.16236057787291291,1481.533168951036,139,1,2549.18
T0011198,2470.25,INSUFFICIENT_FUNDS,52,0.9423076923076924,19.0,0.0,0.0,1582.2394736842105,1,0.5982259438432335,0.19645188768646693,1477.7676377787475,140,1,2470.25
T0023604,2765.46,INSUFFICIENT_FUNDS,9,1.0,9.0,0.0,0.0,2216.6733333333336,1,0.5312250851470267,0.06245017029405342,1469.0817239706964,141,0,0.0
T0020058,2542.15,NETWORK_ERROR,33,0.9696969696969696,12.0,1.0,0.0833333333333333,1072.5600000000002,1,0.5769536327990903,0.15390726559818058,1466.7026776202074,142,1,2542.15
T0042583,3936.84,LIMIT_EXCEEDED,15,0.7333333333333333,7.0,1.0,0.1428571428571428,2480.031428571429,1,0.37080884668595837,0.25838230662808326,1459.8150999871484,143,0,0.0
T0032496,2420.0,NETWORK_ERROR,36,1.0,11.0,0.0,0.0,2813.68,1,0.6023654245870276,0.20473084917405515,1457.7243275006067,144,1,2420.0
T0043325,2691.95,INSUFFICIENT_FUNDS,27,0.925925925925926,16.0,2.0,0.125,2383.55875,1,0.5405399112422827,0.08107982248456547,1455.1064140686628,145,0,0.0
T0020767,2221.85,PAYMENT_TIMEOUT,22,0.9090909090909092,19.0,2.0,0.1052631578947368,2241.455263157895,1,0.651617903420209,0.30323580684041795,1447.7972387141913,146,1,2221.85
T0021620,2242.72,PAYMENT_TIMEOUT,29,0.9655172413793104,8.0,0.0,0.0,3773.7075,1,0.6429958347841331,0.28599166956826627,1442.0596185870709,147,1,2242.72
T0044611,3200.52,BANK_DECLINE,16,1.0,14.0,0.0,0.0,1608.185714285714,1,0.4490227058287979,0.10195458834240423,1437.1061504591842,148,1,3200.52
T0036983,3213.93,BANK_DECLINE,21,1.0,12.0,0.0,0.0,2264.0,1,0.44654787832040355,0.10690424335919291,1435.1736225702946,149,1,3213.93
T0010564,2648.1,INSUFFICIENT_FUNDS,30,0.9,14.0,1.0,0.0714285714285714,1468.4257142857143,1,0.541762869849575,0.08352573969915,1434.6422556486596,150,1,2648.1
T0016149,3282.18,BANK_DECLINE,11,1.0,11.0,0.0,0.0,2701.976363636364,1,0.43601564687769645,0.1279687062446071,1431.0818358690376,151,1,3282.18
T0041024,3138.11,LIMIT_EXCEEDED,31,0.9032258064516128,15.0,1.0,0.0666666666666666,2250.5626666666667,1,0.45057184016907237,0.09885631966185526,1413.9439973529677,152,1,3138.11
T0045776,4416.1,BANK_DECLINE,11,0.6363636363636364,11.0,4.0,0.3636363636363636,1653.021818181818,1,0.31984164542640725,0.3603167091471855,1412.4526903675571,153,0,0.0
T0006383,3318.78,BANK_DECLINE,9,1.0,9.0,0.0,0.0,2121.5066666666667,1,0.42501956518089734,0.14996086963820532,1410.5464325310586,154,1,3318.78
T0027169,2252.63,NETWORK_ERROR,27,0.9629629629629628,18.0,0.0,0.0,3103.7988888888885,1,0.6212411784290882,0.24248235685817643,1399.4265157647171,155,0,0.0
T0019493,3634.57,BANK_DECLINE,1,1.0,1.0,0.0,0.0,877.7,1,0.38424927094843664,0.23150145810312672,1396.5808727110593,156,1,3634.57
T0020525,2794.57,INSUFFICIENT_FUNDS,57,0.8947368421052632,25.0,2.0,0.08,2061.5728000000004,2,0.49595695149815805,0.0080860970036839,1385.9864179482076,157,0,0.0
T0043797,2373.09,NETWORK_ERROR,47,0.9361702127659576,14.0,2.0,0.1428571428571428,1990.7685714285712,1,0.5830015400501595,0.16600308010031894,1383.5151246776331,158,0,0.0
T0030260,2282.33,INSUFFICIENT_FUNDS,52,0.9423076923076924,18.0,0.0,0.0,2378.7783333333336,1,0.596768246333958,0.19353649266791595,1362.0220716553822,159,1,2282.33
T0036246,2871.05,BANK_DECLINE,45,0.9555555555555556,15.0,0.0,0.0,1783.886,1,0.4732617045298315,0.053476590940336965,1358.758016790373,160,1,2871.05
T0044921,2588.01,NETWORK_ERROR,0,0.9090909090909092,0.0,0.0,0.0,0.0,1,0.5178065019314078,0.03561300386281552,1340.0884050635027,161,0,0.0
T0010403,3334.56,BANK_DECLINE,28,0.9285714285714286,8.0,1.0,0.125,3254.30625,1,0.3995721631820376,0.20085567363592483,1332.3973524602952,162,0,0.0
T0043353,2012.5,PAYMENT_TIMEOUT,15,1.0,15.0,0.0,0.0,2382.8966666666665,1,0.6580897916539721,0.31617958330794416,1324.4057057036189,163,0,0.0
T0038880,3097.95,LIMIT_EXCEEDED,32,0.90625,11.0,1.0,0.0909090909090909,1844.31,1,0.42673242121368965,0.1465351575726207,1321.9957042989497,164,0,0.0
T0029558,2736.12,BANK_DECLINE,28,0.9642857142857144,22.0,1.0,0.0454545454545454,1920.786363636364,1,0.4812369765862289,0.037526046827542237,1316.7221163771126,165,1,2736.12
T0004062,2161.46,NETWORK_ERROR,51,0.9019607843137256,12.0,0.0,0.0,1939.9958333333332,1,0.6090789044447875,0.21815780888957503,1316.4996888012304,166,0,0.0
T0006303,2431.37,INSUFFICIENT_FUNDS,15,0.9333333333333332,15.0,1.0,0.0666666666666666,1824.428,1,0.5395682002107858,0.07913640042157155,1311.8899349464982,167,1,2431.37
T0009029,2316.16,PAYMENT_TIMEOUT,10,0.9,6.0,1.0,0.1666666666666666,1785.8816666666664,1,0.5653722560148787,0.13074451202975745,1309.4926044914214,168,0,0.0
T0006447,2923.79,BANK_DECLINE,29,0.9310344827586208,15.0,1.0,0.0666666666666666,2389.692666666667,1,0.44552385992208443,0.10895228015583114,1302.6182064015911,169,1,2923.79
T0000307,2585.76,BANK_DECLINE,38,0.9736842105263158,22.0,0.0,0.0,2604.1786363636365,1,0.5000866477045345,0.00017329540906896312,1293.1040501684772,170,1,2585.76
T0016021,2132.52,PAYMENT_TIMEOUT,4,1.0,4.0,0.0,0.0,964.35,1,0.6053174370502113,0.2106348741004227,1290.8515408583166,171,1,2132.52
T0020509,2852.75,BANK_DECLINE,46,0.9782608695652174,9.0,0.0,0.0,1872.3733333333332,1,0.4518152876893117,0.09636942462137665,1288.916061955684,172,1,2852.75
T0037561,2283.32,INSUFFICIENT_FUNDS,53,0.8867924528301887,17.0,2.0,0.1176470588235294,2170.5494117647063,1,0.5643039791722052,0.1286079583444104,1288.4865617234798,173,1,2283.32
T0037832,3137.03,LIMIT_EXCEEDED,5,1.0,5.0,0.0,0.0,1264.674,1,0.4106317362818198,0.17873652743636037,1288.1640756681572,174,0,0.0
T0013303,1956.09,PAYMENT_TIMEOUT,41,0.926829268292683,10.0,0.0,0.0,3469.099,1,0.6561064859444717,0.3122129718889435,1283.4033360911217,175,1,1956.09
T0005856,2777.65,BANK_DECLINE,37,0.945945945945946,13.0,0.0,0.0,1409.5576923076924,1,0.4576809962774445,0.08463800744511096,1271.2776193100437,176,1,2777.65
T0010020,2236.15,INSUFFICIENT_FUNDS,34,0.9411764705882352,14.0,0.0,0.0,2459.190714285715,1,0.5678879402467718,0.1357758804935436,1269.8826175828187,177,1,2236.15
T0030948,2821.82,LIMIT_EXCEEDED,31,0.967741935483871,14.0,1.0,0.0714285714285714,2060.432857142857,1,0.44955087198034155,0.1008982560393169,1268.5516415715674,178,0,0.0
T0034422,2357.39,NETWORK_ERROR,2,1.0,2.0,0.0,0.0,1156.72,1,0.5371366329431235,0.07427326588624705,1266.24052713379,179,1,2357.39
T0044879,2116.81,NETWORK_ERROR,17,1.0,13.0,0.0,0.0,3198.214615384616,1,0.5976931431956479,0.19538628639129585,1265.2028224479795,180,1,2116.81
T0041136,3184.36,BANK_DECLINE,19,0.8947368421052632,9.0,1.0,0.1111111111111111,1795.5166666666669,1,0.39560232311816146,0.20879535376367708,1259.7402136445487,181,1,3184.36
T0007597,2249.89,INSUFFICIENT_FUNDS,17,1.0,12.0,0.0,0.0,1971.9433333333332,1,0.5497523808806503,0.09950476176130052,1236.8823842195661,182,0,0.0
T0041259,2486.33,INSUFFICIENT_FUNDS,2,1.0,2.0,0.0,0.0,1779.575,1,0.4971156084468758,0.0057687831062483985,1235.9934507497208,183,0,0.0
T0008774,2931.32,BANK_DECLINE,6,1.0,6.0,0.0,0.0,1420.3516666666667,1,0.4099981030836214,0.18000379383275722,1201.8356395310811,184,1,2931.32
T0026707,2053.36,INSUFFICIENT_FUNDS,37,0.972972972972973,17.0,0.0,0.0,2421.978235294117,1,0.5843484457270177,0.16869689145403544,1199.8777245180293,185,0,0.0
T0014041,3019.33,BANK_DECLINE,1,1.0,1.0,0.0,0.0,4506.43,1,0.39465853188330496,0.21068293623339007,1191.604345071219,186,0,0.0
T0030765,2435.2,BANK_DECLINE,54,0.9629629629629628,16.0,0.0,0.0,2437.6975,1,0.48733439836041925,0.025331203279161496,1186.7567268872929,187,1,2435.2
T0013620,1978.42,INSUFFICIENT_FUNDS,51,1.0,18.0,0.0,0.0,1870.8427777777777,1,0.5991486562141602,0.1982973124283205,1185.367684427219,188,1,1978.42
T0007071,2026.14,INSUFFICIENT_FUNDS,22,0.9545454545454546,18.0,0.0,0.0,1602.9522222222222,1,0.5737498302858229,0.14749966057164587,1162.4974811353172,189,1,2026.14
T0010540,3025.42,BANK_DECLINE,1,1.0,1.0,0.0,0.0,348.95,1,0.3841233398368964,0.2317533203262072,1162.134434809343,190,1,3025.42
T0028430,3107.28,BANK_DECLINE,15,0.8,7.0,1.0,0.1428571428571428,3097.555714285714,1,0.37235795013715395,0.2552840997256921,1157.0204113021757,191,0,0.0
T0030295,2618.72,BANK_DECLINE,13,1.0,12.0,0.0,0.0,1446.7091666666663,1,0.43956993394105054,0.12086013211789892,1151.1105774101077,192,0,0.0
T0010295,1697.93,PAYMENT_TIMEOUT,31,0.967741935483871,18.0,0.0,0.0,1352.8761111111112,1,0.675915146568629,0.3518302931372581,1147.6566048132725,193,0,0.0
T0014296,2042.47,INSUFFICIENT_FUNDS,37,0.918918918918919,16.0,1.0,0.0625,1858.563125,1,0.5615522398143921,0.12310447962878412,1146.9536032537014,194,0,0.0
T0018963,2822.68,BANK_DECLINE,4,1.0,4.0,0.0,0.0,2728.1925,1,0.4043174405014778,0.19136511899704445,1141.2587529547113,195,0,0.0
T0020202,2268.19,INSUFFICIENT_FUNDS,3,1.0,3.0,0.0,0.0,1197.4433333333334,1,0.500818355262217,0.0016367105244339264,1135.9511852222079,196,1,2268.19
T0026495,1857.06,NETWORK_ERROR,45,0.8888888888888888,14.0,0.0,0.0,1423.5564285714286,1,0.61080829524033,0.22161659048065996,1134.3076527590072,197,1,1857.06
T0038623,2860.12,BANK_DECLINE,12,0.9166666666666666,9.0,1.0,0.1111111111111111,1827.128888888889,1,0.39263669570874626,0.21472660858250747,1122.9880661304994,198,0,0.0
T0039647,2625.56,BANK_DECLINE,17,0.9411764705882352,8.0,0.0,0.0,2824.08375,1,0.4263832531201484,0.14723349375970318,1119.4948140621368,199,1,2625.56
T0007247,2223.9,LIMIT_EXCEEDED,35,0.8857142857142857,23.0,0.0,0.0,1573.485652173913,1,0.5000847831235314,0.00016956624706288004,1112.1385491884216,200,1,2223.9
T0019003,2211.47,BANK_DECLINE,61,0.9508196721311476,18.0,0.0,0.0,3244.4711111111114,1,0.5025424308918424,0.005084861783684724,1111.3575096443826,201,0,0.0
T0008028,2138.02,PAYMENT_TIMEOUT,4,0.75,4.0,1.0,0.25,1237.9975,1,0.5139536124317455,0.027907224863491065,1098.8431024513206,202,0,0.0
T0007152,2501.85,BANK_DECLINE,38,0.9736842105263158,11.0,1.0,0.0909090909090909,1998.086363636364,1,0.4312329865472477,0.13753402690550465,1078.8802473932315,203,1,2501.85
T0031087,2035.08,INSUFFICIENT_FUNDS,7,1.0,7.0,0.0,0.0,2411.497142857143,1,0.523702647433724,0.047405294867447934,1065.7767837394229,204,0,0.0
T0012678,2000.63,NETWORK_ERROR,52,0.8461538461538461,12.0,4.0,0.3333333333333333,1470.7624999999998,1,0.5227910707415013,0.04558214148300266,1045.9114998575699,205,1,2000.63
T0022600,2531.67,BANK_DECLINE,37,0.945945945945946,9.0,1.0,0.1111111111111111,1346.0500000000002,1,0.41245297099054234,0.1750940580189153,1044.1948130676265,206,0,0.0
T0037693,1874.26,INSUFFICIENT_FUNDS,32,0.90625,16.0,1.0,0.0625,1598.428125,1,0.5565756011388489,0.1131512022776977,1043.1673861904987,207,0,0.0
T0028023,2019.19,PAYMENT_TIMEOUT,29,0.8275862068965517,15.0,2.0,0.1333333333333333,1856.9126666666668,2,0.5145292684628252,0.029058536925650413,1038.932353587452,208,1,2019.19
T0019795,2261.81,BANK_DECLINE,24,1.0,14.0,0.0,0.0,2238.5885714285714,1,0.45872007029272843,0.08255985941454314,1037.537642188796,209,0,0.0
T0001406,1775.79,NETWORK_ERROR,19,1.0,9.0,0.0,0.0,2294.165555555556,1,0.5819483834377346,0.16389676687546917,1033.4181198248946,210,1,1775.79
T0023526,1889.73,PAYMENT_TIMEOUT,13,0.7692307692307693,8.0,2.0,0.25,1510.81625,1,0.5461423769369994,0.09228475387399881,1032.061633969156,211,0,0.0
T0009042,2534.22,BANK_DECLINE,5,1.0,5.0,0.0,0.0,1647.67,1,0.40675077309433655,0.1864984538113269,1030.7959441911296,212,0,0.0
T0032545,2317.59,BANK_DECLINE,26,0.9230769230769232,15.0,1.0,0.0666666666666666,2624.7319999999995,1,0.44458054833327887,0.11083890333344226,1030.3554330117238,213,0,0.0
T0017280,1892.78,INSUFFICIENT_FUNDS,29,0.896551724137931,16.0,2.0,0.125,2430.9993750000003,1,0.5418480360492955,0.08369607209859109,1025.5991256733855,214,1,1892.78
T0027780,1916.91,NETWORK_ERROR,1,1.0,1.0,0.0,0.0,1293.53,1,0.5336439058280504,0.06728781165610087,1022.9473395208482,215,1,1916.91
T0004263,2094.96,BANK_DECLINE,56,1.0,15.0,0.0,0.0,2243.000666666667,1,0.48757588654089057,0.024848226918218863,1021.4519792677041,216,1,2094.96
T0008505,1958.08,INSUFFICIENT_FUNDS,21,0.9047619047619048,14.0,2.0,0.1428571428571428,1583.9735714285714,1,0.5199650732238434,0.03993014644768689,1018.1332105781433,217,1,1958.08
T0009240,1893.97,INSUFFICIENT_FUNDS,12,1.0,9.0,0.0,0.0,2293.8244444444445,1,0.5355363727272787,0.07107274545455744,1014.2898238542841,218,1,1893.97
T0011407,2414.38,LIMIT_EXCEEDED,12,0.9166666666666666,12.0,1.0,0.0833333333333333,1736.865,1,0.41995659218798354,0.16008681562403293,1013.9347970468237,219,0,0.0
T0016479,1580.83,PAYMENT_TIMEOUT,14,1.0,9.0,0.0,0.0,2721.845555555556,1,0.6369759272105047,0.27395185442100933,1006.9506550121821,220,1,1580.83
T0044094,2674.62,LIMIT_EXCEEDED,17,0.9411764705882352,6.0,1.0,0.1666666666666666,1931.1766666666665,1,0.3755057848545375,0.248988430290925,1004.335282287643,221,0,0.0
T0017693,1697.98,PAYMENT_TIMEOUT,33,0.9393939393939394,6.0,1.0,0.1666666666666666,2191.2133333333336,1,0.5875631018194497,0.1751262036388994,997.6703956273892,222,1,1697.98
T0037966,2641.52,LIMIT_EXCEEDED,38,0.9473684210526316,21.0,1.0,0.0476190476190476,1953.411904761905,2,0.3764582170966278,0.2470835658067444,994.4219096250843,223,0,0.0
T0045458,1863.01,INSUFFICIENT_FUNDS,23,0.8695652173913043,16.0,2.0,0.125,1527.37875,1,0.5330984039579014,0.06619680791580285,993.1676575576099,224,1,1863.01
T0045601,2366.89,BANK_DECLINE,22,1.0,5.0,0.0,0.0,996.156,1,0.41805487233245564,0.16389025533508872,989.4898967749659,225,1,2366.89
T0034486,1712.88,INSUFFICIENT_FUNDS,65,0.9230769230769232,14.0,1.0,0.0714285714285714,2438.3021428571437,1,0.5742882288162094,0.1485764576324189,983.6868213747089,226,1,1712.88
T0033004,2007.06,LIMIT_EXCEEDED,52,0.903846153846154,21.0,2.0,0.0952380952380952,1846.9785714285715,1,0.48924902374907825,0.021501952501843502,981.952145605825,227,1,2007.06
T0019048,1620.69,NETWORK_ERROR,68,0.9264705882352942,14.0,2.0,0.1428571428571428,1763.1228571428571,1,0.5988755798699305,0.1977511597398609,970.5916635393976,228,1,1620.69
T0033768,1844.95,INSUFFICIENT_FUNDS,44,0.9318181818181818,12.0,2.0,0.1666666666666666,2056.278333333333,1,0.5249709777981436,0.049941955596287224,968.545205488685,229,1,1844.95
T0017990,2350.94,BANK_DECLINE,5,1.0,5.0,0.0,0.0,3337.334,1,0.411469855426661,0.17706028914667804,967.3409419167543,230,1,2350.94
T0027139,3160.42,INSUFFICIENT_FUNDS,4,0.75,4.0,1.0,0.25,1377.48,2,0.3056151550860932,0.38876968982781357,965.8722484371907,231,0,0.0
T0004376,2866.24,BANK_DECLINE,22,0.9090909090909092,18.0,2.0,0.1111111111111111,3313.0494444444444,2,0.33563476700243683,0.32873046599512634,962.0097945730645,232,0,0.0
T0003869,1444.36,PAYMENT_TIMEOUT,32,0.96875,12.0,0.0,0.0,2529.369166666667,1,0.6584454377500342,0.31689087550006834,951.0322524686393,233,1,1444.36
T0014501,1483.74,PAYMENT_TIMEOUT,44,0.8863636363636364,12.0,1.0,0.0833333333333333,1761.5508333333337,1,0.6406104273509348,0.2812208547018695,950.499315477676,234,1,1483.74
T0019722,2024.57,INSUFFICIENT_FUNDS,11,0.8181818181818182,10.0,2.0,0.2,939.95,1,0.46940227706716886,0.06119544586566228,950.337768081878,235,1,2024.57
T0026121,2162.16,BANK_DECLINE,17,1.0,10.0,0.0,0.0,2451.384,1,0.43823219265690455,0.1235356146861909,947.5281176750527,236,1,2162.16
T0002943,1617.79,NETWORK_ERROR,11,1.0,10.0,0.0,0.0,4107.968,1,0.5849102456791809,0.16982049135836186,946.2619463573221,237,1,1617.79
T0001000,2656.77,LIMIT_EXCEEDED,12,0.9166666666666666,5.0,1.0,0.2,1571.838,1,0.35550311487492275,0.2889937702501545,944.4900105062485,238,1,2656.77
T0016958,1831.75,INSUFFICIENT_FUNDS,4,1.0,4.0,0.0,0.0,4373.2525,1,0.5149749845653574,0.029949969130714793,943.3054279775935,239,0,0.0
T0022723,1914.79,BANK_DECLINE,27,0.9629629629629628,22.0,0.0,0.0,2197.681818181818,1,0.4912315165965422,0.017536966806915633,940.605195663893,240,1,1914.79
T0028584,1563.76,NETWORK_ERROR,21,0.9047619047619048,20.0,2.0,0.1,1834.779,1,0.6000205961714636,0.20004119234292728,938.288207469088,241,1,1563.76
T0009806,2059.37,NETWORK_ERROR,27,0.8888888888888888,12.0,1.0,0.0833333333333333,1945.7125,2,0.45515006478304326,0.08969987043391348,937.3223889122557,242,1,2059.37
T0003177,2150.05,BANK_DECLINE,25,0.96,7.0,0.0,0.0,3645.781428571428,1,0.43283717762039825,0.1343256447592035,930.6215737427374,243,1,2150.05
T0000486,1604.18,NETWORK_ERROR,24,0.9166666666666666,16.0,2.0,0.125,1935.543125,1,0.579569785073949,0.15913957014789792,929.7342578199275,244,1,1604.18
T0044966,2134.77,BANK_DECLINE,26,0.9615384615384616,8.0,0.0,0.0,2628.09,1,0.43502311318373726,0.12995377363252547,928.6742913312468,245,1,2134.77
T0025016,1991.77,BANK_DECLINE,47,0.8936170212765957,16.0,1.0,0.0625,1920.608125,1,0.462739310426184,0.07452137914763202,921.6702763275605,246,0,0.0
T0043089,1648.54,INSUFFICIENT_FUNDS,37,0.918918918918919,19.0,3.0,0.1578947368421052,2312.917894736842,1,0.5574247308059954,0.11484946161199083,918.9369657229157,247,0,0.0
T0006656,1789.21,INSUFFICIENT_FUNDS,11,0.9090909090909092,11.0,1.0,0.0909090909090909,2198.3690909090906,1,0.5130667503313235,0.02613350066264708,917.9841603603074,248,0,0.0
T0020248,1373.02,PAYMENT_TIMEOUT,19,1.0,15.0,0.0,0.0,2274.171333333333,1,0.6617864521361967,0.3235729042723934,908.6460345120407,249,1,1373.02
T0005074,1988.54,BANK_DECLINE,15,1.0,15.0,0.0,0.0,1842.9573333333333,1,0.4553848668595919,0.0892302662808162,905.5510231449729,250,1,1988.54
T0030852,1695.1,INSUFFICIENT_FUNDS,22,0.8636363636363636,16.0,2.0,0.125,2191.870625,1,0.5340395975641132,0.06807919512822647,905.2505218309283,251,0,0.0
T0037557,1526.22,INSUFFICIENT_FUNDS,31,0.9032258064516128,23.0,1.0,0.0434782608695652,2140.114347826087,1,0.5915041123067784,0.1830082246135567,902.7654062848512,252,1,1526.22
T0005549,2446.22,BANK_DECLINE,7,0.8571428571428571,7.0,1.0,0.1428571428571428,1896.3814285714288,1,0.3685961863757491,0.2628076272485018,901.6673630360849,253,1,2446.22
T0045689,2374.4,NETWORK_ERROR,10,0.7,9.0,2.0,0.2222222222222222,2028.5588888888888,2,0.3794003770978752,0.24119924580424956,900.8482553811949,254,1,2374.4
T0033444,2238.62,BANK_DECLINE,4,1.0,4.0,0.0,0.0,1459.5075,1,0.4022431991875388,0.19551360162492237,900.469670565208,255,0,0.0
T0039628,1642.36,NETWORK_ERROR,2,1.0,2.0,0.0,0.0,4802.97,1,0.5482545908907704,0.09650918178154089,900.4314098953657,256,1,1642.36
T0011585,1638.4,INSUFFICIENT_FUNDS,16,0.9375,16.0,1.0,0.0625,2178.10125,1,0.548566784762439,0.09713356952487806,898.7718201547801,257,0,0.0
T0018726,1699.38,LIMIT_EXCEEDED,60,0.9666666666666668,21.0,0.0,0.0,3370.6252380952383,1,0.5226341813465406,0.04526836269308121,888.1540750966842,258,1,1699.38
T0025241,2056.96,BANK_DECLINE,10,1.0,10.0,0.0,0.0,1901.929,1,0.4317296978938668,0.13654060421226644,888.0507193797682,259,1,2056.96
T0036337,1637.58,NETWORK_ERROR,3,1.0,3.0,0.0,0.0,701.7433333333333,1,0.5421951193560791,0.08439023871215823,887.887883555128,260,0,0.0
T0023888,1481.81,INSUFFICIENT_FUNDS,40,1.0,19.0,0.0,0.0,2066.175789473684,1,0.5964029493511976,0.19280589870239528,883.7558543780981,261,1,1481.81
T0022413,1599.45,INSUFFICIENT_FUNDS,44,0.8863636363636364,8.0,0.0,0.0,2383.25625,1,0.5490242971340473,0.09804859426809465,878.136912051052,262,1,1599.45
T0024654,1878.39,BANK_DECLINE,68,0.8823529411764706,18.0,3.0,0.1666666666666666,2796.565,1,0.46745850794478977,0.06508298411042046,878.0693867384138,263,0,0.0
T0028036,2116.02,INSUFFICIENT_FUNDS,4,0.75,4.0,1.0,0.25,1255.1825,1,0.4132939415023412,0.17341211699531756,874.538246097784,264,0,0.0
T0002531,1617.0,NETWORK_ERROR,1,1.0,1.0,0.0,0.0,597.88,1,0.5324251250404809,0.06485025008096179,860.9314271904576,265,1,1617.0
T0042084,1459.62,NETWORK_ERROR,29,0.9655172413793104,9.0,0.0,0.0,2912.9588888888884,1,0.5893411697765688,0.17868233955313761,860.2141582292753,266,1,1459.62
T0036541,1539.43,INSUFFICIENT_FUNDS,30,0.9,11.0,0.0,0.0,2252.8345454545456,1,0.55105876958997,0.10211753917994004,848.3164016698876,267,1,1539.43
T0015813,2413.19,BANK_DECLINE,40,0.8,23.0,4.0,0.1739130434782608,2294.593043478261,2,0.35119581628658575,0.2976083674268285,847.5022319046259,268,0,0.0
T0011112,2129.3,INSUFFICIENT_FUNDS,7,0.7142857142857143,3.0,1.0,0.3333333333333333,7140.343333333334,1,0.39758592107714374,0.2048281578457125,846.5797017495622,269,1,2129.3
T0020380,1378.31,PAYMENT_TIMEOUT,5,1.0,5.0,0.0,0.0,1271.474,1,0.6121680194705881,0.22433603894117615,843.7573029165062,270,1,1378.31
T0001779,1350.33,PAYMENT_TIMEOUT,6,1.0,6.0,0.0,0.0,2559.4066666666663,1,0.6200035319750996,0.24000706395019922,837.2093693319362,271,1,1350.33
T0044447,2152.95,BANK_DECLINE,1,1.0,1.0,0.0,0.0,629.27,1,0.3865591867571589,0.22688162648568222,832.2426011288252,272,0,0.0
T0028736,1620.58,INSUFFICIENT_FUNDS,4,1.0,4.0,0.0,0.0,2215.5275,1,0.509677219710424,0.019354439420848024,825.9727087183189,273,0,0.0
T0021796,1638.01,INSUFFICIENT_FUNDS,2,1.0,2.0,0.0,0.0,3127.67,1,0.5024779626477297,0.004955925295459407,823.0639275966078,274,1,1638.01
T0024586,1414.13,INSUFFICIENT_FUNDS,49,0.9183673469387756,20.0,2.0,0.1,1840.8635,1,0.581916555454314,0.16383311090862795,822.9056585646091,275,0,0.0
T0025056,1518.16,INSUFFICIENT_FUNDS,15,0.9333333333333332,11.0,0.0,0.0,1573.7854545454545,1,0.5401635966874907,0.0803271933749814,820.0547659470809,276,1,1518.16
T0012549,1303.25,PAYMENT_TIMEOUT,8,1.0,8.0,0.0,0.0,2191.56875,1,0.6281778578198304,0.25635571563966075,818.6727932036939,277,1,1303.25
T0023681,1900.6,BANK_DECLINE,18,1.0,8.0,0.0,0.0,1986.44625,1,0.43039049176999833,0.13921901646000334,818.0001686580588,278,0,0.0
T0007500,1453.5,NETWORK_ERROR,7,1.0,7.0,0.0,0.0,1118.95,1,0.5626435421297222,0.12528708425944446,817.8023884855512,279,1,1453.5
T0041788,2130.1,BANK_DECLINE,20,0.8,13.0,3.0,0.2307692307692307,1381.5069230769232,1,0.38144229527975465,0.2371154094404907,812.5102331754053,280,0,0.0
T0037764,1501.11,NETWORK_ERROR,23,0.9130434782608696,8.0,1.0,0.125,1506.265,1,0.5392697190473108,0.0785394380946216,809.5031679591086,281,1,1501.11
T0032053,1662.26,BANK_DECLINE,67,0.9402985074626866,18.0,2.0,0.1111111111111111,1926.2366666666665,1,0.480536428526474,0.03892714294705202,798.7764836824166,282,1,1662.26
T0041502,1949.37,NETWORK_ERROR,8,0.875,8.0,1.0,0.125,1456.34125,2,0.4094433966103289,0.18111320677934217,798.1566740502768,283,1,1949.37
T0022341,1736.04,LIMIT_EXCEEDED,55,0.9454545454545454,15.0,2.0,0.1333333333333333,2129.108,1,0.4589589893055036,0.08208202138899279,796.7711637939265,284,1,1736.04
T0042581,1724.42,INSUFFICIENT_FUNDS,9,0.6666666666666666,7.0,1.0,0.1428571428571428,1757.4771428571428,1,0.4605305176789821,0.07893896464203576,794.1480352959903,285,1,1724.42
T0035407,1593.55,INSUFFICIENT_FUNDS,2,1.0,2.0,0.0,0.0,771.7,1,0.49630067276576584,0.007398654468468324,790.8799370858861,286,1,1593.55
T0013432,1806.14,LIMIT_EXCEEDED,22,0.9090909090909092,9.0,0.0,0.0,1887.6922222222224,1,0.4373559425080586,0.12528811498388281,789.926062001505,287,0,0.0
T0015759,2677.85,BANK_DECLINE,21,0.7619047619047619,15.0,3.0,0.2,1872.062,2,0.2932059672373309,0.4135880655253382,785.1615993664865,288,0,0.0
T0027356,1340.14,NETWORK_ERROR,51,0.9019607843137256,11.0,1.0,0.0909090909090909,2450.9236363636364,1,0.5855185521708502,0.1710371043417005,784.6768325062433,289,1,1340.14
T0002729,2156.79,BANK_DECLINE,31,0.8709677419354839,10.0,3.0,0.3,2412.8990000000003,1,0.36355091288276,0.27289817423448004,784.1029733964078,290,1,2156.79
T0024417,2294.54,BANK_DECLINE,21,0.8571428571428571,7.0,2.0,0.2857142857142857,1409.07,1,0.3401663652613571,0.31966726947728585,780.5253317467942,291,0,0.0
T0010221,1680.46,BANK_DECLINE,46,0.9782608695652174,11.0,0.0,0.0,2334.536363636364,1,0.4634694156647212,0.07306116867055756,778.8418142479375,292,1,1680.46
T0017889,1445.13,NETWORK_ERROR,1,1.0,1.0,0.0,0.0,935.3,1,0.5336771764870839,0.06735435297416781,771.2328980567796,293,1,1445.13
T0027843,1270.66,PAYMENT_TIMEOUT,37,0.918918918918919,10.0,2.0,0.2,2963.412,1,0.6033235371989398,0.20664707439787966,766.619085777205,294,1,1270.66
T0030090,1519.27,INSUFFICIENT_FUNDS,26,0.8846153846153846,13.0,3.0,0.2307692307692307,3371.33,1,0.5015324102269495,0.0030648204538989976,761.9631448854975,295,1,1519.27
T0008515,1970.38,BANK_DECLINE,30,0.8666666666666667,10.0,2.0,0.2,1894.273,1,0.38653107744321213,0.22693784511357573,761.6131043725563,296,0,0.0
T0045197,1154.57,PAYMENT_TIMEOUT,18,1.0,14.0,0.0,0.0,2682.576428571429,1,0.6588689137333545,0.3177378274667091,760.7102817291191,297,1,1154.57
T0011091,1931.07,LIMIT_EXCEEDED,1,1.0,1.0,0.0,0.0,679.25,1,0.39311678056277416,0.21376643887445168,759.1360214413563,298,1,1931.07
T0004938,1409.4,INSUFFICIENT_FUNDS,36,0.8888888888888888,4.0,0.0,0.0,6230.265,1,0.5376673211132645,0.07533464222652908,757.7883223770351,299,1,1409.4
T0018803,1769.54,BANK_DECLINE,38,0.8947368421052632,11.0,1.0,0.0909090909090909,2002.89,1,0.4274373315176208,0.14512533696475838,756.3674556136907,300,1,1769.54
T0005609,1364.02,NETWORK_ERROR,5,1.0,5.0,0.0,0.0,1475.224,1,0.5543031495983599,0.10860629919671982,756.0805821151549,301,1,1364.02
T0007277,1643.87,BANK_DECLINE,46,0.9565217391304348,14.0,1.0,0.0714285714285714,2509.449285714286,1,0.4575864158690341,0.08482716826193182,752.212581454629,302,1,1643.87
T0045773,1550.87,LIMIT_EXCEEDED,60,0.8666666666666667,21.0,3.0,0.1428571428571428,1801.2242857142858,1,0.4845464415472117,0.03090711690557657,751.4685398023241,303,1,1550.87
T0027893,1701.9,BANK_DECLINE,20,0.95,11.0,0.0,0.0,1710.36,1,0.44009428246650667,0.11981143506698666,748.9964593297477,304,0,0.0
T0013964,1216.47,NETWORK_ERROR,40,1.0,13.0,0.0,0.0,2867.494615384616,1,0.6154973173922286,0.23099463478445714,748.7340216881244,305,1,1216.47
T0022061,1842.33,PAYMENT_TIMEOUT,2,0.5,2.0,1.0,0.5,890.925,1,0.40482694067768843,0.19034611864462314,745.8248176187257,306,0,0.0
T0044352,1272.63,INSUFFICIENT_FUNDS,48,0.9791666666666666,13.0,0.0,0.0,2630.280769230769,1,0.5794251310021218,0.15885026200424357,737.3938044672303,307,1,1272.63
T0008251,1354.17,INSUFFICIENT_FUNDS,18,1.0,9.0,0.0,0.0,2788.031111111111,1,0.5425424137223679,0.08508482744473578,734.694660390419,308,1,1354.17
T0009157,1427.3,NETWORK_ERROR,34,0.9705882352941176,5.0,1.0,0.2,1450.254,1,0.5146817678918026,0.029363535783605288,734.6052873119698,309,0,0.0
T0007755,1417.61,PAYMENT_TIMEOUT,4,0.75,4.0,1.0,0.25,1984.545,1,0.5174439955755802,0.03488799115116037,733.5337825678981,310,1,1417.61
T0025270,1411.02,INSUFFICIENT_FUNDS,13,1.0,3.0,0.0,0.0,3140.346666666667,1,0.5154518974149729,0.030903794829945763,727.312936290475,311,1,1411.02
T0005343,1729.87,BANK_DECLINE,12,0.9166666666666666,12.0,1.0,0.0833333333333333,2024.9916666666668,1,0.4159704169986287,0.16805916600274262,719.5747452534177,312,0,0.0
T0021145,1308.32,INSUFFICIENT_FUNDS,27,0.9629629629629628,14.0,1.0,0.0714285714285714,2177.7414285714285,1,0.5484169116308142,0.09683382326162837,717.5048138248268,313,1,1308.32
T0006204,1155.21,NETWORK_ERROR,46,0.9347826086956522,14.0,0.0,0.0,2375.410714285714,1,0.6183107057957692,0.23662141159153838,714.2787104423305,314,1,1155.21
T0003123,1156.41,PAYMENT_TIMEOUT,30,0.8666666666666667,10.0,1.0,0.1,1707.794,1,0.6171265539837092,0.23425310796741838,713.6513182923012,315,1,1156.41
T0040524,1266.75,INSUFFICIENT_FUNDS,31,0.967741935483871,13.0,0.0,0.0,1646.5876923076924,1,0.5633252155167723,0.12665043103354456,713.5922167558713,316,1,1266.75
T0034040,1492.29,LIMIT_EXCEEDED,35,0.9142857142857144,16.0,0.0,0.0,2576.61125,1,0.4780610862307295,0.04387782753854097,713.4057783712553,317,1,1492.29
T0038703,1318.42,NETWORK_ERROR,36,0.75,16.0,5.0,0.3125,3742.765625,1,0.5410927030937097,0.08218540618741943,713.3874416128089,318,1,1318.42
T0019587,1216.68,NETWORK_ERROR,24,0.9583333333333334,14.0,1.0,0.0714285714285714,1709.525,1,0.5855231756158759,0.17104635123175171,712.3943373083239,319,0,0.0
T0031676,1096.94,PAYMENT_TIMEOUT,37,0.945945945945946,13.0,1.0,0.0769230769230769,1905.0284615384612,1,0.6461816494682109,0.29236329893642177,708.8224985676593,320,1,1096.94
T0018040,1275.45,INSUFFICIENT_FUNDS,26,1.0,11.0,0.0,0.0,1970.154545454545,1,0.5546110144807865,0.10922202896157307,707.3786184195192,321,0,0.0
T0038915,1699.39,LIMIT_EXCEEDED,3,1.0,3.0,0.0,0.0,3917.2166666666662,1,0.4110918759407172,0.17781624811856556,698.6054230548955,322,1,1699.39
T0004943,1381.58,INSUFFICIENT_FUNDS,10,0.9,10.0,1.0,0.1,1768.687,1,0.5043316473617896,0.008663294723579185,696.7745173621013,323,1,1381.58
T0013482,1069.44,PAYMENT_TIMEOUT,13,1.0,13.0,0.0,0.0,1698.943076923077,1,0.64954411693185,0.2990882338637,694.6484604115977,324,1,1069.44
T0006027,1558.3,BANK_DECLINE,34,0.9117647058823528,14.0,1.0,0.0714285714285714,2284.4842857142858,1,0.445007122359893,0.10998575528021404,693.4545987734213,325,0,0.0
T0009778,1261.28,INSUFFICIENT_FUNDS,26,0.9230769230769232,11.0,0.0,0.0,2007.9336363636364,1,0.5495183587790343,0.09903671755806864,693.0965155608204,326,1,1261.28
T0042807,1080.42,NETWORK_ERROR,59,0.8983050847457628,22.0,2.0,0.0909090909090909,2151.227727272727,1,0.6392660474904288,0.2785320949808576,690.6758230296091,327,1,1080.42
T0045755,1041.16,PAYMENT_TIMEOUT,54,0.8703703703703703,17.0,2.0,0.1176470588235294,1843.8123529411769,1,0.6616567251912197,0.3233134503824393,688.8905160000903,328,1,1041.16
T0023062,1156.07,NETWORK_ERROR,52,0.9230769230769232,15.0,2.0,0.1333333333333333,2158.67,1,0.5957125481440105,0.19142509628802107,688.6854055328462,329,1,1156.07
T0011105,1332.24,INSUFFICIENT_FUNDS,21,0.8571428571428571,4.0,0.0,0.0,2628.29,1,0.5146192290441967,0.029238458088393315,685.5963217018406,330,1,1332.24
T0023790,999.41,PAYMENT_TIMEOUT,52,0.9615384615384616,15.0,0.0,0.0,1545.764,1,0.680785164234242,0.3615703284684839,680.3835009873437,331,1,999.41
T0005712,1056.42,PAYMENT_TIMEOUT,41,0.926829268292683,14.0,2.0,0.1428571428571428,3058.256428571429,1,0.6404127521468485,0.2808255042936969,676.5448396229737,332,1,1056.42
T0035884,1130.98,PAYMENT_TIMEOUT,9,0.8888888888888888,9.0,1.0,0.1111111111111111,2504.447777777777,1,0.5979146947458716,0.1958293894917431,676.2295614636859,333,1,1130.98
T0008039,1126.75,INSUFFICIENT_FUNDS,42,0.9047619047619048,22.0,1.0,0.0454545454545454,2030.4668181818183,1,0.5957542324760734,0.1915084649521468,671.2660814424157,334,1,1126.75
T0014749,1494.04,BANK_DECLINE,45,0.9111111111111112,17.0,3.0,0.1764705882352941,2709.2994117647063,1,0.4452337709629341,0.10953245807413181,665.197063169462,335,1,1494.04
T0028245,1069.29,NETWORK_ERROR,37,0.972972972972973,16.0,0.0,0.0,1800.341875,1,0.6205922551334779,0.24118451026695586,663.5930924916765,336,1,1069.29
T0008724,1121.91,NETWORK_ERROR,22,0.9545454545454546,11.0,0.0,0.0,2296.998181818182,1,0.5903076658435694,0.18061533168713884,662.272073386559,337,1,1121.91
T0022596,1042.99,PAYMENT_TIMEOUT,32,0.96875,6.0,0.0,0.0,1184.67,1,0.6338422755362394,0.2676845510724788,661.0911549615423,338,1,1042.99
T0012101,1542.26,BANK_DECLINE,9,1.0,9.0,0.0,0.0,1995.6922222222224,1,0.42832801468397025,0.1433439706320595,660.5931639265,339,0,0.0
T0015765,1432.74,NETWORK_ERROR,4,0.75,4.0,1.0,0.25,3357.05,1,0.4609891464737249,0.07802170705255018,660.4775897187646,340,1,1432.74
T0031689,1222.29,INSUFFICIENT_FUNDS,24,0.9583333333333334,13.0,1.0,0.0769230769230769,1731.0392307692307,1,0.5390026210364623,0.0780052420729247,658.8175136666575,341,1,1222.29
T0019297,1224.52,INSUFFICIENT_FUNDS,11,1.0,9.0,0.0,0.0,1922.8644444444444,1,0.5351837157466375,0.07036743149327496,655.3431636060725,342,1,1224.52
T0017328,1149.3,NETWORK_ERROR,14,1.0,7.0,0.0,0.0,1595.217142857143,1,0.5697918123751486,0.13958362475029729,654.8617299627583,343,1,1149.3
T0023298,1053.26,PAYMENT_TIMEOUT,6,1.0,6.0,0.0,0.0,2668.891666666667,1,0.6208633631984984,0.24172672639699688,653.9305459224505,344,0,0.0
T0027976,1094.02,PAYMENT_TIMEOUT,34,0.8235294117647058,14.0,4.0,0.2857142857142857,1919.094285714286,1,0.5934938258402683,0.18698765168053666,649.2941153457704,345,1,1094.02
T0015778,1788.51,LIMIT_EXCEEDED,9,0.7777777777777778,9.0,2.0,0.2222222222222222,2464.427777777777,1,0.3626860916023407,0.27462781679531856,648.6677016917024,346,0,0.0
T0026255,1162.47,INSUFFICIENT_FUNDS,23,1.0,11.0,0.0,0.0,2412.9036363636365,1,0.5537337884304391,0.10746757686087816,643.6989170367325,347,1,1162.47
T0002418,1210.33,INSUFFICIENT_FUNDS,15,1.0,7.0,0.0,0.0,1678.4885714285715,1,0.529599633300161,0.05919926660032204,640.9903241721838,348,1,1210.33
T0010150,1710.16,BANK_DECLINE,0,0.8714285714285714,0.0,0.0,0.0,0.0,1,0.3730233213914702,0.2539533572170596,637.9295633108367,349,0,0.0
T0024454,1283.41,INSUFFICIENT_FUNDS,1,1.0,1.0,0.0,0.0,2212.91,1,0.49598936457938797,0.00802127084122406,636.5577103948324,350,0,0.0
T0031150,1307.58,BANK_DECLINE,64,0.96875,17.0,1.0,0.0588235294117647,1350.4411764705883,1,0.48604254782145256,0.027914904357094872,635.539514680375,351,1,1307.58
T0017469,1455.3,BANK_DECLINE,24,0.9583333333333334,8.0,0.0,0.0,2287.62375,1,0.4338047390407227,0.1323905219185546,631.3160367259637,352,1,1455.3
T0007945,1623.52,BANK_DECLINE,1,1.0,1.0,0.0,0.0,726.46,1,0.38785577127555976,0.22428845744888048,629.6916017812968,353,0,0.0
T0038114,1357.13,LIMIT_EXCEEDED,32,0.9375,16.0,1.0,0.0625,1605.60625,1,0.46103325025931735,0.0779334994813653,625.6820549244275,354,1,1357.13
T0044954,988.27,PAYMENT_TIMEOUT,8,1.0,8.0,0.0,0.0,2569.06125,1,0.629730751609993,0.25946150321998607,622.3440098936078,355,0,0.0
T0030471,1148.73,INSUFFICIENT_FUNDS,37,0.945945945945946,11.0,1.0,0.0909090909090909,2823.337272727273,1,0.5384792970469614,0.0769585940939228,618.567322896756,356,0,0.0
T0020946,1153.86,INSUFFICIENT_FUNDS,33,0.8787878787878788,14.0,2.0,0.1428571428571428,2359.2671428571425,1,0.5311080637570084,0.06221612751401673,612.8243504466616,357,1,1153.86
T0038580,1312.56,BANK_DECLINE,33,0.9696969696969696,12.0,0.0,0.0,1772.5391666666667,1,0.4562540294543635,0.087491941091273,598.8607889006194,358,1,1312.56
T0008294,974.15,NETWORK_ERROR,33,0.9393939393939394,14.0,0.0,0.0,2348.4864285714284,1,0.6094428808252563,0.21888576165051266,593.6887823559234,359,1,974.15
T0006532,1387.59,LIMIT_EXCEEDED,35,0.9428571428571428,10.0,1.0,0.1,1488.9540000000002,1,0.427114650552562,0.14577069889487604,592.6600179602294,360,1,1387.59
T0009472,1318.74,BANK_DECLINE,25,0.92,12.0,0.0,0.0,1839.069166666667,1,0.446956432073917,0.106087135852166,589.4193252331573,361,1,1318.74
T0010518,1385.67,LIMIT_EXCEEDED,46,0.8695652173913043,12.0,2.0,0.1666666666666666,1880.6275000000005,1,0.4242259504637402,0.15154809907251965,587.8371727790909,362,1,1385.67
T0021304,1486.23,BANK_DECLINE,18,0.8888888888888888,11.0,2.0,0.1818181818181818,2938.222727272727,1,0.39241841855020737,0.21516316289958526,583.2240262018747,363,0,0.0
T0013361,982.62,NETWORK_ERROR,13,1.0,13.0,0.0,0.0,982.69,1,0.5913349259862811,0.18266985197256225,581.0575249726396,364,1,982.62
T0031997,1487.07,BANK_DECLINE,1,1.0,1.0,0.0,0.0,1727.22,1,0.39066002776257863,0.21867994447484274,580.9388074848978,365,1,1487.07
T0030009,1281.48,LIMIT_EXCEEDED,41,0.951219512195122,8.0,0.0,0.0,2356.31625,1,0.45295344912695495,0.09409310174609009,580.4507859872102,366,1,1281.48
T0028280,1390.62,BANK_DECLINE,41,0.926829268292683,12.0,2.0,0.1666666666666666,1568.4516666666666,1,0.41735890576140394,0.16528218847719212,580.3876415299235,367,1,1390.62
T0013528,1175.18,LIMIT_EXCEEDED,33,0.9393939393939394,20.0,0.0,0.0,2140.827,1,0.4938523864822071,0.012295227035585832,580.3654475461601,368,1,1175.18
T0036030,1101.5,NETWORK_ERROR,0,0.967741935483871,0.0,0.0,0.0,0.0,1,0.5249275858387936,0.04985517167758724,578.2077358014312,369,0,0.0
T0016981,1267.85,BANK_DECLINE,13,1.0,13.0,0.0,0.0,3282.6423076923074,1,0.4511695882497816,0.09766082350043681,572.0153624624855,370,1,1267.85
T0033036,1216.4,BANK_DECLINE,47,0.9148936170212766,16.0,1.0,0.0625,1960.240625,1,0.46591050424647534,0.06817899150704931,566.7335373654126,371,1,1216.4
T0025688,1133.12,INSUFFICIENT_FUNDS,32,0.90625,7.0,1.0,0.1428571428571428,2900.608571428572,1,0.49881979247776675,0.0023604150444664906,565.222683252407,372,1,1133.12
T0012181,1167.93,NETWORK_ERROR,5,0.8,5.0,1.0,0.2,2015.71,1,0.48277799741432675,0.03444400517134649,563.8509065201147,373,0,0.0
T0016455,854.81,PAYMENT_TIMEOUT,35,0.9428571428571428,12.0,0.0,0.0,2213.3916666666664,1,0.6592705106225041,0.31854102124500816,563.5510251852227,374,1,854.81
T0023557,909.83,PAYMENT_TIMEOUT,12,0.9166666666666666,10.0,1.0,0.1,5862.825,1,0.6182519921586848,0.23650398431736952,562.5042100257361,375,1,909.83
T0031278,965.67,INSUFFICIENT_FUNDS,51,0.9215686274509804,17.0,1.0,0.0588235294117647,2155.7000000000003,1,0.5803845231832166,0.1607690463664333,560.4599225023368,376,1,965.67
T0016500,2967.37,INSUFFICIENT_FUNDS,3,0.3333333333333333,3.0,2.0,0.6666666666666666,2355.4333333333334,2,0.18689367489916672,0.6262126502016665,554.5826840855403,377,0,0.0
T0005571,1026.69,NETWORK_ERROR,48,0.8333333333333334,9.0,2.0,0.2222222222222222,1956.9666666666667,1,0.5335916696136076,0.0671833392272152,547.8332312755948,378,0,0.0
T0020450,1138.94,LIMIT_EXCEEDED,52,0.9615384615384616,12.0,0.0,0.0,1822.4808333333333,1,0.4769710614723157,0.04605787705536857,543.2414207532793,379,0,0.0
T0021693,1025.58,NETWORK_ERROR,78,0.9230769230769232,21.0,3.0,0.1428571428571428,1954.9642857142856,2,0.5285665819802446,0.057133163960489286,542.0873151472993,380,0,0.0
T0006984,1318.64,BANK_DECLINE,14,0.8571428571428571,14.0,2.0,0.1428571428571428,2120.737857142857,1,0.4096981286204722,0.18060374275905555,540.2443403240995,381,0,0.0
T0040618,982.08,INSUFFICIENT_FUNDS,32,0.84375,11.0,0.0,0.0,1595.4272727272728,1,0.5481784169419686,0.09635683388393712,538.3550597103686,382,1,982.08
T0008368,913.32,NETWORK_ERROR,25,0.84,18.0,2.0,0.1111111111111111,1785.0344444444445,1,0.5885413293914469,0.17708265878289375,537.5265669597962,383,0,0.0
T0025637,1258.32,BANK_DECLINE,14,1.0,6.0,0.0,0.0,2758.3483333333334,1,0.4228285236336423,0.15434295273271537,532.0535878586848,384,1,1258.32
T0000433,1230.15,BANK_DECLINE,23,0.9565217391304348,12.0,1.0,0.0833333333333333,2619.6275,1,0.4294444209452173,0.14111115810956543,528.2810544257591,385,1,1230.15
T0004784,1095.66,LIMIT_EXCEEDED,27,0.925925925925926,18.0,0.0,0.0,2360.2572222222225,1,0.4810258911531194,0.03794821769376122,527.0408279008268,386,0,0.0
T0024020,1246.89,BANK_DECLINE,35,0.9142857142857144,10.0,1.0,0.1,2182.246,1,0.4211392545679332,0.15772149086413356,525.1143251282103,387,0,0.0
T0035164,1192.7,INSUFFICIENT_FUNDS,13,0.6923076923076923,10.0,3.0,0.3,1649.361,1,0.43961538359263574,0.12076923281472851,524.3292680109366,388,1,1192.7
T0015852,1400.01,BANK_DECLINE,0,0.8552631578947368,0.0,0.0,0.0,0.0,1,0.37259255738590336,0.2548148852281933,521.6333062658385,389,1,1400.01
T0018897,1013.71,INSUFFICIENT_FUNDS,5,1.0,5.0,0.0,0.0,1492.5279999999998,1,0.5138158983339091,0.02763179666781812,520.860314300067,390,0,0.0
T0044225,1025.85,INSUFFICIENT_FUNDS,15,0.8666666666666667,10.0,1.0,0.1,1762.747,1,0.5066094520004978,0.013218904000995568,519.7053063347106,391,1,1025.85
T0014702,898.63,INSUFFICIENT_FUNDS,43,0.9302325581395348,19.0,2.0,0.1052631578947368,3588.972631578947,1,0.5781743557394726,0.15634871147894525,519.5648212981623,392,1,898.63
T0006681,964.34,INSUFFICIENT_FUNDS,9,1.0,9.0,0.0,0.0,2371.0666666666666,1,0.5353849288409517,0.07076985768190336,516.2931022784834,393,1,964.34
T0010667,1125.87,BANK_DECLINE,39,0.8974358974358975,21.0,4.0,0.1904761904761904,2700.431904761904,1,0.4584929248014191,0.08301415039716176,516.2034292461736,394,1,1125.87
T0031352,1069.78,BANK_DECLINE,41,0.902439024390244,17.0,0.0,0.0,2401.116470588235,1,0.47999932924579425,0.0400013415084115,513.4936824405657,395,1,1069.78
T0000183,806.92,PAYMENT_TIMEOUT,10,1.0,10.0,0.0,0.0,1383.342,1,0.6360643634896447,0.27212872697928936,513.2530561870641,396,1,806.92
T0014416,1151.44,BANK_DECLINE,12,1.0,12.0,0.0,0.0,1997.246666666667,1,0.4432852035989535,0.11342959280209297,510.41631483197904,397,0,0.0
T0000114,1205.58,BANK_DECLINE,8,1.0,6.0,0.0,0.0,2449.7383333333337,1,0.41764812423019776,0.16470375153960448,503.5082256094418,398,0,0.0
T0007204,2259.71,LIMIT_EXCEEDED,6,0.6666666666666666,6.0,2.0,0.3333333333333333,4044.391666666667,2,0.2227349149443624,0.5545301701112753,503.3163146489252,399,0,0.0
T0020901,1003.41,INSUFFICIENT_FUNDS,2,1.0,2.0,0.0,0.0,742.3,1,0.49745680464472175,0.005086390710556499,499.15313234856023,400,1,1003.41
T0029832,1075.92,BANK_DECLINE,41,1.0,11.0,0.0,0.0,2004.028181818182,1,0.4615199282951691,0.07696014340966184,496.55852125133833,401,1,1075.92
T0010429,807.29,PAYMENT_TIMEOUT,20,0.8,17.0,4.0,0.2352941176470588,2757.48,1,0.6120218021843692,0.22404360436873838,494.0790806854194,402,1,807.29
T0003583,779.11,PAYMENT_TIMEOUT,36,0.9722222222222222,10.0,1.0,0.1,2535.8,1,0.6310524279116598,0.26210485582331966,491.6592571102533,403,1,779.11
T0033915,1193.48,BANK_DECLINE,2,1.0,2.0,0.0,0.0,7833.16,1,0.41146910727977853,0.17706178544044293,491.08015015627007,404,1,1193.48
T0013176,1110.34,BANK_DECLINE,11,1.0,11.0,0.0,0.0,2705.9654545454546,1,0.440499741966166,0.11900051606766804,489.1044834947127,405,0,0.0
T0040449,1031.94,LIMIT_EXCEEDED,28,0.9642857142857144,13.0,0.0,0.0,2599.746923076923,1,0.46510225396344246,0.06979549207311508,479.95761995503483,406,1,1031.94
T0006704,836.96,PAYMENT_TIMEOUT,7,0.8571428571428571,7.0,1.0,0.1428571428571428,955.7928571428572,1,0.5728256864326288,0.14565137286525753,479.432186516653,407,1,836.96
T0023506,1115.69,LIMIT_EXCEEDED,31,0.8387096774193549,14.0,2.0,0.1428571428571428,1940.5071428571428,1,0.4272385292017156,0.14552294159656876,476.6657546450621,408,1,1115.69
T0001894,1063.04,BANK_DECLINE,24,1.0,11.0,0.0,0.0,1614.14,1,0.44757968171734247,0.10484063656531506,475.7951048528037,409,1,1063.04
T0020490,1040.28,BANK_DECLINE,32,1.0,11.0,0.0,0.0,1010.3581818181818,1,0.4521137955196847,0.09577240896063055,470.32493920321764,410,0,0.0
T0045230,714.87,PAYMENT_TIMEOUT,24,0.9166666666666666,12.0,0.0,0.0,2698.9691666666668,1,0.6514521855732045,0.302904371146409,465.7036239007167,411,1,714.87
T0004005,1133.97,BANK_DECLINE,5,1.0,5.0,0.0,0.0,1019.128,1,0.40796376672280543,0.18407246655438914,462.6186725506597,412,0,0.0
T0011274,1015.34,BANK_DECLINE,38,1.0,10.0,0.0,0.0,1556.508,1,0.45417755749299066,0.09164488501401868,461.14464122493314,413,1,1015.34
T0000901,1160.94,BANK_DECLINE,2,1.0,2.0,0.0,0.0,2220.225,1,0.39714430238763554,0.20571139522472892,461.06070641390164,414,1,1160.94
T0023879,1256.01,BANK_DECLINE,41,0.975609756097561,18.0,1.0,0.0555555555555555,2053.2761111111117,2,0.36375933870787563,0.27248132258424873,456.8853670104789,415,1,1256.01
T0001142,897.12,INSUFFICIENT_FUNDS,35,0.8571428571428571,11.0,2.0,0.1818181818181818,1963.9645454545453,1,0.505622981781729,0.011245963563458083,453.60448941602476,416,1,897.12
T0000671,1107.12,BANK_DECLINE,5,1.0,5.0,0.0,0.0,1607.742,1,0.4095324655670659,0.1809350688658682,453.40158327860996,417,1,1107.12
T0020991,1115.13,BANK_DECLINE,4,1.0,4.0,0.0,0.0,1457.4975000000002,1,0.40450033433622185,0.1909993313275563,451.0704578283511,418,1,1115.13
T0032153,946.46,BANK_DECLINE,40,1.0,15.0,0.0,0.0,1670.6333333333334,1,0.47619122075714965,0.047617558485700706,450.6959427978119,419,1,946.46
T0028547,1301.5,LIMIT_EXCEEDED,22,0.8636363636363636,21.0,3.0,0.1428571428571428,1821.8733333333332,2,0.34526695635069987,0.30946608729860026,449.3649436904359,420,1,1301.5
T0018191,674.42,PAYMENT_TIMEOUT,51,0.9411764705882352,13.0,1.0,0.0769230769230769,1720.4423076923076,1,0.6560035794746212,0.31200715894924236,442.421934069274,421,1,674.42
T0023520,1370.52,BANK_DECLINE,7,0.7142857142857143,4.0,1.0,0.25,2289.685,1,0.31966121945624776,0.3606775610875045,438.1020944891767,422,1,1370.52
T0032708,1138.68,BANK_DECLINE,12,0.9166666666666666,7.0,1.0,0.1428571428571428,3421.732857142857,1,0.38239922206883625,0.2352015558623275,435.4303461853425,423,0,0.0
T0027860,856.0,INSUFFICIENT_FUNDS,23,0.9130434782608696,9.0,1.0,0.1111111111111111,1472.5144444444445,1,0.5077856577254839,0.015571315450967793,434.6645230130142,424,1,856.0
T0014407,848.44,INSUFFICIENT_FUNDS,15,0.9333333333333332,10.0,1.0,0.1,1015.7050000000002,1,0.5095664133184558,0.019132826636911515,432.3365277159106,425,1,848.44
T0025062,892.61,NETWORK_ERROR,31,0.9032258064516128,18.0,2.0,0.1111111111111111,1479.6483333333335,2,0.4819419153761451,0.03611616924770977,430.1861730839009,426,1,892.61
T0010074,694.6,NETWORK_ERROR,36,0.9166666666666666,18.0,1.0,0.0555555555555555,2552.73,1,0.6153438499120174,0.2306876998240348,427.4178381488873,427,1,694.6
T0024029,1022.9,LIMIT_EXCEEDED,5,1.0,5.0,0.0,0.0,1464.85,1,0.4154367898232293,0.16912642035354142,424.9502923101812,428,1,1022.9
T0042165,682.19,NETWORK_ERROR,45,0.9777777777777776,13.0,0.0,0.0,2879.0915384615387,1,0.618768095550427,0.237536191100854,422.1174071035458,429,0,0.0
T0021765,704.2,NETWORK_ERROR,44,0.9772727272727272,13.0,1.0,0.0769230769230769,2030.3776923076923,1,0.597811476295129,0.19562295259025797,420.97884160702984,430,1,704.2
T0005622,718.44,NETWORK_ERROR,41,0.8536585365853658,17.0,3.0,0.1764705882352941,1284.7358823529412,1,0.5819681871470689,0.16393637429413777,418.1092243739402,431,1,718.44
T0037261,778.06,INSUFFICIENT_FUNDS,9,1.0,9.0,0.0,0.0,2493.8922222222222,1,0.5360978166845447,0.07219563336908941,417.1162672495768,432,0,0.0
T0012287,1014.55,BANK_DECLINE,33,0.9393939393939394,8.0,1.0,0.125,1790.42125,1,0.40489710804727425,0.1902057839054515,410.7883609693621,433,0,0.0
T0026587,660.2,NETWORK_ERROR,36,0.9444444444444444,18.0,1.0,0.0555555555555555,1827.198888888889,1,0.615388508276192,0.23077701655238392,406.27949316394194,434,1,660.2
T0030481,994.44,INSUFFICIENT_FUNDS,38,0.9210526315789472,12.0,2.0,0.1666666666666666,2683.786666666667,2,0.4084181837368958,0.18316363252620838,406.1473786353187,435,0,0.0
T0027448,1063.72,BANK_DECLINE,22,0.9545454545454546,6.0,1.0,0.1666666666666666,3121.35,1,0.3802042877187796,0.23959142456244076,404.43090493222024,436,1,1063.72
T0024290,712.32,INSUFFICIENT_FUNDS,22,0.9545454545454546,17.0,1.0,0.0588235294117647,1890.375882352941,1,0.5606191672441904,0.12123833448838073,399.3402452113817,437,1,712.32
T0008920,992.41,INSUFFICIENT_FUNDS,8,0.625,8.0,3.0,0.375,993.94375,1,0.3979582949986598,0.20408341000268038,394.93779153962,438,0,0.0
T0044537,873.23,LIMIT_EXCEEDED,36,0.9444444444444444,9.0,0.0,0.0,1507.7555555555557,1,0.45129057382422527,0.09741885235154946,394.08046778052824,439,0,0.0
T0020930,896.6,BANK_DECLINE,27,0.8888888888888888,16.0,2.0,0.125,2298.30875,1,0.43655458713462475,0.1268908257307505,391.41484282490455,440,1,896.6
T0029978,903.18,BANK_DECLINE,20,0.95,8.0,0.0,0.0,2673.2074999999995,1,0.4323703690319425,0.13525926193611504,390.5082699022698,441,1,903.18
T0044597,744.15,INSUFFICIENT_FUNDS,40,0.9,12.0,2.0,0.1666666666666666,2304.4666666666667,1,0.5226860727693491,0.04537214553869817,388.95684105131113,442,1,744.15
T0004847,850.16,BANK_DECLINE,15,1.0,15.0,0.0,0.0,1711.7959999999998,1,0.45740152931690126,0.08519694136619749,388.86448416405676,443,1,850.16
T0040700,624.2,INSUFFICIENT_FUNDS,57,0.9473684210526316,26.0,2.0,0.0769230769230769,1933.5203846153845,1,0.6220317836880492,0.24406356737609847,388.27223937808037,444,1,624.2
T0041719,846.45,BANK_DECLINE,24,1.0,13.0,0.0,0.0,2052.855384615385,1,0.45716900342452466,0.08566199315095069,386.97070294868894,445,1,846.45
T0035909,961.12,BANK_DECLINE,2,1.0,2.0,0.0,0.0,4102.085,1,0.4023526051451178,0.19529478970976444,386.7091358570756,446,0,0.0
T0016648,640.92,PAYMENT_TIMEOUT,2,1.0,2.0,0.0,0.0,1216.35,1,0.5997605839331802,0.19952116786636043,384.39855345445386,447,0,0.0
T0019360,959.03,LIMIT_EXCEEDED,9,0.8888888888888888,9.0,1.0,0.1111111111111111,2271.1222222222223,1,0.399568619647928,0.200862760704144,383.1982933009524,448,0,0.0
T0030928,621.54,PAYMENT_TIMEOUT,36,0.8888888888888888,15.0,4.0,0.2666666666666666,2251.812,1,0.6109932160906049,0.22198643218120973,379.7567235289545,449,0,0.0
T0019137,684.65,INSUFFICIENT_FUNDS,14,1.0,12.0,0.0,0.0,2520.3575,1,0.55215846861809,0.10431693723618007,378.03529553937534,450,0,0.0
T0000667,695.21,INSUFFICIENT_FUNDS,23,0.8695652173913043,17.0,2.0,0.1176470588235294,2035.7917647058823,1,0.5433109206934718,0.08662184138694351,377.71518517530853,451,1,695.21
T0000192,615.14,NETWORK_ERROR,39,0.9230769230769232,17.0,1.0,0.0588235294117647,1971.2135294117645,1,0.6117817262513902,0.2235634525027803,376.3314110862801,452,0,0.0
T0019913,605.88,PAYMENT_TIMEOUT,6,1.0,6.0,0.0,0.0,1839.34,1,0.619664924186729,0.23932984837345805,375.4425842662554,453,0,0.0
T0036572,852.16,LIMIT_EXCEEDED,33,0.8787878787878788,12.0,1.0,0.0833333333333333,2792.3425,1,0.43915901300271015,0.1216819739945797,374.23374452038945,454,0,0.0
T0045712,977.5,BANK_DECLINE,0,1.0,0.0,0.0,0.0,0.0,1,0.38276083012763373,0.23447833974473253,374.14871144976195,455,1,977.5
T0044928,912.46,INSUFFICIENT_FUNDS,10,0.7,6.0,2.0,0.3333333333333333,2669.668333333333,1,0.40796264599120136,0.1840747080175973,372.2495959611316,456,0,0.0
T0020069,604.98,NETWORK_ERROR,28,1.0,16.0,0.0,0.0,1042.6675,1,0.614832641521314,0.229665283042628,371.96145146756453,457,1,604.98
T0026611,545.61,PAYMENT_TIMEOUT,34,0.9705882352941176,16.0,0.0,0.0,1985.571875,1,0.6746303403538817,0.3492606807077634,368.0850600004814,458,0,0.0
T0025050,732.93,LIMIT_EXCEEDED,62,0.8870967741935484,21.0,2.0,0.0952380952380952,2218.563333333333,1,0.49942656861590634,0.0011468627681873178,366.0447149356562,459,1,732.93
T0026617,662.72,INSUFFICIENT_FUNDS,25,0.92,10.0,0.0,0.0,3064.175,1,0.5485836809697137,0.09716736193942732,363.5573770522486,460,0,0.0
T0037232,685.21,INSUFFICIENT_FUNDS,16,0.9375,12.0,1.0,0.0833333333333333,2048.2691666666665,1,0.5272903237040195,0.05458064740803903,361.3046027052312,461,1,685.21
T0006739,801.96,BANK_DECLINE,17,1.0,11.0,0.0,0.0,1693.3745454545451,1,0.44301981649298594,0.11396036701402812,355.284172034715,462,0,0.0
T0034899,641.57,INSUFFICIENT_FUNDS,34,0.9705882352941176,13.0,1.0,0.0769230769230769,2139.8884615384613,1,0.549735314845492,0.09947062969098397,352.6936859454223,463,1,641.57
T0030466,576.66,NETWORK_ERROR,28,0.9642857142857144,14.0,0.0,0.0,2334.775,1,0.6081719374156116,0.2163438748312232,350.70842943008654,464,1,576.66
T0038605,796.3,LIMIT_EXCEEDED,11,1.0,10.0,0.0,0.0,1461.208,1,0.44011605233542445,0.11976789532915111,350.46441247469846,465,0,0.0
T0018611,611.91,INSUFFICIENT_FUNDS,45,0.9555555555555556,16.0,1.0,0.0625,1683.786875,1,0.5725316553112089,0.14506331062241773,350.3378452014818,466,0,0.0
T0036279,580.6,NETWORK_ERROR,51,0.9411764705882352,13.0,1.0,0.0769230769230769,2568.094615384616,1,0.6022127584597896,0.20442551691957922,349.6447275617539,467,1,580.6
T0041660,645.37,INSUFFICIENT_FUNDS,14,0.9285714285714286,14.0,1.0,0.0714285714285714,2244.296428571429,1,0.5377242597151077,0.07544851943021547,347.03110549233907,468,1,645.37
T0040033,550.87,PAYMENT_TIMEOUT,17,1.0,5.0,0.0,0.0,3855.964,1,0.6289487429667496,0.25789748593349926,346.4689940380934,469,1,550.87
T0022129,823.55,BANK_DECLINE,7,1.0,7.0,0.0,0.0,2045.1914285714288,1,0.4205533557937956,0.1588932884124088,346.3467161639804,470,1,823.55
T0042579,1124.12,BANK_DECLINE,6,0.6666666666666666,6.0,2.0,0.3333333333333333,2291.161666666667,1,0.3054995089383522,0.3890009821232956,343.41810798778045,471,0,0.0
T0017826,702.01,BANK_DECLINE,45,0.9777777777777776,17.0,0.0,0.0,2150.3923529411763,1,0.48833253717533054,0.023334925649338922,342.8143244224538,472,1,702.01
T0012538,624.01,INSUFFICIENT_FUNDS,15,0.9333333333333332,15.0,1.0,0.0666666666666666,2069.5226666666667,1,0.5439700954651939,0.08794019093038785,339.4427792712357,473,1,624.01
T0004910,584.8,NETWORK_ERROR,10,1.0,9.0,0.0,0.0,2184.3822222222225,1,0.5773599453716123,0.15471989074322456,337.6400960533188,474,1,584.8
T0017950,527.85,PAYMENT_TIMEOUT,25,0.92,8.0,0.0,0.0,2948.9475,1,0.6385751983726877,0.27715039674537545,337.07191846102324,475,0,0.0
T0037614,1224.74,NETWORK_ERROR,9,0.7777777777777778,8.0,2.0,0.25,1858.81375,3,0.2724920918224771,0.45501581635504584,333.7319645386606,476,1,1224.74
T0030460,601.56,NETWORK_ERROR,2,1.0,2.0,0.0,0.0,2222.935,1,0.5436045680594803,0.08720913611896064,327.01076396186096,477,1,601.56
T0037164,742.49,BANK_DECLINE,13,1.0,10.0,0.0,0.0,2480.646,1,0.43821021900432366,0.12357956199135267,325.3667055085203,478,0,0.0
T0022537,721.78,NETWORK_ERROR,33,0.8787878787878788,15.0,3.0,0.2,1572.369333333333,2,0.4476338595452713,0.10473228090945741,323.0931671425859,479,1,721.78
T0013884,753.19,BANK_DECLINE,16,0.9375,13.0,1.0,0.0769230769230769,2087.9738461538464,1,0.4285314995312989,0.14293700093740225,322.765640131979,480,1,753.19
T0019419,555.68,NETWORK_ERROR,22,0.9545454545454546,12.0,1.0,0.0833333333333333,3814.5466666666666,1,0.5788770467111521,0.1577540934223043,321.670397316453,481,1,555.68
T0038648,799.13,BANK_DECLINE,3,1.0,3.0,0.0,0.0,2129.57,1,0.4022418467380812,0.19551630652383756,321.4435269838028,482,1,799.13
T0031813,1122.07,BANK_DECLINE,3,0.6666666666666666,3.0,1.0,0.3333333333333333,1543.13,1,0.2862503549846111,0.4274992900307778,321.19293581758257,483,1,1122.07
T0016314,711.4,BANK_DECLINE,31,0.967741935483871,10.0,0.0,0.0,2169.754,1,0.4489096800100747,0.10218063997985061,319.35434635916715,484,1,711.4
T0022816,450.44,PAYMENT_TIMEOUT,73,0.9315068493150684,21.0,1.0,0.0476190476190476,2384.8828571428567,1,0.7083338871488463,0.41666777429769253,319.0619161273263,485,1,450.44
T0011220,765.01,BANK_DECLINE,20,0.9,11.0,1.0,0.0909090909090909,1808.634545454545,1,0.41586069927489483,0.16827860145021034,318.1375935522873,486,1,765.01
T0005945,759.13,BANK_DECLINE,45,0.9333333333333332,8.0,1.0,0.125,1505.2925,1,0.4131821733715949,0.17363565325681019,313.65898327157885,487,1,759.13
T0010183,889.34,NETWORK_ERROR,2,0.5,2.0,1.0,0.5,1295.06,1,0.35120036972367985,0.2975992605526403,312.33653681005745,488,1,889.34
T0002285,574.39,INSUFFICIENT_FUNDS,14,1.0,10.0,0.0,0.0,1495.891,1,0.5416991188441214,0.08339823768824273,311.14655687287484,489,0,0.0
T0020416,541.39,INSUFFICIENT_FUNDS,37,1.0,12.0,0.0,0.0,1897.74,1,0.5682147553213718,0.13642951064274356,307.62578638343746,490,1,541.39
T0031682,695.02,BANK_DECLINE,19,1.0,10.0,0.0,0.0,2151.25,1,0.4419825599096817,0.11603488018063657,307.18671878842696,491,0,0.0
T0016656,695.04,BANK_DECLINE,31,0.9032258064516128,8.0,0.0,0.0,2787.26125,1,0.4382413808403701,0.12351723831925976,304.59528933929084,492,1,695.04
T0006448,560.96,INSUFFICIENT_FUNDS,45,0.9111111111111112,11.0,1.0,0.0909090909090909,1666.6772727272728,1,0.5403676132890259,0.08073522657805188,303.12461635061203,493,1,560.96
T0009904,530.34,INSUFFICIENT_FUNDS,31,0.935483870967742,15.0,0.0,0.0,1339.852,1,0.5697758784396475,0.139551756879295,302.1749393716827,494,1,530.34
T0010756,716.96,LIMIT_EXCEEDED,11,0.9090909090909092,11.0,1.0,0.0909090909090909,3616.75,1,0.4206537781739577,0.15869244365208457,301.5919327996007,495,1,716.96
T0014761,695.54,BANK_DECLINE,32,0.96875,11.0,1.0,0.0909090909090909,2958.6981818181816,1,0.43259889706904375,0.1348022058619125,300.88983686740266,496,1,695.54
T0034482,654.79,BANK_DECLINE,25,0.88,18.0,1.0,0.0555555555555555,2272.603333333333,1,0.4590465503520936,0.08190689929581285,300.57909070504735,497,1,654.79
T0019997,697.51,BANK_DECLINE,10,1.0,9.0,0.0,0.0,1311.25,1,0.4290263307311991,0.14194733853760177,299.2501559483187,498,1,697.51
T0021313,564.77,INSUFFICIENT_FUNDS,27,0.8518518518518519,18.0,4.0,0.2222222222222222,2328.276666666666,1,0.5289588347859453,0.057917669571890595,298.7400811220583,499,0,0.0
T0042549,475.94,PAYMENT_TIMEOUT,7,1.0,7.0,0.0,0.0,1888.8357142857144,1,0.6245541210139873,0.24910824202797466,297.2502883553971,500,1,475.94
T0029092,780.83,BANK_DECLINE,0,0.9454545454545454,0.0,0.0,0.0,0.0,1,0.37961726068689317,0.24076547862621367,296.4165456621468,501,0,0.0
T0010789,614.39,LIMIT_EXCEEDED,59,0.9661016949152542,15.0,1.0,0.0666666666666666,2238.4186666666665,1,0.48146831036556453,0.03706337926887093,295.80931520549916,502,1,614.39
T0028119,720.76,BANK_DECLINE,23,0.9130434782608696,12.0,2.0,0.1666666666666666,1695.3574999999998,1,0.4047506016125418,0.19049879677491643,291.72804361825564,503,0,0.0
T0028429,765.39,BANK_DECLINE,0,0.9130434782608696,0.0,0.0,0.0,0.0,1,0.3775546505792049,0.2448906988415902,288.97655400681765,504,0,0.0
T0014810,518.56,INSUFFICIENT_FUNDS,42,0.9761904761904762,7.0,0.0,0.0,2734.9157142857143,1,0.552782750424167,0.10556550084833405,286.651023059956,505,1,518.56
T0015931,476.58,NETWORK_ERROR,56,0.875,15.0,2.0,0.1333333333333333,2345.934,1,0.5973398641517076,0.19467972830341518,284.6802324574208,506,1,476.58
T0006144,503.45,INSUFFICIENT_FUNDS,23,1.0,12.0,0.0,0.0,1729.0675,1,0.5572764289242884,0.11455285784857683,280.560818141933,507,1,503.45
T0012291,477.65,NETWORK_ERROR,31,0.967741935483871,8.0,0.0,0.0,1827.77625,1,0.586264115227552,0.1725282304551039,280.0290546384402,508,1,477.65
T0012720,455.06,NETWORK_ERROR,44,0.9318181818181818,13.0,0.0,0.0,1954.9869230769232,1,0.6131801623230075,0.22636032464601508,279.03376466670784,509,1,455.06
T0017842,521.56,NETWORK_ERROR,22,0.8181818181818182,9.0,2.0,0.2222222222222222,2745.051111111112,1,0.515797792443663,0.031595584887325945,269.0194966269168,510,1,521.56
T0021006,600.41,BANK_DECLINE,47,0.9361702127659576,12.0,1.0,0.0833333333333333,2156.561666666667,1,0.44628547776489946,0.10742904447020107,267.9542637048233,511,0,0.0
T0032633,439.8,NETWORK_ERROR,44,0.9090909090909092,15.0,1.0,0.0666666666666666,2597.956,1,0.6062992689919877,0.21259853798397543,266.6504185026762,512,1,439.8
T0030981,606.82,BANK_DECLINE,11,1.0,11.0,0.0,0.0,1819.7318181818184,1,0.4392131723376801,0.12157365532463982,266.52333723795107,513,1,606.82
T0022581,642.01,BANK_DECLINE,5,1.0,5.0,0.0,0.0,2739.124,1,0.41339156871704263,0.17321686256591473,265.40152103202854,514,1,642.01
T0004637,564.45,NETWORK_ERROR,21,0.8571428571428571,8.0,3.0,0.375,2528.00875,1,0.46890817064246915,0.06218365871506171,264.67521691914175,515,0,0.0
T0014571,641.17,BANK_DECLINE,5,1.0,5.0,0.0,0.0,1940.654,1,0.4113334462678371,0.17733310746432585,263.7346657435491,516,1,641.17
T0028520,653.51,BANK_DECLINE,5,1.0,3.0,0.0,0.0,1375.3100000000002,1,0.40208032164772084,0.19583935670455832,262.76351100000204,517,0,0.0
T0027560,466.83,NETWORK_ERROR,18,0.9444444444444444,9.0,1.0,0.1111111111111111,2758.1288888888885,1,0.5516324449673534,0.10326488993470684,257.5185742841096,518,1,466.83
T0037771,936.07,NETWORK_ERROR,3,0.6666666666666666,2.0,1.0,0.5,6446.889999999999,2,0.274205004158866,0.451589991682268,256.67507824298974,519,0,0.0
T0031500,795.89,BANK_DECLINE,30,0.8666666666666667,17.0,3.0,0.1764705882352941,1701.8058823529411,2,0.3216986421710826,0.35660271565783475,256.03673231754294,520,1,795.89
T0034584,436.71,NETWORK_ERROR,15,1.0,10.0,0.0,0.0,1683.114,1,0.5840229146742204,0.1680458293484408,255.0486470673788,521,1,436.71
T0033862,759.17,NETWORK_ERROR,17,0.8823529411764706,13.0,2.0,0.1538461538461538,1518.8123076923075,3,0.3274309708288759,0.3451380583422482,248.5757701241577,522,1,759.17
T0018843,553.95,LIMIT_EXCEEDED,33,0.9696969696969696,7.0,0.0,0.0,2996.8700000000003,1,0.4473365844830651,0.10532683103386975,247.80210097439394,523,1,553.95
T0026881,517.86,LIMIT_EXCEEDED,19,0.9473684210526316,16.0,0.0,0.0,1762.941875,1,0.46795476025411165,0.06409047949177671,242.33505214519425,524,0,0.0
T0027948,423.79,INSUFFICIENT_FUNDS,23,0.9130434782608696,18.0,1.0,0.0555555555555555,1420.6844444444444,1,0.5629722060436121,0.12594441208722418,238.5819911992224,525,0,0.0
T0027304,430.14,NETWORK_ERROR,25,0.92,8.0,1.0,0.125,1470.6850000000002,1,0.5433990592856165,0.08679811857123299,233.73767136111508,526,1,430.14
T0019516,607.12,INSUFFICIENT_FUNDS,3,0.6666666666666666,3.0,1.0,0.3333333333333333,2114.54,1,0.38186197544916506,0.23627604910166988,231.8360425346971,527,0,0.0
T0045263,378.61,NETWORK_ERROR,35,0.9428571428571428,10.0,0.0,0.0,2146.641,1,0.5963889273253756,0.19277785465075126,225.79881177466046,528,1,378.61
T0010693,479.53,BANK_DECLINE,27,1.0,14.0,0.0,0.0,3274.615714285714,1,0.4674597480721209,0.06508050385575825,224.1609729930241,529,1,479.53
T0020397,601.75,BANK_DECLINE,7,0.8571428571428571,7.0,1.0,0.1428571428571428,1409.1614285714288,1,0.3709839079254257,0.25803218414914864,223.2395665941249,530,0,0.0
T0029955,373.36,NETWORK_ERROR,31,0.967741935483871,10.0,0.0,0.0,1855.688,1,0.5943407545321474,0.18868150906429482,221.90306411212256,531,1,373.36
T0036986,375.2,NETWORK_ERROR,33,0.9393939393939394,16.0,2.0,0.125,1616.94,1,0.5894676709953078,0.17893534199061567,221.16827015743948,532,1,375.2
T0008618,406.05,INSUFFICIENT_FUNDS,14,0.9285714285714286,14.0,1.0,0.0714285714285714,2182.7157142857145,1,0.5380590273980966,0.07611805479619327,218.47886807499714,533,1,406.05
T0018355,365.31,NETWORK_ERROR,27,0.925925925925926,15.0,1.0,0.0666666666666666,2293.852,1,0.5942596995518677,0.1885193991037355,217.0890108432928,534,0,0.0
T0035129,476.71,INSUFFICIENT_FUNDS,10,0.7,10.0,3.0,0.3,1799.763,1,0.43973708035019915,0.1205258392996017,209.62706357374344,535,1,476.71
T0022042,337.94,PAYMENT_TIMEOUT,13,0.8461538461538461,13.0,2.0,0.1538461538461538,1437.2346153846154,1,0.6051714084510277,0.21034281690205536,204.5116257719403,536,1,337.94
T0042375,579.72,LIMIT_EXCEEDED,22,0.9545454545454546,17.0,1.0,0.0588235294117647,1568.8617647058825,2,0.3502417104345779,0.2995165791308442,203.0421243731335,537,1,579.72
T0023498,484.89,LIMIT_EXCEEDED,10,0.9,10.0,1.0,0.1,3146.6490000000003,1,0.4117002071815812,0.17659958563683764,199.6293134602769,538,0,0.0
T0042809,446.49,BANK_DECLINE,49,0.8775510204081632,14.0,2.0,0.1428571428571428,2986.265,1,0.44135681631502116,0.11728636736995768,197.0614049164938,539,0,0.0
T0035863,362.46,INSUFFICIENT_FUNDS,30,0.8666666666666667,16.0,2.0,0.125,1486.67,1,0.5412565140607002,0.08251302812140038,196.18383608644137,540,1,362.46
T0030704,462.25,LIMIT_EXCEEDED,5,1.0,5.0,0.0,0.0,1447.6699999999998,1,0.4165319837119156,0.16693603257616885,192.54190947083296,541,0,0.0
T0030786,415.77,BANK_DECLINE,47,0.9574468085106383,10.0,0.0,0.0,2835.827,1,0.46276361450200654,0.07447277099598693,192.40322800149926,542,0,0.0
T0018217,476.02,BANK_DECLINE,3,1.0,3.0,0.0,0.0,2111.7166666666667,1,0.4028463241224306,0.1943073517551388,191.7629072087594,543,1,476.02
T0014339,405.46,LIMIT_EXCEEDED,19,0.9473684210526316,18.0,1.0,0.0555555555555555,2422.4283333333333,1,0.46623984047530215,0.0675203190493957,189.041605719116,544,1,405.46
T0001904,291.86,PAYMENT_TIMEOUT,36,0.9722222222222222,12.0,1.0,0.0833333333333333,2057.06,1,0.643397789140613,0.2867955782812259,187.78207873857932,545,1,291.86
T0004409,321.38,NETWORK_ERROR,16,1.0,7.0,0.0,0.0,2877.391428571428,1,0.576328283414335,0.1526565668286699,185.22038372369897,546,0,0.0
T0009771,461.34,BANK_DECLINE,3,1.0,3.0,0.0,0.0,1538.4266666666665,1,0.4014085162660344,0.19718296746793118,185.1858048941723,547,1,461.34
T0041443,364.47,INSUFFICIENT_FUNDS,11,0.9090909090909092,3.0,0.0,0.0,1303.003333333333,1,0.504982338009212,0.00996467601842399,184.05091273421752,548,0,0.0
T0002288,320.46,NETWORK_ERROR,21,0.9523809523809524,12.0,1.0,0.0833333333333333,1980.2125000000003,1,0.5736946001746208,0.14738920034924163,183.84617157195896,549,1,320.46
T0044092,426.11,BANK_DECLINE,13,1.0,6.0,0.0,0.0,1497.005,1,0.4205033188963214,0.15899336220735716,179.18066921491152,550,1,426.11
T0002672,327.4,INSUFFICIENT_FUNDS,27,0.9629629629629628,7.0,0.0,0.0,1736.428571428571,1,0.5382283691854725,0.07645673837094491,176.21596807132366,551,0,0.0
T0000191,300.35,NETWORK_ERROR,27,0.925925925925926,13.0,1.0,0.0769230769230769,1691.6384615384616,1,0.5817220425677668,0.16344408513553366,174.72021548522878,552,1,300.35
T0044793,386.63,BANK_DECLINE,14,1.0,11.0,0.0,0.0,1290.3163636363636,1,0.44054749063302023,0.11890501873395953,170.32887630344462,553,0,0.0
T0019367,280.39,INSUFFICIENT_FUNDS,61,0.9344262295081968,18.0,0.0,0.0,1969.9216666666669,1,0.6058449248439892,0.21168984968797844,169.87285847700613,554,0,0.0
T0025822,249.46,PAYMENT_TIMEOUT,38,0.8947368421052632,8.0,0.0,0.0,1668.765,1,0.6435621412903394,0.2871242825806788,160.54301176628806,555,1,249.46
T0019001,250.75,NETWORK_ERROR,65,0.9384615384615383,18.0,1.0,0.0555555555555555,2390.488333333333,1,0.6380300752980247,0.2760601505960494,159.98604138097969,556,1,250.75
T0005658,628.72,BANK_DECLINE,5,0.8,5.0,1.0,0.2,2444.1,2,0.24782002646273613,0.5043599470745277,155.80940703765145,557,0,0.0
T0001558,374.45,BANK_DECLINE,19,0.8947368421052632,10.0,1.0,0.1,1620.5,1,0.4082361973225382,0.18352760535492363,152.86404408742442,558,0,0.0
T0016052,338.92,BANK_DECLINE,19,0.9473684210526316,15.0,1.0,0.0666666666666666,2295.8546666666666,1,0.44414442899441464,0.11171114201117072,150.529429874787,559,1,338.92
T0041575,357.06,BANK_DECLINE,15,0.9333333333333332,11.0,1.0,0.0909090909090909,2474.8536363636363,1,0.4169072564952323,0.1661854870095354,148.86090500418766,560,0,0.0
T0017955,279.47,INSUFFICIENT_FUNDS,8,0.875,8.0,1.0,0.125,3061.5950000000003,1,0.49044682006043055,0.01910635987913889,137.06517280228854,561,1,279.47
T0039103,242.71,NETWORK_ERROR,4,1.0,4.0,0.0,0.0,2465.275,1,0.5544856490954306,0.10897129819086127,134.57921189195199,562,0,0.0
T0015600,230.4,NETWORK_ERROR,16,0.9375,7.0,0.0,0.0,1735.42,1,0.5693418881955876,0.13868377639117524,131.1763710402634,563,1,230.4
T0014645,304.35,BANK_DECLINE,39,0.8974358974358975,13.0,2.0,0.1538461538461538,1909.0530769230768,1,0.4250865053317495,0.14982698933650096,129.37507789771797,564,0,0.0
T0035860,243.65,INSUFFICIENT_FUNDS,7,1.0,7.0,0.0,0.0,2963.682857142857,1,0.528905018296504,0.057810036593008096,128.86770770794323,565,1,243.65
T0004475,429.62,BANK_DECLINE,41,0.8780487804878049,12.0,3.0,0.25,1897.809166666667,2,0.29267136377097613,0.41465727245804773,125.73747130328677,566,0,0.0
T0028832,257.66,BANK_DECLINE,47,0.9148936170212766,20.0,2.0,0.1,2476.976,1,0.479606317028577,0.04078736594284604,123.57536364558315,567,1,257.66
T0029260,302.98,BANK_DECLINE,26,0.8846153846153846,12.0,2.0,0.1666666666666666,1911.5425,1,0.40648721169310703,0.18702557661378594,123.15749539877757,568,0,0.0
T0017251,208.77,INSUFFICIENT_FUNDS,20,0.9,19.0,2.0,0.1052631578947368,2126.742105263158,1,0.5564051039223759,0.11281020784475171,116.16069354587441,569,1,208.77
T0016502,492.75,BANK_DECLINE,2,0.5,2.0,1.0,0.5,3286.775,1,0.2356322783157568,0.5287354433684863,116.10780514008917,570,1,492.75
T0001103,278.71,INSUFFICIENT_FUNDS,17,0.8235294117647058,5.0,2.0,0.4,1979.372,1,0.39556949088334925,0.2088610182333015,110.24917280409827,571,0,0.0
T0004058,956.35,INSUFFICIENT_FUNDS,1,0.0,1.0,1.0,1.0,3258.67,2,0.11459071317446752,0.770818573651065,109.58882854440202,572,0,0.0
T0037538,220.56,INSUFFICIENT_FUNDS,11,0.8181818181818182,11.0,2.0,0.1818181818181818,3527.0845454545456,1,0.4901075553133624,0.01978488937327516,108.09812239991521,573,0,0.0
T0008860,205.28,INSUFFICIENT_FUNDS,5,1.0,5.0,0.0,0.0,2135.458,1,0.5172147903211869,0.03442958064237378,106.17385215713324,574,1,205.28
T0034892,221.27,BANK_DECLINE,29,1.0,14.0,0.0,0.0,1990.3785714285716,1,0.46612280544057105,0.0677543891188579,103.13899315983517,575,1,221.27
T0040635,194.97,INSUFFICIENT_FUNDS,3,1.0,3.0,0.0,0.0,2124.776666666666,1,0.5076225053980141,0.015245010796028247,98.97115987745082,576,0,0.0
T0040793,199.48,LIMIT_EXCEEDED,6,1.0,6.0,0.0,0.0,1560.8233333333335,1,0.4220313839233073,0.1559372321533854,84.18682046502134,577,0,0.0
T0008036,197.03,INSUFFICIENT_FUNDS,7,0.7142857142857143,7.0,2.0,0.2857142857142857,1807.5128571428568,1,0.42523226615717025,0.1495354676856595,83.78351340094726,578,1,197.03
T0004593,550.79,NETWORK_ERROR,1,0.0,1.0,1.0,1.0,1193.17,2,0.13040656575445328,0.7391868684910934,71.82663235189531,579,0,0.0
T0045469,110.46,NETWORK_ERROR,31,0.8709677419354839,12.0,1.0,0.0833333333333333,1275.6475,1,0.5743320270439937,0.14866405408798733,63.44071570727954,580,1,110.46
T0002337,103.68,NETWORK_ERROR,39,0.9230769230769232,9.0,0.0,0.0,1776.1,1,0.5937604647913978,0.18752092958279554,61.56108498957212,581,1,103.68
