transaction_id,amount,recovery_probability,recovery_flag,recovered_amount,expected_recovery,intervention_cost,friction_cost,expected_action_cost,expected_net_recovery,incremental_economic_value,should_intervene,action,economic_priority,economic_rank
T0022306,26703.03,0.3432546856613142,1,26703.03,9165.940168854642,1.5,0.25,1.75,9164.190168854642,9164.190168854642,True,RETRY,HIGH,1
T0026878,12853.93,0.6599279938780305,1,12853.93,8482.668238348633,1.5,0.25,1.75,8480.918238348633,8480.918238348633,True,RETRY,HIGH,2
T0000835,9567.33,0.6924871494467064,1,9567.33,6625.253079515957,1.5,0.25,1.75,6623.503079515957,6623.503079515957,True,RETRY,HIGH,3
T0038230,11837.46,0.5336415544564067,1,11837.46,6316.960555215535,1.5,0.25,1.75,6315.210555215535,6315.210555215535,True,RETRY,HIGH,4
T0032751,13412.25,0.4587827320453022,1,13412.25,6153.308697874604,1.5,0.25,1.75,6151.558697874604,6151.558697874604,True,RETRY,HIGH,5
T0007170,10058.29,0.5950646718849923,0,0.0,5985.3330385741,1.5,0.25,1.75,5983.5830385741,5983.5830385741,True,RETRY,HIGH,6
T0019894,11801.87,0.4340136618784932,1,11801.87,5122.172815713933,1.5,0.25,1.75,5120.422815713933,5120.422815713933,True,RETRY,HIGH,7
T0014488,9490.22,0.5376191914477411,0,0.0,5102.124403061181,1.5,0.25,1.75,5100.374403061181,5100.374403061181,True,RETRY,HIGH,8
T0041621,8270.53,0.6145357949947704,1,8270.53,5082.5367285780985,1.5,0.25,1.75,5080.7867285780985,5080.7867285780985,True,RETRY,HIGH,9
T0038663,20646.44,0.2459145887381636,0,0.0,5077.26080150717,1.5,0.25,1.75,5075.51080150717,5075.51080150717,True,RETRY,HIGH,10
T0012356,10751.67,0.441407603043249,1,10751.67,4745.868883412009,1.5,0.25,1.75,4744.118883412009,4744.118883412009,True,RETRY,HIGH,11
T0039243,10270.54,0.4543891280420528,1,10270.54,4666.821715121026,1.5,0.25,1.75,4665.071715121026,4665.071715121026,True,RETRY,HIGH,12
T0031286,9521.22,0.4391937571875489,0,0.0,4181.660384809234,1.5,0.25,1.75,4179.910384809234,4179.910384809234,True,RETRY,HIGH,13
T0011868,10458.95,0.3948181470127104,1,10458.95,4129.383258698587,1.5,0.25,1.75,4127.633258698587,4127.633258698587,True,RETRY,HIGH,14
T0034332,5766.06,0.6790613679560724,1,5766.06,3915.5085913167914,1.5,0.25,1.75,3913.7585913167914,3913.7585913167914,True,RETRY,HIGH,15
T0014941,5939.97,0.6500377360373243,1,5939.97,3861.204650929625,1.5,0.25,1.75,3859.454650929625,3859.454650929625,True,RETRY,HIGH,16
T0014445,9629.4,0.394818372962938,0,0.0,3801.864040609315,1.5,0.25,1.75,3800.114040609315,3800.114040609315,True,RETRY,HIGH,17
T0033473,6449.65,0.553570316070259,1,6449.65,3570.3347890425457,1.5,0.25,1.75,3568.5847890425457,3568.5847890425457,True,RETRY,HIGH,18
T0034060,10016.59,0.3441637606847962,1,10016.59,3447.3472836377227,1.5,0.25,1.75,3445.5972836377227,3445.5972836377227,True,RETRY,HIGH,19
T0018044,5641.17,0.5745428075978803,1,5641.17,3241.0936499369345,1.5,0.25,1.75,3239.3436499369345,3239.3436499369345,True,RETRY,HIGH,20
T0022168,6466.34,0.5011056884215934,1,6466.34,3240.3197572680865,1.5,0.25,1.75,3238.5697572680865,3238.5697572680865,True,RETRY,HIGH,21
T0038652,8636.8,0.3746778133938617,0,0.0,3236.0173387201044,1.5,0.25,1.75,3234.2673387201044,3234.2673387201044,True,RETRY,HIGH,22
T0034611,5469.4,0.5907946489374517,1,5469.4,3231.292252898498,1.5,0.25,1.75,3229.542252898498,3229.542252898498,True,RETRY,HIGH,23
T0017466,5768.13,0.5437852483931201,0,0.0,3136.6240048138084,1.5,0.25,1.75,3134.8740048138084,3134.8740048138084,True,RETRY,HIGH,24
T0007949,4973.81,0.6230417119144172,1,4973.81,3098.8910971370474,1.5,0.25,1.75,3097.1410971370474,3097.1410971370474,True,RETRY,HIGH,25
T0023546,9465.34,0.3234810233299963,1,9465.34,3061.857869366347,1.5,0.25,1.75,3060.107869366347,3060.107869366347,True,RETRY,HIGH,26
T0026292,4568.22,0.6697928981701375,1,4568.22,3059.761313278786,1.5,0.25,1.75,3058.011313278786,3058.011313278786,True,RETRY,HIGH,27
T0019706,4802.65,0.6326804838190164,1,4802.65,3038.542925613399,1.5,0.25,1.75,3036.792925613399,3036.792925613399,True,RETRY,HIGH,28
T0011826,4436.97,0.6744202868158924,1,4436.97,2992.3825799935103,1.5,0.25,1.75,2990.6325799935103,2990.6325799935103,True,RETRY,HIGH,29
T0005295,4928.56,0.5917355317625158,1,4928.56,2916.404072423465,1.5,0.25,1.75,2914.654072423465,2914.654072423465,True,RETRY,HIGH,30
T0005715,6531.21,0.4450454033126302,0,0.0,2906.6849885694837,1.5,0.25,1.75,2904.9349885694837,2904.9349885694837,True,RETRY,HIGH,31
T0045321,5159.02,0.5619537717799119,1,5159.02,2899.1307476880015,1.5,0.25,1.75,2897.3807476880015,2897.3807476880015,True,RETRY,HIGH,32
T0007824,6529.86,0.4375447572982346,0,0.0,2857.10600889145,1.5,0.25,1.75,2855.35600889145,2855.35600889145,True,RETRY,HIGH,33
T0032003,4222.16,0.676245375669082,1,4222.16,2855.2161753349715,1.5,0.25,1.75,2853.4661753349715,2853.4661753349715,True,RETRY,HIGH,34
T0012051,4494.92,0.618869446770873,0,0.0,2781.768653679332,1.5,0.25,1.75,2780.018653679332,2780.018653679332,True,RETRY,HIGH,35
T0042526,6160.93,0.4463599982429644,1,6160.93,2749.992703975027,1.5,0.25,1.75,2748.242703975027,2748.242703975027,True,RETRY,HIGH,36
T0037912,5740.47,0.4639761526551749,1,5740.47,2663.441185032452,1.5,0.25,1.75,2661.691185032452,2661.691185032452,True,RETRY,HIGH,37
T0034042,4600.71,0.5724095882435771,1,4600.71,2633.4905167281077,1.5,0.25,1.75,2631.7405167281077,2631.7405167281077,True,RETRY,HIGH,38
T0009420,6727.76,0.3913165740184673,1,6727.76,2632.6839940184836,1.5,0.25,1.75,2630.9339940184836,2630.9339940184836,True,RETRY,HIGH,39
T0029592,4308.03,0.5923061207237348,0,0.0,2551.672537261471,1.5,0.25,1.75,2549.922537261471,2549.922537261471,True,RETRY,HIGH,40
T0016065,3864.42,0.6580829251813127,0,0.0,2543.1088177291685,1.5,0.25,1.75,2541.3588177291685,2541.3588177291685,True,RETRY,HIGH,41
T0008556,4692.25,0.5367904543475717,0,0.0,2518.755009412393,1.5,0.25,1.75,2517.005009412393,2517.005009412393,True,RETRY,HIGH,42
T0001623,4475.23,0.5531976800175946,1,4475.23,2475.68685354514,1.5,0.25,1.75,2473.93685354514,2473.93685354514,True,RETRY,HIGH,43
T0005039,5727.91,0.4275079915372807,1,5727.91,2448.7272998063054,1.5,0.25,1.75,2446.9772998063054,2446.9772998063054,True,RETRY,HIGH,44
T0022423,4379.85,0.5502224067786585,1,4379.85,2409.8916083295076,1.5,0.25,1.75,2408.1416083295076,2408.1416083295076,True,RETRY,HIGH,45
T0034352,3856.22,0.6201155223497128,1,3856.22,2391.3018795954094,1.5,0.25,1.75,2389.5518795954094,2389.5518795954094,True,RETRY,HIGH,46
T0033814,3776.6,0.6254866286270899,1,3776.6,2362.2128016730676,1.5,0.25,1.75,2360.4628016730676,2360.4628016730676,True,RETRY,HIGH,47
T0004825,4300.34,0.5475719373676434,1,4300.34,2354.745505139572,1.5,0.25,1.75,2352.995505139572,2352.995505139572,True,RETRY,HIGH,48
T0017254,3815.13,0.6069349046238178,1,3815.13,2315.5355626774663,1.5,0.25,1.75,2313.7855626774663,2313.7855626774663,True,RETRY,HIGH,49
T0008276,3695.33,0.6251163262826447,0,0.0,2310.0111140020454,1.5,0.25,1.75,2308.2611140020454,2308.2611140020454,True,RETRY,HIGH,50
T0010198,4987.96,0.4628317654539224,1,4987.96,2308.586332813547,1.5,0.25,1.75,2306.836332813547,2306.836332813547,True,RETRY,HIGH,51
T0002140,5450.57,0.4186292406996428,0,0.0,2281.767980480252,1.5,0.25,1.75,2280.017980480252,2280.017980480252,True,RETRY,HIGH,52
T0020222,4322.65,0.5268304985171657,1,4322.65,2277.303854415226,1.5,0.25,1.75,2275.553854415226,2275.553854415226,True,RETRY,HIGH,53
T0021895,3974.88,0.5710221741335135,0,0.0,2269.7446195198204,1.5,0.25,1.75,2267.9946195198204,2267.9946195198204,True,RETRY,HIGH,54
T0020862,5537.97,0.4086783522356417,1,5537.97,2263.2484543304167,1.5,0.25,1.75,2261.4984543304167,2261.4984543304167,True,RETRY,HIGH,55
T0041250,3761.39,0.6003157745549079,1,3761.39,2258.021751253085,1.5,0.25,1.75,2256.271751253085,2256.271751253085,True,RETRY,HIGH,56
T0006659,5457.57,0.4102589046152505,1,5457.57,2239.0166900610525,1.5,0.25,1.75,2237.2666900610525,2237.2666900610525,True,RETRY,HIGH,57
T0015518,4975.57,0.4499772724616433,1,4975.57,2238.8934175419786,1.5,0.25,1.75,2237.1434175419786,2237.1434175419786,True,RETRY,HIGH,58
T0016179,4098.16,0.5461264626477914,1,4098.16,2238.1136241646727,1.5,0.25,1.75,2236.3636241646727,2236.3636241646727,True,RETRY,HIGH,59
T0036036,4342.18,0.513871235865622,0,0.0,2231.321402950987,1.5,0.25,1.75,2229.571402950987,2229.571402950987,True,RETRY,HIGH,60
T0017271,5035.89,0.4421488317775444,1,5035.89,2226.612880460218,1.5,0.25,1.75,2224.862880460218,2224.862880460218,True,RETRY,HIGH,61
T0022056,3873.91,0.5725640259734103,1,3873.91,2218.0615058586536,1.5,0.25,1.75,2216.3115058586536,2216.3115058586536,True,RETRY,HIGH,62
T0020800,3505.26,0.627323636652685,0,0.0,2198.9324506131907,1.5,0.25,1.75,2197.1824506131907,2197.1824506131907,True,RETRY,HIGH,63
T0041351,3396.35,0.6461800034616649,1,3396.35,2194.6534547570254,1.5,0.25,1.75,2192.9034547570254,2192.9034547570254,True,RETRY,HIGH,64
T0001218,3722.97,0.5733799489369964,1,3722.97,2134.6763484939693,1.5,0.25,1.75,2132.9263484939693,2132.9263484939693,True,RETRY,HIGH,65
T0036675,3451.27,0.6149104696225893,1,3451.27,2122.2220564943536,1.5,0.25,1.75,2120.4720564943536,2120.4720564943536,True,RETRY,HIGH,66
T0002965,4775.68,0.4429669382683889,1,4775.68,2115.4683477495796,1.5,0.25,1.75,2113.7183477495796,2113.7183477495796,True,RETRY,HIGH,67
T0029724,5312.11,0.3982075702976819,1,5312.11,2115.3224162540187,1.5,0.25,1.75,2113.5724162540187,2113.5724162540187,True,RETRY,HIGH,68
T0010979,3526.31,0.5967851770051511,1,3526.31,2104.4495375250344,1.5,0.25,1.75,2102.6995375250344,2102.6995375250344,True,RETRY,HIGH,69
T0041150,3964.47,0.5239365905053054,1,3964.47,2077.1308949605677,1.5,0.25,1.75,2075.3808949605677,2075.3808949605677,True,RETRY,HIGH,70
T0035132,3389.91,0.6122646315080077,1,3389.91,2075.5219969953105,1.5,0.25,1.75,2073.7719969953105,2073.7719969953105,True,RETRY,HIGH,71
T0037656,3488.31,0.5913512597710879,1,3488.31,2062.8165129720837,1.5,0.25,1.75,2061.0665129720837,2061.0665129720837,True,RETRY,HIGH,72
T0035080,3682.97,0.5585445219861277,1,3682.97,2057.1027181392487,1.5,0.25,1.75,2055.3527181392487,2055.3527181392487,True,RETRY,HIGH,73
T0000615,4415.97,0.4655687741275993,0,0.0,2055.9377394842545,1.5,0.25,1.75,2054.1877394842545,2054.1877394842545,True,RETRY,HIGH,74
T0020328,4929.51,0.4135687967704695,0,0.0,2038.6915193679972,1.5,0.25,1.75,2036.9415193679972,2036.9415193679972,True,RETRY,HIGH,75
T0022376,4040.65,0.5027036401872765,1,4040.65,2031.249463722719,1.5,0.25,1.75,2029.499463722719,2029.499463722719,True,RETRY,HIGH,76
T0042949,3438.61,0.5857538579661165,0,0.0,2014.1790735408679,1.5,0.25,1.75,2012.4290735408679,2012.4290735408679,True,RETRY,HIGH,77
T0006189,3562.58,0.560687589746752,0,0.0,1997.4943934799837,1.5,0.25,1.75,1995.7443934799837,1995.7443934799837,True,RETRY,HIGH,78
T0002330,3089.91,0.6458327531579805,1,3089.91,1995.5650823103754,1.5,0.25,1.75,1993.8150823103754,1993.8150823103754,True,RETRY,HIGH,79
T0004390,3570.26,0.5535451464447997,1,3570.26,1976.3000945460105,1.5,0.25,1.75,1974.5500945460105,1974.5500945460105,True,RETRY,HIGH,80
T0024285,4329.66,0.4554269516444451,0,0.0,1971.843855456888,1.5,0.25,1.75,1970.093855456888,1970.093855456888,True,RETRY,HIGH,81
T0021886,5256.59,0.3749432456845867,1,5256.59,1970.9229158331416,1.5,0.25,1.75,1969.1729158331416,1969.1729158331416,True,RETRY,HIGH,82
T0019405,3359.61,0.5866035826806771,1,3359.61,1970.7592624098297,1.5,0.25,1.75,1969.0092624098297,1969.0092624098297,True,RETRY,HIGH,83
T0010502,3043.84,0.641039734168526,0,0.0,1951.2223844515263,1.5,0.25,1.75,1949.4723844515263,1949.4723844515263,True,RETRY,HIGH,84
T0003525,3465.69,0.5599988925022219,1,3465.69,1940.7825617560254,1.5,0.25,1.75,1939.0325617560254,1939.0325617560254,True,RETRY,HIGH,85
T0013097,3516.47,0.5428583688118367,1,3516.47,1908.9451681757594,1.5,0.25,1.75,1907.1951681757594,1907.1951681757594,True,RETRY,HIGH,86
T0025032,3335.14,0.5704220888699139,1,3335.14,1902.4375254736044,1.5,0.25,1.75,1900.6875254736044,1900.6875254736044,True,RETRY,HIGH,87
T0043760,3251.86,0.5828673113666634,1,3251.86,1895.402895140798,1.5,0.25,1.75,1893.652895140798,1893.652895140798,True,RETRY,HIGH,88
T0032221,4176.0,0.4535895730160999,1,4176.0,1894.1900569152333,1.5,0.25,1.75,1892.4400569152333,1892.4400569152333,True,RETRY,HIGH,89
T0020912,2910.04,0.6506999228899442,1,2910.04,1893.562803606653,1.5,0.25,1.75,1891.812803606653,1891.812803606653,True,RETRY,HIGH,90
T0015660,3006.49,0.6287062210552534,1,3006.49,1890.1989665404087,1.5,0.25,1.75,1888.4489665404087,1888.4489665404087,True,RETRY,HIGH,91
T0043137,3584.46,0.5191714304961369,0,0.0,1860.9492257561828,1.5,0.25,1.75,1859.1992257561828,1859.1992257561828,True,RETRY,HIGH,92
T0001969,3555.17,0.5219623910035961,0,0.0,1855.6650336242549,1.5,0.25,1.75,1853.9150336242549,1853.9150336242549,True,RETRY,HIGH,93
T0029525,5643.7,0.3283827428240702,1,5643.7,1853.2936856762049,1.5,0.25,1.75,1851.5436856762049,1851.5436856762049,True,RETRY,HIGH,94
T0040160,3285.42,0.5617158003472434,1,3285.42,1845.4723247768407,1.5,0.25,1.75,1843.7223247768407,1843.7223247768407,True,RETRY,HIGH,95
T0005932,3070.19,0.6003269619459125,0,0.0,1843.117835296721,1.5,0.25,1.75,1841.367835296721,1841.367835296721,True,RETRY,HIGH,96
T0042864,3733.84,0.4927757694478025,1,3733.84,1839.9458789949829,1.5,0.25,1.75,1838.1958789949829,1838.1958789949829,True,RETRY,HIGH,97
T0040193,3584.35,0.5079612638044543,1,3584.35,1820.7109559174955,1.5,0.25,1.75,1818.9609559174955,1818.9609559174955,True,RETRY,HIGH,98
T0001485,4606.37,0.3938547736133321,1,4606.37,1814.2408135292446,1.5,0.25,1.75,1812.4908135292446,1812.4908135292446,True,RETRY,HIGH,99
T0023810,3359.75,0.5337321462845045,0,0.0,1793.206578479364,1.5,0.25,1.75,1791.456578479364,1791.456578479364,True,RETRY,HIGH,100
T0018357,3583.63,0.499394608976544,0,0.0,1789.6455025666123,1.5,0.25,1.75,1787.8955025666123,1787.8955025666123,True,RETRY,HIGH,101
T0025105,3444.56,0.5182373095508673,1,3444.56,1785.0995069865355,1.5,0.25,1.75,1783.3495069865355,1783.3495069865355,True,RETRY,HIGH,102
T0037318,2936.81,0.6040660228871624,1,2936.81,1774.0271366752472,1.5,0.25,1.75,1772.2771366752472,1772.2771366752472,True,RETRY,HIGH,103
T0023316,4270.86,0.4091521313430894,1,4270.86,1747.4314716679467,1.5,0.25,1.75,1745.6814716679467,1745.6814716679467,True,RETRY,HIGH,104
T0038314,4328.96,0.4024318005836505,0,0.0,1742.1111674545998,1.5,0.25,1.75,1740.3611674545998,1740.3611674545998,True,RETRY,HIGH,105
T0024850,2900.37,0.5932023308612363,0,0.0,1720.5062443600038,1.5,0.25,1.75,1718.7562443600038,1718.7562443600038,True,RETRY,HIGH,106
T0022506,2950.24,0.5830417443461505,1,2950.24,1720.113075839787,1.5,0.25,1.75,1718.363075839787,1718.363075839787,True,RETRY,HIGH,107
T0023521,5498.96,0.3112909383987239,0,0.0,1711.7764186170468,1.5,0.25,1.75,1710.0264186170468,1710.0264186170468,True,RETRY,HIGH,108
T0024886,3119.61,0.5468837865725771,0,0.0,1706.0641294296772,1.5,0.25,1.75,1704.3141294296772,1704.3141294296772,True,RETRY,HIGH,109
T0043180,3827.32,0.444440563695782,1,3827.32,1701.0162582441403,1.5,0.25,1.75,1699.2662582441403,1699.2662582441403,True,RETRY,HIGH,110
T0044823,3437.17,0.4922774868423709,1,3437.17,1692.041409449992,1.5,0.25,1.75,1690.291409449992,1690.291409449992,True,RETRY,HIGH,111
T0027274,3091.65,0.5443245941253173,1,3091.65,1682.8611314275372,1.5,0.25,1.75,1681.1111314275372,1681.1111314275372,True,RETRY,HIGH,112
T0023828,2744.33,0.6099718371333361,1,2744.33,1673.9640118001282,1.5,0.25,1.75,1672.2140118001282,1672.2140118001282,True,RETRY,HIGH,113
T0025889,2600.33,0.6398317718913457,1,2600.33,1663.7737514022228,1.5,0.25,1.75,1662.0237514022228,1662.0237514022228,True,RETRY,HIGH,114
T0019632,3487.77,0.4767882298260933,1,3487.77,1662.9276843405535,1.5,0.25,1.75,1661.1776843405535,1661.1776843405535,True,RETRY,HIGH,115
T0009618,3165.66,0.5186853030306862,1,3165.66,1641.981316392122,1.5,0.25,1.75,1640.231316392122,1640.231316392122,True,RETRY,HIGH,116
T0038307,3654.98,0.4480321224934166,0,0.0,1637.5484470709878,1.5,0.25,1.75,1635.7984470709878,1635.7984470709878,True,RETRY,HIGH,117
T0026059,3723.21,0.4379294436728283,1,3723.21,1630.503283977111,1.5,0.25,1.75,1628.753283977111,1628.753283977111,True,RETRY,HIGH,118
T0042048,2616.95,0.6170070253230585,0,0.0,1614.6765349191778,1.5,0.25,1.75,1612.9265349191778,1612.9265349191778,True,RETRY,HIGH,119
T0027186,2678.26,0.6012895765666252,1,2678.26,1610.4098213353298,1.5,0.25,1.75,1608.6598213353298,1608.6598213353298,True,RETRY,HIGH,120
T0041511,2597.54,0.618888309519216,1,2597.54,1607.5871395085444,1.5,0.25,1.75,1605.8371395085444,1605.8371395085444,True,RETRY,HIGH,121
T0006338,2920.97,0.540463433873709,1,2920.97,1578.6774764420877,1.5,0.25,1.75,1576.9274764420877,1576.9274764420877,True,RETRY,HIGH,122
T0016752,3345.45,0.4692699282635716,0,0.0,1569.9190815093655,1.5,0.25,1.75,1568.1690815093655,1568.1690815093655,True,RETRY,HIGH,123
T0022375,2608.61,0.6003713654340186,1,2608.61,1566.1347475848354,1.5,0.25,1.75,1564.3847475848354,1564.3847475848354,True,RETRY,HIGH,124
T0025936,2503.51,0.6244970550999515,1,2503.51,1563.4346224132796,1.5,0.25,1.75,1561.6846224132796,1561.6846224132796,True,RETRY,HIGH,125
T0022824,2879.41,0.5412918314526856,1,2879.41,1558.6011124031772,1.5,0.25,1.75,1556.8511124031772,1556.8511124031772,True,RETRY,HIGH,126
T0028677,2525.76,0.6152226054131662,1,2525.76,1553.9046478483588,1.5,0.25,1.75,1552.1546478483588,1552.1546478483588,True,RETRY,HIGH,127
T0000153,3532.84,0.4391947521357395,0,0.0,1551.604788135226,1.5,0.25,1.75,1549.854788135226,1549.854788135226,True,RETRY,HIGH,128
T0006332,2823.82,0.5492492754630742,0,0.0,1550.9810890381384,1.5,0.25,1.75,1549.2310890381384,1549.2310890381384,True,RETRY,HIGH,129
T0032309,3379.59,0.4543998641337741,1,3379.59,1535.6852368278617,1.5,0.25,1.75,1533.9352368278617,1533.9352368278617,True,RETRY,HIGH,130
T0025752,3027.33,0.5060192436738734,0,0.0,1531.8872369512271,1.5,0.25,1.75,1530.1372369512271,1530.1372369512271,True,RETRY,HIGH,131
T0036346,2934.57,0.5201249411186759,1,2934.57,1526.343048458633,1.5,0.25,1.75,1524.593048458633,1524.593048458633,True,RETRY,HIGH,132
T0015341,3284.72,0.4621801049800637,1,3284.72,1518.1322344301147,1.5,0.25,1.75,1516.3822344301147,1516.3822344301147,True,RETRY,HIGH,133
T0029503,4813.1,0.3153648463896713,0,0.0,1517.882542158127,1.5,0.25,1.75,1516.132542158127,1516.132542158127,True,RETRY,HIGH,134
T0004616,3696.79,0.408304484771443,1,3696.79,1509.4159362582227,1.5,0.25,1.75,1507.6659362582227,1507.6659362582227,True,RETRY,HIGH,135
T0039921,2792.35,0.5391322934643106,1,2792.35,1505.4460596550675,1.5,0.25,1.75,1503.6960596550675,1503.6960596550675,True,RETRY,HIGH,136
T0018720,3034.85,0.4960148496173217,1,3034.85,1505.3306663611286,1.5,0.25,1.75,1503.5806663611286,1503.5806663611286,True,RETRY,HIGH,137
T0019010,2455.74,0.6124618644620158,1,2455.74,1504.0470990339504,1.5,0.25,1.75,1502.2970990339504,1502.2970990339504,True,RETRY,HIGH,138
T0024595,2549.18,0.5811802889364565,1,2549.18,1481.533168951036,1.5,0.25,1.75,1479.783168951036,1479.783168951036,True,RETRY,HIGH,139
T0011198,2470.25,0.5982259438432335,1,2470.25,1477.7676377787475,1.5,0.25,1.75,1476.0176377787475,1476.0176377787475,True,RETRY,HIGH,140
T0023604,2765.46,0.5312250851470267,0,0.0,1469.0817239706964,1.5,0.25,1.75,1467.3317239706964,1467.3317239706964,True,RETRY,HIGH,141
T0020058,2542.15,0.5769536327990903,1,2542.15,1466.7026776202074,1.5,0.25,1.75,1464.9526776202074,1464.9526776202074,True,RETRY,HIGH,142
T0042583,3936.84,0.3708088466859583,0,0.0,1459.8150999871482,1.5,0.25,1.75,1458.0650999871482,1458.0650999871482,True,RETRY,HIGH,143
T0032496,2420.0,0.6023654245870276,1,2420.0,1457.7243275006067,1.5,0.25,1.75,1455.9743275006067,1455.9743275006067,True,RETRY,HIGH,144
T0043325,2691.95,0.5405399112422827,0,0.0,1455.1064140686628,1.5,0.25,1.75,1453.3564140686628,1453.3564140686628,True,RETRY,HIGH,145
T0020767,2221.85,0.651617903420209,1,2221.85,1447.7972387141913,1.5,0.25,1.75,1446.0472387141913,1446.0472387141913,True,RETRY,HIGH,146
T0021620,2242.72,0.6429958347841331,1,2242.72,1442.0596185870709,1.5,0.25,1.75,1440.3096185870709,1440.3096185870709,True,RETRY,HIGH,147
T0044611,3200.52,0.4490227058287979,1,3200.52,1437.1061504591842,1.5,0.25,1.75,1435.3561504591842,1435.3561504591842,True,RETRY,HIGH,148
T0036983,3213.93,0.4465478783204035,1,3213.93,1435.1736225702944,1.5,0.25,1.75,1433.4236225702944,1433.4236225702944,True,RETRY,HIGH,149
T0010564,2648.1,0.541762869849575,1,2648.1,1434.6422556486596,1.5,0.25,1.75,1432.8922556486596,1432.8922556486596,True,RETRY,HIGH,150
T0016149,3282.18,0.4360156468776964,1,3282.18,1431.0818358690374,1.5,0.25,1.75,1429.3318358690374,1429.3318358690374,True,RETRY,HIGH,151
T0041024,3138.11,0.4505718401690723,1,3138.11,1413.9439973529675,1.5,0.25,1.75,1412.1939973529675,1412.1939973529675,True,RETRY,HIGH,152
T0045776,4416.1,0.3198416454264072,0,0.0,1412.452690367557,1.5,0.25,1.75,1410.702690367557,1410.702690367557,True,RETRY,HIGH,153
T0006383,3318.78,0.4250195651808973,1,3318.78,1410.5464325310584,1.5,0.25,1.75,1408.7964325310584,1408.7964325310584,True,RETRY,HIGH,154
T0027169,2252.63,0.6212411784290882,0,0.0,1399.4265157647171,1.5,0.25,1.75,1397.6765157647171,1397.6765157647171,True,RETRY,HIGH,155
T0019493,3634.57,0.3842492709484366,1,3634.57,1396.5808727110593,1.5,0.25,1.75,1394.8308727110593,1394.8308727110593,True,RETRY,HIGH,156
T0020525,2794.57,0.495956951498158,0,0.0,1385.9864179482074,1.5,0.25,1.75,1384.2364179482074,1384.2364179482074,True,RETRY,HIGH,157
T0043797,2373.09,0.5830015400501595,0,0.0,1383.5151246776331,1.5,0.25,1.75,1381.7651246776331,1381.7651246776331,True,RETRY,HIGH,158
T0030260,2282.33,0.596768246333958,1,2282.33,1362.0220716553822,1.5,0.25,1.75,1360.2720716553822,1360.2720716553822,True,RETRY,HIGH,159
T0036246,2871.05,0.4732617045298315,1,2871.05,1358.758016790373,1.5,0.25,1.75,1357.008016790373,1357.008016790373,True,RETRY,HIGH,160
T0044921,2588.01,0.5178065019314078,0,0.0,1340.0884050635027,1.5,0.25,1.75,1338.3384050635027,1338.3384050635027,True,RETRY,HIGH,161
T0010403,3334.56,0.3995721631820376,0,0.0,1332.3973524602952,1.5,0.25,1.75,1330.6473524602952,1330.6473524602952,True,RETRY,HIGH,162
T0043353,2012.5,0.6580897916539721,0,0.0,1324.4057057036189,1.5,0.25,1.75,1322.6557057036189,1322.6557057036189,True,RETRY,HIGH,163
T0038880,3097.95,0.4267324212136896,0,0.0,1321.9957042989497,1.5,0.25,1.75,1320.2457042989497,1320.2457042989497,True,RETRY,HIGH,164
T0029558,2736.12,0.4812369765862289,1,2736.12,1316.7221163771126,1.5,0.25,1.75,1314.9721163771126,1314.9721163771126,True,RETRY,HIGH,165
T0004062,2161.46,0.6090789044447875,0,0.0,1316.4996888012304,1.5,0.25,1.75,1314.7496888012304,1314.7496888012304,True,RETRY,HIGH,166
T0006303,2431.37,0.5395682002107858,1,2431.37,1311.8899349464982,1.5,0.25,1.75,1310.1399349464982,1310.1399349464982,True,RETRY,HIGH,167
T0009029,2316.16,0.5653722560148787,0,0.0,1309.4926044914214,1.5,0.25,1.75,1307.7426044914214,1307.7426044914214,True,RETRY,HIGH,168
T0006447,2923.79,0.4455238599220844,1,2923.79,1302.6182064015911,1.5,0.25,1.75,1300.8682064015911,1300.8682064015911,True,RETRY,HIGH,169
T0000307,2585.76,0.5000866477045345,1,2585.76,1293.1040501684772,1.5,0.25,1.75,1291.3540501684772,1291.3540501684772,True,RETRY,HIGH,170
T0016021,2132.52,0.6053174370502113,1,2132.52,1290.8515408583166,1.5,0.25,1.75,1289.1015408583166,1289.1015408583166,True,RETRY,HIGH,171
T0020509,2852.75,0.4518152876893117,1,2852.75,1288.916061955684,1.5,0.25,1.75,1287.166061955684,1287.166061955684,True,RETRY,HIGH,172
T0037561,2283.32,0.5643039791722052,1,2283.32,1288.4865617234798,1.5,0.25,1.75,1286.7365617234798,1286.7365617234798,True,RETRY,HIGH,173
T0037832,3137.03,0.4106317362818198,0,0.0,1288.1640756681572,1.5,0.25,1.75,1286.4140756681572,1286.4140756681572,True,RETRY,HIGH,174
T0013303,1956.09,0.6561064859444717,1,1956.09,1283.4033360911217,1.5,0.25,1.75,1281.6533360911217,1281.6533360911217,True,RETRY,HIGH,175
T0005856,2777.65,0.4576809962774445,1,2777.65,1271.2776193100437,1.5,0.25,1.75,1269.5276193100437,1269.5276193100437,True,RETRY,HIGH,176
T0010020,2236.15,0.5678879402467718,1,2236.15,1269.8826175828187,1.5,0.25,1.75,1268.1326175828187,1268.1326175828187,True,RETRY,HIGH,177
T0030948,2821.82,0.4495508719803415,0,0.0,1268.5516415715674,1.5,0.25,1.75,1266.8016415715674,1266.8016415715674,True,RETRY,HIGH,178
T0034422,2357.39,0.5371366329431235,1,2357.39,1266.24052713379,1.5,0.25,1.75,1264.49052713379,1264.49052713379,True,RETRY,HIGH,179
T0044879,2116.81,0.5976931431956479,1,2116.81,1265.2028224479795,1.5,0.25,1.75,1263.4528224479795,1263.4528224479795,True,RETRY,HIGH,180
T0041136,3184.36,0.3956023231181614,1,3184.36,1259.7402136445485,1.5,0.25,1.75,1257.9902136445485,1257.9902136445485,True,RETRY,HIGH,181
T0007597,2249.89,0.5497523808806503,0,0.0,1236.8823842195661,1.5,0.25,1.75,1235.1323842195661,1235.1323842195661,True,RETRY,HIGH,182
T0041259,2486.33,0.4971156084468758,0,0.0,1235.9934507497208,1.5,0.25,1.75,1234.2434507497208,1234.2434507497208,True,RETRY,HIGH,183
T0008774,2931.32,0.4099981030836214,1,2931.32,1201.8356395310811,1.5,0.25,1.75,1200.0856395310811,1200.0856395310811,True,RETRY,HIGH,184
T0026707,2053.36,0.5843484457270177,0,0.0,1199.8777245180293,1.5,0.25,1.75,1198.1277245180293,1198.1277245180293,True,RETRY,HIGH,185
T0014041,3019.33,0.3946585318833049,0,0.0,1191.604345071219,1.5,0.25,1.75,1189.854345071219,1189.854345071219,True,RETRY,HIGH,186
T0030765,2435.2,0.4873343983604192,1,2435.2,1186.7567268872926,1.5,0.25,1.75,1185.0067268872926,1185.0067268872926,True,RETRY,HIGH,187
T0013620,1978.42,0.5991486562141602,1,1978.42,1185.367684427219,1.5,0.25,1.75,1183.617684427219,1183.617684427219,True,RETRY,HIGH,188
T0007071,2026.14,0.5737498302858229,1,2026.14,1162.4974811353172,1.5,0.25,1.75,1160.7474811353172,1160.7474811353172,True,RETRY,HIGH,189
T0010540,3025.42,0.3841233398368964,1,3025.42,1162.134434809343,1.5,0.25,1.75,1160.384434809343,1160.384434809343,True,RETRY,HIGH,190
T0028430,3107.28,0.3723579501371539,0,0.0,1157.0204113021757,1.5,0.25,1.75,1155.2704113021757,1155.2704113021757,True,RETRY,HIGH,191
T0030295,2618.72,0.4395699339410505,0,0.0,1151.1105774101077,1.5,0.25,1.75,1149.3605774101077,1149.3605774101077,True,RETRY,HIGH,192
T0010295,1697.93,0.675915146568629,0,0.0,1147.6566048132725,1.5,0.25,1.75,1145.9066048132725,1145.9066048132725,True,RETRY,HIGH,193
T0014296,2042.47,0.5615522398143921,0,0.0,1146.9536032537014,1.5,0.25,1.75,1145.2036032537014,1145.2036032537014,True,RETRY,HIGH,194
T0018963,2822.68,0.4043174405014778,0,0.0,1141.2587529547113,1.5,0.25,1.75,1139.5087529547113,1139.5087529547113,True,RETRY,HIGH,195
T0020202,2268.19,0.500818355262217,1,2268.19,1135.9511852222079,1.5,0.25,1.75,1134.2011852222079,1134.2011852222079,True,RETRY,HIGH,196
T0026495,1857.06,0.61080829524033,1,1857.06,1134.3076527590072,1.5,0.25,1.75,1132.5576527590072,1132.5576527590072,True,RETRY,HIGH,197
T0038623,2860.12,0.3926366957087462,0,0.0,1122.9880661304992,1.5,0.25,1.75,1121.2380661304992,1121.2380661304992,True,RETRY,HIGH,198
T0039647,2625.56,0.4263832531201484,1,2625.56,1119.4948140621368,1.5,0.25,1.75,1117.7448140621368,1117.7448140621368,True,RETRY,HIGH,199
T0007247,2223.9,0.5000847831235314,1,2223.9,1112.1385491884216,1.5,0.25,1.75,1110.3885491884216,1110.3885491884216,True,RETRY,HIGH,200
T0019003,2211.47,0.5025424308918424,0,0.0,1111.3575096443826,1.5,0.25,1.75,1109.6075096443826,1109.6075096443826,True,RETRY,HIGH,201
T0008028,2138.02,0.5139536124317455,0,0.0,1098.8431024513206,1.5,0.25,1.75,1097.0931024513206,1097.0931024513206,True,RETRY,HIGH,202
T0007152,2501.85,0.4312329865472477,1,2501.85,1078.8802473932315,1.5,0.25,1.75,1077.1302473932315,1077.1302473932315,True,RETRY,HIGH,203
T0031087,2035.08,0.523702647433724,0,0.0,1065.7767837394229,1.5,0.25,1.75,1064.0267837394229,1064.0267837394229,True,RETRY,HIGH,204
T0012678,2000.63,0.5227910707415013,1,2000.63,1045.9114998575699,1.5,0.25,1.75,1044.1614998575699,1044.1614998575699,True,RETRY,HIGH,205
T0022600,2531.67,0.4124529709905423,0,0.0,1044.1948130676262,1.5,0.25,1.75,1042.4448130676262,1042.4448130676262,True,RETRY,HIGH,206
T0037693,1874.26,0.5565756011388489,0,0.0,1043.1673861904987,1.5,0.25,1.75,1041.4173861904987,1041.4173861904987,True,RETRY,HIGH,207
T0028023,2019.19,0.5145292684628252,1,2019.19,1038.932353587452,1.5,0.25,1.75,1037.182353587452,1037.182353587452,True,RETRY,HIGH,208
T0019795,2261.81,0.4587200702927284,0,0.0,1037.5376421887959,1.5,0.25,1.75,1035.7876421887959,1035.7876421887959,True,RETRY,HIGH,209
T0001406,1775.79,0.5819483834377346,1,1775.79,1033.4181198248946,1.5,0.25,1.75,1031.6681198248946,1031.6681198248946,True,RETRY,HIGH,210
T0023526,1889.73,0.5461423769369994,0,0.0,1032.061633969156,1.5,0.25,1.75,1030.311633969156,1030.311633969156,True,RETRY,HIGH,211
T0009042,2534.22,0.4067507730943365,0,0.0,1030.7959441911294,1.5,0.25,1.75,1029.0459441911294,1029.0459441911294,True,RETRY,HIGH,212
T0032545,2317.59,0.4445805483332788,0,0.0,1030.3554330117238,1.5,0.25,1.75,1028.6054330117238,1028.6054330117238,True,RETRY,HIGH,213
T0017280,1892.78,0.5418480360492955,1,1892.78,1025.5991256733855,1.5,0.25,1.75,1023.8491256733855,1023.8491256733855,True,RETRY,HIGH,214
T0027780,1916.91,0.5336439058280504,1,1916.91,1022.9473395208482,1.5,0.25,1.75,1021.1973395208482,1021.1973395208482,True,RETRY,HIGH,215
T0004263,2094.96,0.4875758865408905,1,2094.96,1021.451979267704,1.5,0.25,1.75,1019.701979267704,1019.701979267704,True,RETRY,HIGH,216
T0008505,1958.08,0.5199650732238434,1,1958.08,1018.1332105781433,1.5,0.25,1.75,1016.3832105781433,1016.3832105781433,True,RETRY,HIGH,217
T0009240,1893.97,0.5355363727272787,1,1893.97,1014.2898238542841,1.5,0.25,1.75,1012.5398238542841,1012.5398238542841,True,RETRY,HIGH,218
T0011407,2414.38,0.4199565921879835,0,0.0,1013.9347970468236,1.5,0.25,1.75,1012.1847970468236,1012.1847970468236,True,RETRY,HIGH,219
T0016479,1580.83,0.6369759272105047,1,1580.83,1006.9506550121821,1.5,0.25,1.75,1005.2006550121821,1005.2006550121821,True,RETRY,HIGH,220
T0044094,2674.62,0.3755057848545375,0,0.0,1004.335282287643,1.5,0.25,1.75,1002.585282287643,1002.585282287643,True,RETRY,HIGH,221
T0017693,1697.98,0.5875631018194497,1,1697.98,997.6703956273892,1.5,0.25,1.75,995.9203956273892,995.9203956273892,True,RETRY,MEDIUM,222
T0037966,2641.52,0.3764582170966278,0,0.0,994.4219096250843,1.5,0.25,1.75,992.6719096250843,992.6719096250843,True,RETRY,MEDIUM,223
T0045458,1863.01,0.5330984039579014,1,1863.01,993.1676575576099,1.5,0.25,1.75,991.4176575576099,991.4176575576099,True,RETRY,MEDIUM,224
T0045601,2366.89,0.4180548723324556,1,2366.89,989.4898967749657,1.5,0.25,1.75,987.7398967749657,987.7398967749657,True,RETRY,MEDIUM,225
T0034486,1712.88,0.5742882288162094,1,1712.88,983.6868213747089,1.5,0.25,1.75,981.9368213747089,981.9368213747089,True,RETRY,MEDIUM,226
T0033004,2007.06,0.4892490237490782,1,2007.06,981.9521456058249,1.5,0.25,1.75,980.2021456058249,980.2021456058249,True,RETRY,MEDIUM,227
T0019048,1620.69,0.5988755798699305,1,1620.69,970.5916635393976,1.5,0.25,1.75,968.8416635393976,968.8416635393976,True,RETRY,MEDIUM,228
T0033768,1844.95,0.5249709777981436,1,1844.95,968.545205488685,1.5,0.25,1.75,966.795205488685,966.795205488685,True,RETRY,MEDIUM,229
T0017990,2350.94,0.411469855426661,1,2350.94,967.3409419167543,1.5,0.25,1.75,965.5909419167543,965.5909419167543,True,RETRY,MEDIUM,230
T0027139,3160.42,0.3056151550860932,0,0.0,965.8722484371907,1.5,0.25,1.75,964.1222484371907,964.1222484371907,True,RETRY,MEDIUM,231
T0004376,2866.24,0.3356347670024368,0,0.0,962.0097945730643,1.5,0.25,1.75,960.2597945730643,960.2597945730643,True,RETRY,MEDIUM,232
T0003869,1444.36,0.6584454377500342,1,1444.36,951.0322524686393,1.5,0.25,1.75,949.2822524686393,949.2822524686393,True,RETRY,MEDIUM,233
T0014501,1483.74,0.6406104273509348,1,1483.74,950.499315477676,1.5,0.25,1.75,948.749315477676,948.749315477676,True,RETRY,MEDIUM,234
T0019722,2024.57,0.4694022770671688,1,2024.57,950.3377680818779,1.5,0.25,1.75,948.5877680818779,948.5877680818779,True,RETRY,MEDIUM,235
T0026121,2162.16,0.4382321926569045,1,2162.16,947.5281176750526,1.5,0.25,1.75,945.7781176750526,945.7781176750526,True,RETRY,MEDIUM,236
T0002943,1617.79,0.5849102456791809,1,1617.79,946.2619463573221,1.5,0.25,1.75,944.5119463573221,944.5119463573221,True,RETRY,MEDIUM,237
T0001000,2656.77,0.3555031148749227,1,2656.77,944.4900105062484,1.5,0.25,1.75,942.7400105062484,942.7400105062484,True,RETRY,MEDIUM,238
T0016958,1831.75,0.5149749845653574,0,0.0,943.3054279775935,1.5,0.25,1.75,941.5554279775935,941.5554279775935,True,RETRY,MEDIUM,239
T0022723,1914.79,0.4912315165965422,1,1914.79,940.605195663893,1.5,0.25,1.75,938.855195663893,938.855195663893,True,RETRY,MEDIUM,240
T0028584,1563.76,0.6000205961714636,1,1563.76,938.288207469088,1.5,0.25,1.75,936.538207469088,936.538207469088,True,RETRY,MEDIUM,241
T0009806,2059.37,0.4551500647830432,1,2059.37,937.3223889122556,1.5,0.25,1.75,935.5723889122556,935.5723889122556,True,RETRY,MEDIUM,242
T0003177,2150.05,0.4328371776203982,1,2150.05,930.6215737427373,1.5,0.25,1.75,928.8715737427373,928.8715737427373,True,RETRY,MEDIUM,243
T0000486,1604.18,0.579569785073949,1,1604.18,929.7342578199275,1.5,0.25,1.75,927.9842578199275,927.9842578199275,True,RETRY,MEDIUM,244
T0044966,2134.77,0.4350231131837372,1,2134.77,928.6742913312466,1.5,0.25,1.75,926.9242913312466,926.9242913312466,True,RETRY,MEDIUM,245
T0025016,1991.77,0.462739310426184,0,0.0,921.6702763275605,1.5,0.25,1.75,919.9202763275605,919.9202763275605,True,RETRY,MEDIUM,246
T0043089,1648.54,0.5574247308059954,0,0.0,918.9369657229157,1.5,0.25,1.75,917.1869657229157,917.1869657229157,True,RETRY,MEDIUM,247
T0006656,1789.21,0.5130667503313235,0,0.0,917.9841603603074,1.5,0.25,1.75,916.2341603603074,916.2341603603074,True,RETRY,MEDIUM,248
T0020248,1373.02,0.6617864521361967,1,1373.02,908.6460345120407,1.5,0.25,1.75,906.8960345120407,906.8960345120407,True,RETRY,MEDIUM,249
T0005074,1988.54,0.4553848668595919,1,1988.54,905.5510231449729,1.5,0.25,1.75,903.8010231449729,903.8010231449729,True,RETRY,MEDIUM,250
T0030852,1695.1,0.5340395975641132,0,0.0,905.2505218309283,1.5,0.25,1.75,903.5005218309283,903.5005218309283,True,RETRY,MEDIUM,251
T0037557,1526.22,0.5915041123067784,1,1526.22,902.7654062848512,1.5,0.25,1.75,901.0154062848512,901.0154062848512,True,RETRY,MEDIUM,252
T0005549,2446.22,0.3685961863757491,1,2446.22,901.6673630360849,1.5,0.25,1.75,899.9173630360849,899.9173630360849,True,RETRY,MEDIUM,253
T0045689,2374.4,0.3794003770978752,1,2374.4,900.8482553811949,1.5,0.25,1.75,899.0982553811949,899.0982553811949,True,RETRY,MEDIUM,254
T0033444,2238.62,0.4022431991875388,0,0.0,900.469670565208,1.5,0.25,1.75,898.719670565208,898.719670565208,True,RETRY,MEDIUM,255
T0039628,1642.36,0.5482545908907704,1,1642.36,900.4314098953657,1.5,0.25,1.75,898.6814098953657,898.6814098953657,True,RETRY,MEDIUM,256
T0011585,1638.4,0.548566784762439,0,0.0,898.7718201547801,1.5,0.25,1.75,897.0218201547801,897.0218201547801,True,RETRY,MEDIUM,257
T0018726,1699.38,0.5226341813465406,1,1699.38,888.1540750966842,1.5,0.25,1.75,886.4040750966842,886.4040750966842,True,RETRY,MEDIUM,258
T0025241,2056.96,0.4317296978938668,1,2056.96,888.0507193797682,1.5,0.25,1.75,886.3007193797682,886.3007193797682,True,RETRY,MEDIUM,259
T0036337,1637.58,0.5421951193560791,0,0.0,887.887883555128,1.5,0.25,1.75,886.137883555128,886.137883555128,True,RETRY,MEDIUM,260
T0023888,1481.81,0.5964029493511976,1,1481.81,883.7558543780981,1.5,0.25,1.75,882.0058543780981,882.0058543780981,True,RETRY,MEDIUM,261
T0022413,1599.45,0.5490242971340473,1,1599.45,878.136912051052,1.5,0.25,1.75,876.386912051052,876.386912051052,True,RETRY,MEDIUM,262
T0024654,1878.39,0.4674585079447897,0,0.0,878.0693867384136,1.5,0.25,1.75,876.3193867384136,876.3193867384136,True,RETRY,MEDIUM,263
T0028036,2116.02,0.4132939415023412,0,0.0,874.538246097784,1.5,0.25,1.75,872.788246097784,872.788246097784,True,RETRY,MEDIUM,264
T0002531,1617.0,0.5324251250404809,1,1617.0,860.9314271904576,1.5,0.25,1.75,859.1814271904576,859.1814271904576,True,RETRY,MEDIUM,265
T0042084,1459.62,0.5893411697765688,1,1459.62,860.2141582292753,1.5,0.25,1.75,858.4641582292753,858.4641582292753,True,RETRY,MEDIUM,266
T0036541,1539.43,0.55105876958997,1,1539.43,848.3164016698876,1.5,0.25,1.75,846.5664016698876,846.5664016698876,True,RETRY,MEDIUM,267
T0015813,2413.19,0.3511958162865857,0,0.0,847.5022319046258,1.5,0.25,1.75,845.7522319046258,845.7522319046258,True,RETRY,MEDIUM,268
T0011112,2129.3,0.3975859210771437,1,2129.3,846.5797017495621,1.5,0.25,1.75,844.8297017495621,844.8297017495621,True,RETRY,MEDIUM,269
T0020380,1378.31,0.6121680194705881,1,1378.31,843.7573029165062,1.5,0.25,1.75,842.0073029165062,842.0073029165062,True,RETRY,MEDIUM,270
T0001779,1350.33,0.6200035319750996,1,1350.33,837.2093693319362,1.5,0.25,1.75,835.4593693319362,835.4593693319362,True,RETRY,MEDIUM,271
T0044447,2152.95,0.3865591867571589,0,0.0,832.2426011288252,1.5,0.25,1.75,830.4926011288252,830.4926011288252,True,RETRY,MEDIUM,272
T0028736,1620.58,0.509677219710424,0,0.0,825.9727087183189,1.5,0.25,1.75,824.2227087183189,824.2227087183189,True,RETRY,MEDIUM,273
T0021796,1638.01,0.5024779626477297,1,1638.01,823.0639275966078,1.5,0.25,1.75,821.3139275966078,821.3139275966078,True,RETRY,MEDIUM,274
T0024586,1414.13,0.581916555454314,0,0.0,822.9056585646091,1.5,0.25,1.75,821.1556585646091,821.1556585646091,True,RETRY,MEDIUM,275
T0025056,1518.16,0.5401635966874907,1,1518.16,820.0547659470809,1.5,0.25,1.75,818.3047659470809,818.3047659470809,True,RETRY,MEDIUM,276
T0012549,1303.25,0.6281778578198304,1,1303.25,818.6727932036939,1.5,0.25,1.75,816.9227932036939,816.9227932036939,True,RETRY,MEDIUM,277
T0023681,1900.6,0.4303904917699983,0,0.0,818.0001686580587,1.5,0.25,1.75,816.2501686580587,816.2501686580587,True,RETRY,MEDIUM,278
T0007500,1453.5,0.5626435421297222,1,1453.5,817.8023884855512,1.5,0.25,1.75,816.0523884855512,816.0523884855512,True,RETRY,MEDIUM,279
T0041788,2130.1,0.3814422952797546,0,0.0,812.5102331754052,1.5,0.25,1.75,810.7602331754052,810.7602331754052,True,RETRY,MEDIUM,280
T0037764,1501.11,0.5392697190473108,1,1501.11,809.5031679591086,1.5,0.25,1.75,807.7531679591086,807.7531679591086,True,RETRY,MEDIUM,281
T0032053,1662.26,0.480536428526474,1,1662.26,798.7764836824166,1.5,0.25,1.75,797.0264836824166,797.0264836824166,True,RETRY,MEDIUM,282
T0041502,1949.37,0.4094433966103289,1,1949.37,798.1566740502768,1.5,0.25,1.75,796.4066740502768,796.4066740502768,True,RETRY,MEDIUM,283
T0022341,1736.04,0.4589589893055036,1,1736.04,796.7711637939265,1.5,0.25,1.75,795.0211637939265,795.0211637939265,True,RETRY,MEDIUM,284
T0042581,1724.42,0.4605305176789821,1,1724.42,794.1480352959903,1.5,0.25,1.75,792.3980352959903,792.3980352959903,True,RETRY,MEDIUM,285
T0035407,1593.55,0.4963006727657658,1,1593.55,790.879937085886,1.5,0.25,1.75,789.129937085886,789.129937085886,True,RETRY,MEDIUM,286
T0013432,1806.14,0.4373559425080586,0,0.0,789.926062001505,1.5,0.25,1.75,788.176062001505,788.176062001505,True,RETRY,MEDIUM,287
T0015759,2677.85,0.2932059672373309,0,0.0,785.1615993664865,1.5,0.25,1.75,783.4115993664865,783.4115993664865,True,RETRY,MEDIUM,288
T0027356,1340.14,0.5855185521708502,1,1340.14,784.6768325062433,1.5,0.25,1.75,782.9268325062433,782.9268325062433,True,RETRY,MEDIUM,289
T0002729,2156.79,0.36355091288276,1,2156.79,784.1029733964078,1.5,0.25,1.75,782.3529733964078,782.3529733964078,True,RETRY,MEDIUM,290
T0024417,2294.54,0.3401663652613571,0,0.0,780.5253317467942,1.5,0.25,1.75,778.7753317467942,778.7753317467942,True,RETRY,MEDIUM,291
T0010221,1680.46,0.4634694156647212,1,1680.46,778.8418142479375,1.5,0.25,1.75,777.0918142479375,777.0918142479375,True,RETRY,MEDIUM,292
T0017889,1445.13,0.5336771764870839,1,1445.13,771.2328980567796,1.5,0.25,1.75,769.4828980567796,769.4828980567796,True,RETRY,MEDIUM,293
T0027843,1270.66,0.6033235371989398,1,1270.66,766.619085777205,1.5,0.25,1.75,764.869085777205,764.869085777205,True,RETRY,MEDIUM,294
T0030090,1519.27,0.5015324102269495,1,1519.27,761.9631448854975,1.5,0.25,1.75,760.2131448854975,760.2131448854975,True,RETRY,MEDIUM,295
T0008515,1970.38,0.3865310774432121,0,0.0,761.6131043725562,1.5,0.25,1.75,759.8631043725562,759.8631043725562,True,RETRY,MEDIUM,296
T0045197,1154.57,0.6588689137333545,1,1154.57,760.7102817291191,1.5,0.25,1.75,758.9602817291191,758.9602817291191,True,RETRY,MEDIUM,297
T0011091,1931.07,0.3931167805627741,1,1931.07,759.1360214413562,1.5,0.25,1.75,757.3860214413562,757.3860214413562,True,RETRY,MEDIUM,298
T0004938,1409.4,0.5376673211132645,1,1409.4,757.7883223770351,1.5,0.25,1.75,756.0383223770351,756.0383223770351,True,RETRY,MEDIUM,299
T0018803,1769.54,0.4274373315176208,1,1769.54,756.3674556136907,1.5,0.25,1.75,754.6174556136907,754.6174556136907,True,RETRY,MEDIUM,300
T0005609,1364.02,0.5543031495983599,1,1364.02,756.0805821151549,1.5,0.25,1.75,754.3305821151549,754.3305821151549,True,RETRY,MEDIUM,301
T0007277,1643.87,0.4575864158690341,1,1643.87,752.212581454629,1.5,0.25,1.75,750.462581454629,750.462581454629,True,RETRY,MEDIUM,302
T0045773,1550.87,0.4845464415472117,1,1550.87,751.4685398023241,1.5,0.25,1.75,749.7185398023241,749.7185398023241,True,RETRY,MEDIUM,303
T0027893,1701.9,0.4400942824665066,0,0.0,748.9964593297476,1.5,0.25,1.75,747.2464593297476,747.2464593297476,True,RETRY,MEDIUM,304
T0013964,1216.47,0.6154973173922286,1,1216.47,748.7340216881244,1.5,0.25,1.75,746.9840216881244,746.9840216881244,True,RETRY,MEDIUM,305
T0022061,1842.33,0.4048269406776884,0,0.0,745.8248176187255,1.5,0.25,1.75,744.0748176187255,744.0748176187255,True,RETRY,MEDIUM,306
T0044352,1272.63,0.5794251310021218,1,1272.63,737.3938044672303,1.5,0.25,1.75,735.6438044672303,735.6438044672303,True,RETRY,MEDIUM,307
T0008251,1354.17,0.5425424137223679,1,1354.17,734.694660390419,1.5,0.25,1.75,732.944660390419,732.944660390419,True,RETRY,MEDIUM,308
T0009157,1427.3,0.5146817678918026,0,0.0,734.6052873119698,1.5,0.25,1.75,732.8552873119698,732.8552873119698,True,RETRY,MEDIUM,309
T0007755,1417.61,0.5174439955755802,1,1417.61,733.5337825678981,1.5,0.25,1.75,731.7837825678981,731.7837825678981,True,RETRY,MEDIUM,310
T0025270,1411.02,0.5154518974149729,1,1411.02,727.312936290475,1.5,0.25,1.75,725.562936290475,725.562936290475,True,RETRY,MEDIUM,311
T0005343,1729.87,0.4159704169986287,0,0.0,719.5747452534177,1.5,0.25,1.75,717.8247452534177,717.8247452534177,True,RETRY,MEDIUM,312
T0021145,1308.32,0.5484169116308142,1,1308.32,717.5048138248268,1.5,0.25,1.75,715.7548138248268,715.7548138248268,True,RETRY,MEDIUM,313
T0006204,1155.21,0.6183107057957692,1,1155.21,714.2787104423305,1.5,0.25,1.75,712.5287104423305,712.5287104423305,True,RETRY,MEDIUM,314
T0003123,1156.41,0.6171265539837092,1,1156.41,713.6513182923012,1.5,0.25,1.75,711.9013182923012,711.9013182923012,True,RETRY,MEDIUM,315
T0040524,1266.75,0.5633252155167723,1,1266.75,713.5922167558713,1.5,0.25,1.75,711.8422167558713,711.8422167558713,True,RETRY,MEDIUM,316
T0034040,1492.29,0.4780610862307295,1,1492.29,713.4057783712553,1.5,0.25,1.75,711.6557783712553,711.6557783712553,True,RETRY,MEDIUM,317
T0038703,1318.42,0.5410927030937097,1,1318.42,713.3874416128089,1.5,0.25,1.75,711.6374416128089,711.6374416128089,True,RETRY,MEDIUM,318
T0019587,1216.68,0.5855231756158759,0,0.0,712.3943373083239,1.5,0.25,1.75,710.6443373083239,710.6443373083239,True,RETRY,MEDIUM,319
T0031676,1096.94,0.6461816494682109,1,1096.94,708.8224985676593,1.5,0.25,1.75,707.0724985676593,707.0724985676593,True,RETRY,MEDIUM,320
T0018040,1275.45,0.5546110144807865,0,0.0,707.3786184195192,1.5,0.25,1.75,705.6286184195192,705.6286184195192,True,RETRY,MEDIUM,321
T0038915,1699.39,0.4110918759407172,1,1699.39,698.6054230548955,1.5,0.25,1.75,696.8554230548955,696.8554230548955,True,RETRY,MEDIUM,322
T0004943,1381.58,0.5043316473617896,1,1381.58,696.7745173621013,1.5,0.25,1.75,695.0245173621013,695.0245173621013,True,RETRY,MEDIUM,323
T0013482,1069.44,0.64954411693185,1,1069.44,694.6484604115977,1.5,0.25,1.75,692.8984604115977,692.8984604115977,True,RETRY,MEDIUM,324
T0006027,1558.3,0.445007122359893,0,0.0,693.4545987734213,1.5,0.25,1.75,691.7045987734213,691.7045987734213,True,RETRY,MEDIUM,325
T0009778,1261.28,0.5495183587790343,1,1261.28,693.0965155608204,1.5,0.25,1.75,691.3465155608204,691.3465155608204,True,RETRY,MEDIUM,326
T0042807,1080.42,0.6392660474904288,1,1080.42,690.6758230296091,1.5,0.25,1.75,688.9258230296091,688.9258230296091,True,RETRY,MEDIUM,327
T0045755,1041.16,0.6616567251912197,1,1041.16,688.8905160000903,1.5,0.25,1.75,687.1405160000903,687.1405160000903,True,RETRY,MEDIUM,328
T0023062,1156.07,0.5957125481440105,1,1156.07,688.6854055328462,1.5,0.25,1.75,686.9354055328462,686.9354055328462,True,RETRY,MEDIUM,329
T0011105,1332.24,0.5146192290441967,1,1332.24,685.5963217018406,1.5,0.25,1.75,683.8463217018406,683.8463217018406,True,RETRY,MEDIUM,330
T0023790,999.41,0.680785164234242,1,999.41,680.3835009873437,1.5,0.25,1.75,678.6335009873437,678.6335009873437,True,RETRY,MEDIUM,331
T0005712,1056.42,0.6404127521468485,1,1056.42,676.5448396229737,1.5,0.25,1.75,674.7948396229737,674.7948396229737,True,RETRY,MEDIUM,332
T0035884,1130.98,0.5979146947458716,1,1130.98,676.2295614636859,1.5,0.25,1.75,674.4795614636859,674.4795614636859,True,RETRY,MEDIUM,333
T0008039,1126.75,0.5957542324760734,1,1126.75,671.2660814424157,1.5,0.25,1.75,669.5160814424157,669.5160814424157,True,RETRY,MEDIUM,334
T0014749,1494.04,0.4452337709629341,1,1494.04,665.197063169462,1.5,0.25,1.75,663.447063169462,663.447063169462,True,RETRY,MEDIUM,335
T0028245,1069.29,0.6205922551334779,1,1069.29,663.5930924916765,1.5,0.25,1.75,661.8430924916765,661.8430924916765,True,RETRY,MEDIUM,336
T0008724,1121.91,0.5903076658435694,1,1121.91,662.272073386559,1.5,0.25,1.75,660.522073386559,660.522073386559,True,RETRY,MEDIUM,337
T0022596,1042.99,0.6338422755362394,1,1042.99,661.0911549615423,1.5,0.25,1.75,659.3411549615423,659.3411549615423,True,RETRY,MEDIUM,338
T0012101,1542.26,0.4283280146839702,0,0.0,660.5931639264999,1.5,0.25,1.75,658.8431639264999,658.8431639264999,True,RETRY,MEDIUM,339
T0015765,1432.74,0.4609891464737249,1,1432.74,660.4775897187646,1.5,0.25,1.75,658.7275897187646,658.7275897187646,True,RETRY,MEDIUM,340
T0031689,1222.29,0.5390026210364623,1,1222.29,658.8175136666575,1.5,0.25,1.75,657.0675136666575,657.0675136666575,True,RETRY,MEDIUM,341
T0019297,1224.52,0.5351837157466375,1,1224.52,655.3431636060725,1.5,0.25,1.75,653.5931636060725,653.5931636060725,True,RETRY,MEDIUM,342
T0017328,1149.3,0.5697918123751486,1,1149.3,654.8617299627583,1.5,0.25,1.75,653.1117299627583,653.1117299627583,True,RETRY,MEDIUM,343
T0023298,1053.26,0.6208633631984984,0,0.0,653.9305459224505,1.5,0.25,1.75,652.1805459224505,652.1805459224505,True,RETRY,MEDIUM,344
T0027976,1094.02,0.5934938258402683,1,1094.02,649.2941153457704,1.5,0.25,1.75,647.5441153457704,647.5441153457704,True,RETRY,MEDIUM,345
T0015778,1788.51,0.3626860916023407,0,0.0,648.6677016917024,1.5,0.25,1.75,646.9177016917024,646.9177016917024,True,RETRY,MEDIUM,346
T0026255,1162.47,0.5537337884304391,1,1162.47,643.6989170367325,1.5,0.25,1.75,641.9489170367325,641.9489170367325,True,RETRY,MEDIUM,347
T0002418,1210.33,0.529599633300161,1,1210.33,640.9903241721838,1.5,0.25,1.75,639.2403241721838,639.2403241721838,True,RETRY,MEDIUM,348
T0010150,1710.16,0.3730233213914702,0,0.0,637.9295633108367,1.5,0.25,1.75,636.1795633108367,636.1795633108367,True,RETRY,MEDIUM,349
T0024454,1283.41,0.4959893645793879,0,0.0,636.5577103948323,1.5,0.25,1.75,634.8077103948323,634.8077103948323,True,RETRY,MEDIUM,350
T0031150,1307.58,0.4860425478214525,1,1307.58,635.5395146803749,1.5,0.25,1.75,633.7895146803749,633.7895146803749,True,RETRY,MEDIUM,351
T0017469,1455.3,0.4338047390407227,1,1455.3,631.3160367259637,1.5,0.25,1.75,629.5660367259637,629.5660367259637,True,RETRY,MEDIUM,352
T0007945,1623.52,0.3878557712755597,0,0.0,629.6916017812966,1.5,0.25,1.75,627.9416017812966,627.9416017812966,True,RETRY,MEDIUM,353
T0038114,1357.13,0.4610332502593173,1,1357.13,625.6820549244273,1.5,0.25,1.75,623.9320549244273,623.9320549244273,True,RETRY,MEDIUM,354
T0044954,988.27,0.629730751609993,0,0.0,622.3440098936078,1.5,0.25,1.75,620.5940098936078,620.5940098936078,True,RETRY,MEDIUM,355
T0030471,1148.73,0.5384792970469614,0,0.0,618.567322896756,1.5,0.25,1.75,616.817322896756,616.817322896756,True,RETRY,MEDIUM,356
T0020946,1153.86,0.5311080637570084,1,1153.86,612.8243504466616,1.5,0.25,1.75,611.0743504466616,611.0743504466616,True,RETRY,MEDIUM,357
T0038580,1312.56,0.4562540294543635,1,1312.56,598.8607889006194,1.5,0.25,1.75,597.1107889006194,597.1107889006194,True,RETRY,MEDIUM,358
T0008294,974.15,0.6094428808252563,1,974.15,593.6887823559234,1.5,0.25,1.75,591.9387823559234,591.9387823559234,True,RETRY,MEDIUM,359
T0006532,1387.59,0.427114650552562,1,1387.59,592.6600179602294,1.5,0.25,1.75,590.9100179602294,590.9100179602294,True,RETRY,MEDIUM,360
T0009472,1318.74,0.446956432073917,1,1318.74,589.4193252331573,1.5,0.25,1.75,587.6693252331573,587.6693252331573,True,RETRY,MEDIUM,361
T0010518,1385.67,0.4242259504637402,1,1385.67,587.8371727790909,1.5,0.25,1.75,586.0871727790909,586.0871727790909,True,RETRY,MEDIUM,362
T0021304,1486.23,0.3924184185502073,0,0.0,583.2240262018746,1.5,0.25,1.75,581.4740262018746,581.4740262018746,True,RETRY,MEDIUM,363
T0013361,982.62,0.5913349259862811,1,982.62,581.0575249726396,1.5,0.25,1.75,579.3075249726396,579.3075249726396,True,RETRY,MEDIUM,364
T0031997,1487.07,0.3906600277625786,1,1487.07,580.9388074848977,1.5,0.25,1.75,579.1888074848977,579.1888074848977,True,RETRY,MEDIUM,365
T0030009,1281.48,0.4529534491269549,1,1281.48,580.4507859872102,1.5,0.25,1.75,578.7007859872102,578.7007859872102,True,RETRY,MEDIUM,366
T0028280,1390.62,0.4173589057614039,1,1390.62,580.3876415299234,1.5,0.25,1.75,578.6376415299234,578.6376415299234,True,RETRY,MEDIUM,367
T0013528,1175.18,0.4938523864822071,1,1175.18,580.3654475461601,1.5,0.25,1.75,578.6154475461601,578.6154475461601,True,RETRY,MEDIUM,368
T0036030,1101.5,0.5249275858387936,0,0.0,578.2077358014312,1.5,0.25,1.75,576.4577358014312,576.4577358014312,True,RETRY,MEDIUM,369
T0016981,1267.85,0.4511695882497816,1,1267.85,572.0153624624855,1.5,0.25,1.75,570.2653624624855,570.2653624624855,True,RETRY,MEDIUM,370
T0033036,1216.4,0.4659105042464753,1,1216.4,566.7335373654125,1.5,0.25,1.75,564.9835373654125,564.9835373654125,True,RETRY,MEDIUM,371
T0025688,1133.12,0.4988197924777667,1,1133.12,565.2226832524069,1.5,0.25,1.75,563.4726832524069,563.4726832524069,True,RETRY,MEDIUM,372
T0012181,1167.93,0.4827779974143267,0,0.0,563.8509065201146,1.5,0.25,1.75,562.1009065201146,562.1009065201146,True,RETRY,MEDIUM,373
T0016455,854.81,0.6592705106225041,1,854.81,563.5510251852227,1.5,0.25,1.75,561.8010251852227,561.8010251852227,True,RETRY,MEDIUM,374
T0023557,909.83,0.6182519921586848,1,909.83,562.5042100257361,1.5,0.25,1.75,560.7542100257361,560.7542100257361,True,RETRY,MEDIUM,375
T0031278,965.67,0.5803845231832166,1,965.67,560.4599225023368,1.5,0.25,1.75,558.7099225023368,558.7099225023368,True,RETRY,MEDIUM,376
T0016500,2967.37,0.1868936748991667,0,0.0,554.5826840855402,1.5,0.25,1.75,552.8326840855402,552.8326840855402,True,RETRY,MEDIUM,377
T0005571,1026.69,0.5335916696136076,0,0.0,547.8332312755948,1.5,0.25,1.75,546.0832312755948,546.0832312755948,True,RETRY,MEDIUM,378
T0020450,1138.94,0.4769710614723157,0,0.0,543.2414207532793,1.5,0.25,1.75,541.4914207532793,541.4914207532793,True,RETRY,MEDIUM,379
T0021693,1025.58,0.5285665819802446,0,0.0,542.0873151472993,1.5,0.25,1.75,540.3373151472993,540.3373151472993,True,RETRY,MEDIUM,380
T0006984,1318.64,0.4096981286204722,0,0.0,540.2443403240995,1.5,0.25,1.75,538.4943403240995,538.4943403240995,True,RETRY,MEDIUM,381
T0040618,982.08,0.5481784169419686,1,982.08,538.3550597103686,1.5,0.25,1.75,536.6050597103686,536.6050597103686,True,RETRY,MEDIUM,382
T0008368,913.32,0.5885413293914469,0,0.0,537.5265669597962,1.5,0.25,1.75,535.7765669597962,535.7765669597962,True,RETRY,MEDIUM,383
T0025637,1258.32,0.4228285236336423,1,1258.32,532.0535878586848,1.5,0.25,1.75,530.3035878586848,530.3035878586848,True,RETRY,MEDIUM,384
T0000433,1230.15,0.4294444209452173,1,1230.15,528.2810544257591,1.5,0.25,1.75,526.5310544257591,526.5310544257591,True,RETRY,MEDIUM,385
T0004784,1095.66,0.4810258911531194,0,0.0,527.0408279008268,1.5,0.25,1.75,525.2908279008268,525.2908279008268,True,RETRY,MEDIUM,386
T0024020,1246.89,0.4211392545679332,0,0.0,525.1143251282103,1.5,0.25,1.75,523.3643251282103,523.3643251282103,True,RETRY,MEDIUM,387
T0035164,1192.7,0.4396153835926357,1,1192.7,524.3292680109366,1.5,0.25,1.75,522.5792680109366,522.5792680109366,True,RETRY,MEDIUM,388
T0015852,1400.01,0.3725925573859033,1,1400.01,521.6333062658384,1.5,0.25,1.75,519.8833062658384,519.8833062658384,True,RETRY,MEDIUM,389
T0018897,1013.71,0.5138158983339091,0,0.0,520.860314300067,1.5,0.25,1.75,519.110314300067,519.110314300067,True,RETRY,MEDIUM,390
T0044225,1025.85,0.5066094520004978,1,1025.85,519.7053063347106,1.5,0.25,1.75,517.9553063347106,517.9553063347106,True,RETRY,MEDIUM,391
T0014702,898.63,0.5781743557394726,1,898.63,519.5648212981623,1.5,0.25,1.75,517.8148212981623,517.8148212981623,True,RETRY,MEDIUM,392
T0006681,964.34,0.5353849288409517,1,964.34,516.2931022784834,1.5,0.25,1.75,514.5431022784834,514.5431022784834,True,RETRY,MEDIUM,393
T0010667,1125.87,0.4584929248014191,1,1125.87,516.2034292461736,1.5,0.25,1.75,514.4534292461736,514.4534292461736,True,RETRY,MEDIUM,394
T0031352,1069.78,0.4799993292457942,1,1069.78,513.4936824405657,1.5,0.25,1.75,511.74368244056575,511.74368244056575,True,RETRY,MEDIUM,395
T0000183,806.92,0.6360643634896447,1,806.92,513.2530561870641,1.5,0.25,1.75,511.5030561870641,511.5030561870641,True,RETRY,MEDIUM,396
T0014416,1151.44,0.4432852035989535,0,0.0,510.41631483197904,1.5,0.25,1.75,508.66631483197904,508.66631483197904,True,RETRY,MEDIUM,397
T0000114,1205.58,0.4176481242301977,0,0.0,503.5082256094417,1.5,0.25,1.75,501.7582256094417,501.7582256094417,True,RETRY,MEDIUM,398
T0007204,2259.71,0.2227349149443624,0,0.0,503.3163146489252,1.5,0.25,1.75,501.5663146489252,501.5663146489252,True,RETRY,MEDIUM,399
T0020901,1003.41,0.4974568046447217,1,1003.41,499.1531323485602,1.5,0.25,1.75,497.4031323485602,497.4031323485602,True,RETRY,LOW,400
T0029832,1075.92,0.4615199282951691,1,1075.92,496.55852125133833,1.5,0.25,1.75,494.80852125133833,494.80852125133833,True,RETRY,LOW,401
T0010429,807.29,0.6120218021843692,1,807.29,494.0790806854194,1.5,0.25,1.75,492.3290806854194,492.3290806854194,True,RETRY,LOW,402
T0003583,779.11,0.6310524279116598,1,779.11,491.6592571102533,1.5,0.25,1.75,489.9092571102533,489.9092571102533,True,RETRY,LOW,403
T0033915,1193.48,0.4114691072797785,1,1193.48,491.08015015627,1.5,0.25,1.75,489.33015015627,489.33015015627,True,RETRY,LOW,404
T0013176,1110.34,0.440499741966166,0,0.0,489.1044834947127,1.5,0.25,1.75,487.3544834947127,487.3544834947127,True,RETRY,LOW,405
T0040449,1031.94,0.4651022539634424,1,1031.94,479.9576199550348,1.5,0.25,1.75,478.2076199550348,478.2076199550348,True,RETRY,LOW,406
T0006704,836.96,0.5728256864326288,1,836.96,479.432186516653,1.5,0.25,1.75,477.682186516653,477.682186516653,True,RETRY,LOW,407
T0023506,1115.69,0.4272385292017156,1,1115.69,476.6657546450621,1.5,0.25,1.75,474.9157546450621,474.9157546450621,True,RETRY,LOW,408
T0001894,1063.04,0.4475796817173424,1,1063.04,475.79510485280366,1.5,0.25,1.75,474.04510485280366,474.04510485280366,True,RETRY,LOW,409
T0020490,1040.28,0.4521137955196847,0,0.0,470.32493920321764,1.5,0.25,1.75,468.57493920321764,468.57493920321764,True,RETRY,LOW,410
T0045230,714.87,0.6514521855732045,1,714.87,465.7036239007167,1.5,0.25,1.75,463.9536239007167,463.9536239007167,True,RETRY,LOW,411
T0004005,1133.97,0.4079637667228054,0,0.0,462.6186725506596,1.5,0.25,1.75,460.8686725506596,460.8686725506596,True,RETRY,LOW,412
T0011274,1015.34,0.4541775574929906,1,1015.34,461.1446412249331,1.5,0.25,1.75,459.3946412249331,459.3946412249331,True,RETRY,LOW,413
T0000901,1160.94,0.3971443023876355,1,1160.94,461.0607064139016,1.5,0.25,1.75,459.3107064139016,459.3107064139016,True,RETRY,LOW,414
T0023879,1256.01,0.3637593387078756,1,1256.01,456.88536701047883,1.5,0.25,1.75,455.13536701047883,455.13536701047883,True,RETRY,LOW,415
T0001142,897.12,0.505622981781729,1,897.12,453.60448941602476,1.5,0.25,1.75,451.85448941602476,451.85448941602476,True,RETRY,LOW,416
T0000671,1107.12,0.4095324655670659,1,1107.12,453.40158327860996,1.5,0.25,1.75,451.65158327860996,451.65158327860996,True,RETRY,LOW,417
T0020991,1115.13,0.4045003343362218,1,1115.13,451.07045782835104,1.5,0.25,1.75,449.32045782835104,449.32045782835104,True,RETRY,LOW,418
T0032153,946.46,0.4761912207571496,1,946.46,450.6959427978118,1.5,0.25,1.75,448.9459427978118,448.9459427978118,True,RETRY,LOW,419
T0028547,1301.5,0.3452669563506998,1,1301.5,449.36494369043584,1.5,0.25,1.75,447.61494369043584,447.61494369043584,True,RETRY,LOW,420
T0018191,674.42,0.6560035794746212,1,674.42,442.421934069274,1.5,0.25,1.75,440.671934069274,440.671934069274,True,RETRY,LOW,421
T0023520,1370.52,0.3196612194562477,1,1370.52,438.1020944891766,1.5,0.25,1.75,436.3520944891766,436.3520944891766,True,RETRY,LOW,422
T0032708,1138.68,0.3823992220688362,0,0.0,435.43034618534244,1.5,0.25,1.75,433.68034618534244,433.68034618534244,True,RETRY,LOW,423
T0027860,856.0,0.5077856577254839,1,856.0,434.6645230130142,1.5,0.25,1.75,432.9145230130142,432.9145230130142,True,RETRY,LOW,424
T0014407,848.44,0.5095664133184558,1,848.44,432.3365277159106,1.5,0.25,1.75,430.5865277159106,430.5865277159106,True,RETRY,LOW,425
T0025062,892.61,0.4819419153761451,1,892.61,430.1861730839009,1.5,0.25,1.75,428.4361730839009,428.4361730839009,True,RETRY,LOW,426
T0010074,694.6,0.6153438499120174,1,694.6,427.4178381488873,1.5,0.25,1.75,425.6678381488873,425.6678381488873,True,RETRY,LOW,427
T0024029,1022.9,0.4154367898232293,1,1022.9,424.9502923101812,1.5,0.25,1.75,423.2002923101812,423.2002923101812,True,RETRY,LOW,428
T0042165,682.19,0.618768095550427,0,0.0,422.1174071035458,1.5,0.25,1.75,420.3674071035458,420.3674071035458,True,RETRY,LOW,429
T0021765,704.2,0.597811476295129,1,704.2,420.97884160702984,1.5,0.25,1.75,419.22884160702984,419.22884160702984,True,RETRY,LOW,430
T0005622,718.44,0.5819681871470689,1,718.44,418.1092243739402,1.5,0.25,1.75,416.3592243739402,416.3592243739402,True,RETRY,LOW,431
T0037261,778.06,0.5360978166845447,0,0.0,417.1162672495768,1.5,0.25,1.75,415.3662672495768,415.3662672495768,True,RETRY,LOW,432
T0012287,1014.55,0.4048971080472742,0,0.0,410.78836096936203,1.5,0.25,1.75,409.03836096936203,409.03836096936203,True,RETRY,LOW,433
T0026587,660.2,0.615388508276192,1,660.2,406.27949316394194,1.5,0.25,1.75,404.52949316394194,404.52949316394194,True,RETRY,LOW,434
T0030481,994.44,0.4084181837368958,0,0.0,406.1473786353187,1.5,0.25,1.75,404.3973786353187,404.3973786353187,True,RETRY,LOW,435
T0027448,1063.72,0.3802042877187796,1,1063.72,404.43090493222024,1.5,0.25,1.75,402.68090493222024,402.68090493222024,True,RETRY,LOW,436
T0024290,712.32,0.5606191672441904,1,712.32,399.3402452113817,1.5,0.25,1.75,397.5902452113817,397.5902452113817,True,RETRY,LOW,437
T0008920,992.41,0.3979582949986598,0,0.0,394.93779153962,1.5,0.25,1.75,393.18779153962,393.18779153962,True,RETRY,LOW,438
T0044537,873.23,0.4512905738242252,0,0.0,394.0804677805282,1.5,0.25,1.75,392.3304677805282,392.3304677805282,True,RETRY,LOW,439
T0020930,896.6,0.4365545871346247,1,896.6,391.4148428249045,1.5,0.25,1.75,389.6648428249045,389.6648428249045,True,RETRY,LOW,440
T0029978,903.18,0.4323703690319425,1,903.18,390.5082699022698,1.5,0.25,1.75,388.7582699022698,388.7582699022698,True,RETRY,LOW,441
T0044597,744.15,0.5226860727693491,1,744.15,388.95684105131113,1.5,0.25,1.75,387.20684105131113,387.20684105131113,True,RETRY,LOW,442
T0004847,850.16,0.4574015293169012,1,850.16,388.8644841640567,1.5,0.25,1.75,387.1144841640567,387.1144841640567,True,RETRY,LOW,443
T0040700,624.2,0.6220317836880492,1,624.2,388.27223937808037,1.5,0.25,1.75,386.52223937808037,386.52223937808037,True,RETRY,LOW,444
T0041719,846.45,0.4571690034245246,1,846.45,386.9707029486889,1.5,0.25,1.75,385.2207029486889,385.2207029486889,True,RETRY,LOW,445
T0035909,961.12,0.4023526051451178,0,0.0,386.7091358570756,1.5,0.25,1.75,384.9591358570756,384.9591358570756,True,RETRY,LOW,446
T0016648,640.92,0.5997605839331802,0,0.0,384.39855345445386,1.5,0.25,1.75,382.64855345445386,382.64855345445386,True,RETRY,LOW,447
T0019360,959.03,0.399568619647928,0,0.0,383.1982933009524,1.5,0.25,1.75,381.4482933009524,381.4482933009524,True,RETRY,LOW,448
T0030928,621.54,0.6109932160906049,0,0.0,379.7567235289545,1.5,0.25,1.75,378.0067235289545,378.0067235289545,True,RETRY,LOW,449
T0019137,684.65,0.55215846861809,0,0.0,378.03529553937534,1.5,0.25,1.75,376.28529553937534,376.28529553937534,True,RETRY,LOW,450
T0000667,695.21,0.5433109206934718,1,695.21,377.71518517530853,1.5,0.25,1.75,375.96518517530853,375.96518517530853,True,RETRY,LOW,451
T0000192,615.14,0.6117817262513902,0,0.0,376.3314110862801,1.5,0.25,1.75,374.5814110862801,374.5814110862801,True,RETRY,LOW,452
T0019913,605.88,0.619664924186729,0,0.0,375.4425842662554,1.5,0.25,1.75,373.6925842662554,373.6925842662554,True,RETRY,LOW,453
T0036572,852.16,0.4391590130027101,0,0.0,374.23374452038945,1.5,0.25,1.75,372.48374452038945,372.48374452038945,True,RETRY,LOW,454
T0045712,977.5,0.3827608301276337,1,977.5,374.14871144976195,1.5,0.25,1.75,372.39871144976195,372.39871144976195,True,RETRY,LOW,455
T0044928,912.46,0.4079626459912013,0,0.0,372.24959596113155,1.5,0.25,1.75,370.49959596113155,370.49959596113155,True,RETRY,LOW,456
T0020069,604.98,0.614832641521314,1,604.98,371.96145146756453,1.5,0.25,1.75,370.21145146756453,370.21145146756453,True,RETRY,LOW,457
T0026611,545.61,0.6746303403538817,0,0.0,368.0850600004814,1.5,0.25,1.75,366.3350600004814,366.3350600004814,True,RETRY,LOW,458
T0025050,732.93,0.4994265686159063,1,732.93,366.04471493565615,1.5,0.25,1.75,364.29471493565615,364.29471493565615,True,RETRY,LOW,459
T0026617,662.72,0.5485836809697137,0,0.0,363.5573770522486,1.5,0.25,1.75,361.8073770522486,361.8073770522486,True,RETRY,LOW,460
T0037232,685.21,0.5272903237040195,1,685.21,361.3046027052312,1.5,0.25,1.75,359.5546027052312,359.5546027052312,True,RETRY,LOW,461
T0006739,801.96,0.4430198164929859,0,0.0,355.28417203471497,1.5,0.25,1.75,353.53417203471497,353.53417203471497,True,RETRY,LOW,462
T0034899,641.57,0.549735314845492,1,641.57,352.6936859454223,1.5,0.25,1.75,350.9436859454223,350.9436859454223,True,RETRY,LOW,463
T0030466,576.66,0.6081719374156116,1,576.66,350.70842943008654,1.5,0.25,1.75,348.95842943008654,348.95842943008654,True,RETRY,LOW,464
T0038605,796.3,0.4401160523354244,0,0.0,350.4644124746984,1.5,0.25,1.75,348.7144124746984,348.7144124746984,True,RETRY,LOW,465
T0018611,611.91,0.5725316553112089,0,0.0,350.3378452014818,1.5,0.25,1.75,348.5878452014818,348.5878452014818,True,RETRY,LOW,466
T0036279,580.6,0.6022127584597896,1,580.6,349.6447275617539,1.5,0.25,1.75,347.8947275617539,347.8947275617539,True,RETRY,LOW,467
T0041660,645.37,0.5377242597151077,1,645.37,347.03110549233907,1.5,0.25,1.75,345.28110549233907,345.28110549233907,True,RETRY,LOW,468
T0040033,550.87,0.6289487429667496,1,550.87,346.4689940380934,1.5,0.25,1.75,344.7189940380934,344.7189940380934,True,RETRY,LOW,469
T0022129,823.55,0.4205533557937956,1,823.55,346.3467161639804,1.5,0.25,1.75,344.5967161639804,344.5967161639804,True,RETRY,LOW,470
T0042579,1124.12,0.3054995089383522,0,0.0,343.41810798778045,1.5,0.25,1.75,341.66810798778045,341.66810798778045,True,RETRY,LOW,471
T0017826,702.01,0.4883325371753305,1,702.01,342.81432442245375,1.5,0.25,1.75,341.06432442245375,341.06432442245375,True,RETRY,LOW,472
T0012538,624.01,0.5439700954651939,1,624.01,339.4427792712357,1.5,0.25,1.75,337.6927792712357,337.6927792712357,True,RETRY,LOW,473
T0004910,584.8,0.5773599453716123,1,584.8,337.6400960533188,1.5,0.25,1.75,335.8900960533188,335.8900960533188,True,RETRY,LOW,474
T0017950,527.85,0.6385751983726877,0,0.0,337.07191846102324,1.5,0.25,1.75,335.32191846102324,335.32191846102324,True,RETRY,LOW,475
T0037614,1224.74,0.2724920918224771,1,1224.74,333.7319645386606,1.5,0.25,1.75,331.9819645386606,331.9819645386606,True,RETRY,LOW,476
T0030460,601.56,0.5436045680594803,1,601.56,327.01076396186096,1.5,0.25,1.75,325.26076396186096,325.26076396186096,True,RETRY,LOW,477
T0037164,742.49,0.4382102190043236,0,0.0,325.3667055085202,1.5,0.25,1.75,323.6167055085202,323.6167055085202,True,RETRY,LOW,478
T0022537,721.78,0.4476338595452713,1,721.78,323.0931671425859,1.5,0.25,1.75,321.3431671425859,321.3431671425859,True,RETRY,LOW,479
T0013884,753.19,0.4285314995312989,1,753.19,322.765640131979,1.5,0.25,1.75,321.015640131979,321.015640131979,True,RETRY,LOW,480
T0019419,555.68,0.5788770467111521,1,555.68,321.670397316453,1.5,0.25,1.75,319.920397316453,319.920397316453,True,RETRY,LOW,481
T0038648,799.13,0.4022418467380812,1,799.13,321.4435269838028,1.5,0.25,1.75,319.6935269838028,319.6935269838028,True,RETRY,LOW,482
T0031813,1122.07,0.2862503549846111,1,1122.07,321.19293581758257,1.5,0.25,1.75,319.44293581758257,319.44293581758257,True,RETRY,LOW,483
T0016314,711.4,0.4489096800100747,1,711.4,319.35434635916715,1.5,0.25,1.75,317.60434635916715,317.60434635916715,True,RETRY,LOW,484
T0022816,450.44,0.7083338871488463,1,450.44,319.0619161273263,1.5,0.25,1.75,317.3119161273263,317.3119161273263,True,RETRY,LOW,485
T0011220,765.01,0.4158606992748948,1,765.01,318.1375935522872,1.5,0.25,1.75,316.3875935522872,316.3875935522872,True,RETRY,LOW,486
T0005945,759.13,0.4131821733715949,1,759.13,313.65898327157885,1.5,0.25,1.75,311.90898327157885,311.90898327157885,True,RETRY,LOW,487
T0010183,889.34,0.3512003697236798,1,889.34,312.3365368100574,1.5,0.25,1.75,310.5865368100574,310.5865368100574,True,RETRY,LOW,488
T0002285,574.39,0.5416991188441214,0,0.0,311.14655687287484,1.5,0.25,1.75,309.39655687287484,309.39655687287484,True,RETRY,LOW,489
T0020416,541.39,0.5682147553213718,1,541.39,307.62578638343746,1.5,0.25,1.75,305.87578638343746,305.87578638343746,True,RETRY,LOW,490
T0031682,695.02,0.4419825599096817,0,0.0,307.18671878842696,1.5,0.25,1.75,305.43671878842696,305.43671878842696,True,RETRY,LOW,491
T0016656,695.04,0.4382413808403701,1,695.04,304.59528933929084,1.5,0.25,1.75,302.84528933929084,302.84528933929084,True,RETRY,LOW,492
T0006448,560.96,0.5403676132890259,1,560.96,303.12461635061203,1.5,0.25,1.75,301.37461635061203,301.37461635061203,True,RETRY,LOW,493
T0009904,530.34,0.5697758784396475,1,530.34,302.1749393716827,1.5,0.25,1.75,300.4249393716827,300.4249393716827,True,RETRY,LOW,494
T0010756,716.96,0.4206537781739577,1,716.96,301.5919327996007,1.5,0.25,1.75,299.8419327996007,299.8419327996007,True,RETRY,LOW,495
T0014761,695.54,0.4325988970690437,1,695.54,300.88983686740266,1.5,0.25,1.75,299.13983686740266,299.13983686740266,True,RETRY,LOW,496
T0034482,654.79,0.4590465503520936,1,654.79,300.57909070504735,1.5,0.25,1.75,298.82909070504735,298.82909070504735,True,RETRY,LOW,497
T0019997,697.51,0.4290263307311991,1,697.51,299.2501559483187,1.5,0.25,1.75,297.5001559483187,297.5001559483187,True,RETRY,LOW,498
T0021313,564.77,0.5289588347859453,0,0.0,298.7400811220583,1.5,0.25,1.75,296.9900811220583,296.9900811220583,True,RETRY,LOW,499
T0042549,475.94,0.6245541210139873,1,475.94,297.2502883553971,1.5,0.25,1.75,295.5002883553971,295.5002883553971,True,RETRY,LOW,500
T0029092,780.83,0.3796172606868931,0,0.0,296.41654566214675,1.5,0.25,1.75,294.66654566214675,294.66654566214675,True,RETRY,LOW,501
T0010789,614.39,0.4814683103655645,1,614.39,295.80931520549916,1.5,0.25,1.75,294.05931520549916,294.05931520549916,True,RETRY,LOW,502
T0028119,720.76,0.4047506016125418,0,0.0,291.72804361825564,1.5,0.25,1.75,289.97804361825564,289.97804361825564,True,RETRY,LOW,503
T0028429,765.39,0.3775546505792049,0,0.0,288.97655400681765,1.5,0.25,1.75,287.22655400681765,287.22655400681765,True,RETRY,LOW,504
T0014810,518.56,0.552782750424167,1,518.56,286.651023059956,1.5,0.25,1.75,284.901023059956,284.901023059956,True,RETRY,LOW,505
T0015931,476.58,0.5973398641517076,1,476.58,284.6802324574208,1.5,0.25,1.75,282.9302324574208,282.9302324574208,True,RETRY,LOW,506
T0006144,503.45,0.5572764289242884,1,503.45,280.560818141933,1.5,0.25,1.75,278.810818141933,278.810818141933,True,RETRY,LOW,507
T0012291,477.65,0.586264115227552,1,477.65,280.0290546384402,1.5,0.25,1.75,278.2790546384402,278.2790546384402,True,RETRY,LOW,508
T0012720,455.06,0.6131801623230075,1,455.06,279.03376466670784,1.5,0.25,1.75,277.28376466670784,277.28376466670784,True,RETRY,LOW,509
T0017842,521.56,0.515797792443663,1,521.56,269.0194966269168,1.5,0.25,1.75,267.2694966269168,267.2694966269168,True,RETRY,LOW,510
T0021006,600.41,0.4462854777648994,0,0.0,267.95426370482323,1.5,0.25,1.75,266.20426370482323,266.20426370482323,True,RETRY,LOW,511
T0032633,439.8,0.6062992689919877,1,439.8,266.6504185026762,1.5,0.25,1.75,264.9004185026762,264.9004185026762,True,RETRY,LOW,512
T0030981,606.82,0.4392131723376801,1,606.82,266.52333723795107,1.5,0.25,1.75,264.77333723795107,264.77333723795107,True,RETRY,LOW,513
T0022581,642.01,0.4133915687170426,1,642.01,265.4015210320285,1.5,0.25,1.75,263.6515210320285,263.6515210320285,True,RETRY,LOW,514
T0004637,564.45,0.4689081706424691,0,0.0,264.6752169191417,1.5,0.25,1.75,262.9252169191417,262.9252169191417,True,RETRY,LOW,515
T0014571,641.17,0.4113334462678371,1,641.17,263.7346657435491,1.5,0.25,1.75,261.9846657435491,261.9846657435491,True,RETRY,LOW,516
T0028520,653.51,0.4020803216477208,0,0.0,262.763511000002,1.5,0.25,1.75,261.013511000002,261.013511000002,True,RETRY,LOW,517
T0027560,466.83,0.5516324449673534,1,466.83,257.5185742841096,1.5,0.25,1.75,255.7685742841096,255.7685742841096,True,RETRY,LOW,518
T0037771,936.07,0.274205004158866,0,0.0,256.67507824298974,1.5,0.25,1.75,254.92507824298974,254.92507824298974,True,RETRY,LOW,519
T0031500,795.89,0.3216986421710826,1,795.89,256.03673231754294,1.5,0.25,1.75,254.28673231754294,254.28673231754294,True,RETRY,LOW,520
T0034584,436.71,0.5840229146742204,1,436.71,255.0486470673788,1.5,0.25,1.75,253.2986470673788,253.2986470673788,True,RETRY,LOW,521
T0033862,759.17,0.3274309708288759,1,759.17,248.5757701241577,1.5,0.25,1.75,246.8257701241577,246.8257701241577,True,RETRY,LOW,522
T0018843,553.95,0.4473365844830651,1,553.95,247.80210097439394,1.5,0.25,1.75,246.05210097439394,246.05210097439394,True,RETRY,LOW,523
T0026881,517.86,0.4679547602541116,0,0.0,242.33505214519423,1.5,0.25,1.75,240.58505214519423,240.58505214519423,True,RETRY,LOW,524
T0027948,423.79,0.5629722060436121,0,0.0,238.5819911992224,1.5,0.25,1.75,236.8319911992224,236.8319911992224,True,RETRY,LOW,525
T0027304,430.14,0.5433990592856165,1,430.14,233.73767136111508,1.5,0.25,1.75,231.98767136111508,231.98767136111508,True,RETRY,LOW,526
T0019516,607.12,0.381861975449165,0,0.0,231.83604253469707,1.5,0.25,1.75,230.08604253469707,230.08604253469707,True,RETRY,LOW,527
T0045263,378.61,0.5963889273253756,1,378.61,225.79881177466046,1.5,0.25,1.75,224.04881177466046,224.04881177466046,True,RETRY,LOW,528
T0010693,479.53,0.4674597480721209,1,479.53,224.1609729930241,1.5,0.25,1.75,222.4109729930241,222.4109729930241,True,RETRY,LOW,529
T0020397,601.75,0.3709839079254257,0,0.0,223.2395665941249,1.5,0.25,1.75,221.4895665941249,221.4895665941249,True,RETRY,LOW,530
T0029955,373.36,0.5943407545321474,1,373.36,221.90306411212256,1.5,0.25,1.75,220.15306411212256,220.15306411212256,True,RETRY,LOW,531
T0036986,375.2,0.5894676709953078,1,375.2,221.16827015743948,1.5,0.25,1.75,219.41827015743948,219.41827015743948,True,RETRY,LOW,532
T0008618,406.05,0.5380590273980966,1,406.05,218.47886807499714,1.5,0.25,1.75,216.72886807499714,216.72886807499714,True,RETRY,LOW,533
T0018355,365.31,0.5942596995518677,0,0.0,217.0890108432928,1.5,0.25,1.75,215.3390108432928,215.3390108432928,True,RETRY,LOW,534
T0035129,476.71,0.4397370803501991,1,476.71,209.6270635737434,1.5,0.25,1.75,207.8770635737434,207.8770635737434,True,RETRY,LOW,535
T0022042,337.94,0.6051714084510277,1,337.94,204.5116257719403,1.5,0.25,1.75,202.7616257719403,202.7616257719403,True,RETRY,LOW,536
T0042375,579.72,0.3502417104345779,1,579.72,203.0421243731335,1.5,0.25,1.75,201.2921243731335,201.2921243731335,True,RETRY,LOW,537
T0023498,484.89,0.4117002071815812,0,0.0,199.6293134602769,1.5,0.25,1.75,197.8793134602769,197.8793134602769,True,RETRY,LOW,538
T0042809,446.49,0.4413568163150211,0,0.0,197.06140491649379,1.5,0.25,1.75,195.31140491649379,195.31140491649379,True,RETRY,LOW,539
T0035863,362.46,0.5412565140607002,1,362.46,196.18383608644137,1.5,0.25,1.75,194.43383608644137,194.43383608644137,True,RETRY,LOW,540
T0030704,462.25,0.4165319837119156,0,0.0,192.54190947083296,1.5,0.25,1.75,190.79190947083296,190.79190947083296,True,RETRY,LOW,541
T0030786,415.77,0.4627636145020065,0,0.0,192.40322800149923,1.5,0.25,1.75,190.65322800149923,190.65322800149923,True,RETRY,LOW,542
T0018217,476.02,0.4028463241224306,1,476.02,191.7629072087594,1.5,0.25,1.75,190.0129072087594,190.0129072087594,True,RETRY,LOW,543
T0014339,405.46,0.4662398404753021,1,405.46,189.04160571911598,1.5,0.25,1.75,187.29160571911598,187.29160571911598,True,RETRY,LOW,544
T0001904,291.86,0.643397789140613,1,291.86,187.78207873857932,1.5,0.25,1.75,186.03207873857932,186.03207873857932,True,RETRY,LOW,545
T0004409,321.38,0.576328283414335,0,0.0,185.22038372369897,1.5,0.25,1.75,183.47038372369897,183.47038372369897,True,RETRY,LOW,546
T0009771,461.34,0.4014085162660344,1,461.34,185.1858048941723,1.5,0.25,1.75,183.4358048941723,183.4358048941723,True,RETRY,LOW,547
T0041443,364.47,0.504982338009212,0,0.0,184.05091273421752,1.5,0.25,1.75,182.30091273421752,182.30091273421752,True,RETRY,LOW,548
T0002288,320.46,0.5736946001746208,1,320.46,183.84617157195896,1.5,0.25,1.75,182.09617157195896,182.09617157195896,True,RETRY,LOW,549
T0044092,426.11,0.4205033188963214,1,426.11,179.18066921491152,1.5,0.25,1.75,177.43066921491152,177.43066921491152,True,RETRY,LOW,550
T0002672,327.4,0.5382283691854725,0,0.0,176.21596807132366,1.5,0.25,1.75,174.46596807132366,174.46596807132366,True,RETRY,LOW,551
T0000191,300.35,0.5817220425677668,1,300.35,174.72021548522878,1.5,0.25,1.75,172.97021548522878,172.97021548522878,True,RETRY,LOW,552
T0044793,386.63,0.4405474906330202,0,0.0,170.3288763034446,1.5,0.25,1.75,168.5788763034446,168.5788763034446,True,RETRY,LOW,553
T0019367,280.39,0.6058449248439892,0,0.0,169.87285847700613,1.5,0.25,1.75,168.12285847700613,168.12285847700613,True,RETRY,LOW,554
T0025822,249.46,0.6435621412903394,1,249.46,160.54301176628806,1.5,0.25,1.75,158.79301176628806,158.79301176628806,True,RETRY,LOW,555
T0019001,250.75,0.6380300752980247,1,250.75,159.98604138097969,1.5,0.25,1.75,158.23604138097969,158.23604138097969,True,RETRY,LOW,556
T0005658,628.72,0.2478200264627361,0,0.0,155.80940703765145,1.5,0.25,1.75,154.05940703765145,154.05940703765145,True,RETRY,LOW,557
T0001558,374.45,0.4082361973225382,0,0.0,152.86404408742442,1.5,0.25,1.75,151.11404408742442,151.11404408742442,True,RETRY,LOW,558
T0016052,338.92,0.4441444289944146,1,338.92,150.52942987478698,1.5,0.25,1.75,148.77942987478698,148.77942987478698,True,RETRY,LOW,559
T0041575,357.06,0.4169072564952323,0,0.0,148.86090500418766,1.5,0.25,1.75,147.11090500418766,147.11090500418766,True,RETRY,LOW,560
T0017955,279.47,0.4904468200604305,1,279.47,137.06517280228852,1.5,0.25,1.75,135.31517280228852,135.31517280228852,True,RETRY,LOW,561
T0039103,242.71,0.5544856490954306,0,0.0,134.57921189195199,1.5,0.25,1.75,132.82921189195199,132.82921189195199,True,RETRY,LOW,562
T0015600,230.4,0.5693418881955876,1,230.4,131.1763710402634,1.5,0.25,1.75,129.4263710402634,129.4263710402634,True,RETRY,LOW,563
T0014645,304.35,0.4250865053317495,0,0.0,129.37507789771797,1.5,0.25,1.75,127.62507789771797,127.62507789771797,True,RETRY,LOW,564
T0035860,243.65,0.528905018296504,1,243.65,128.86770770794323,1.5,0.25,1.75,127.11770770794323,127.11770770794323,True,RETRY,LOW,565
T0004475,429.62,0.2926713637709761,0,0.0,125.73747130328674,1.5,0.25,1.75,123.98747130328674,123.98747130328674,True,RETRY,LOW,566
T0028832,257.66,0.479606317028577,1,257.66,123.57536364558315,1.5,0.25,1.75,121.82536364558315,121.82536364558315,True,RETRY,LOW,567
T0029260,302.98,0.406487211693107,0,0.0,123.15749539877756,1.5,0.25,1.75,121.40749539877756,121.40749539877756,True,RETRY,LOW,568
T0017251,208.77,0.5564051039223759,1,208.77,116.16069354587441,1.5,0.25,1.75,114.41069354587441,114.41069354587441,True,RETRY,LOW,569
T0016502,492.75,0.2356322783157568,1,492.75,116.10780514008917,1.5,0.25,1.75,114.35780514008917,114.35780514008917,True,RETRY,LOW,570
T0001103,278.71,0.3955694908833492,0,0.0,110.24917280409825,1.5,0.25,1.75,108.49917280409825,108.49917280409825,True,RETRY,LOW,571
T0004058,956.35,0.1145907131744675,0,0.0,109.588828544402,1.5,0.25,1.75,107.838828544402,107.838828544402,True,RETRY,LOW,572
T0037538,220.56,0.4901075553133624,0,0.0,108.09812239991521,1.5,0.25,1.75,106.34812239991521,106.34812239991521,True,RETRY,LOW,573
T0008860,205.28,0.5172147903211869,1,205.28,106.17385215713324,1.5,0.25,1.75,104.42385215713324,104.42385215713324,True,RETRY,LOW,574
T0034892,221.27,0.466122805440571,1,221.27,103.13899315983515,1.5,0.25,1.75,101.38899315983515,101.38899315983515,True,RETRY,LOW,575
T0040635,194.97,0.5076225053980141,0,0.0,98.97115987745082,1.5,0.25,1.75,97.22115987745082,97.22115987745082,True,RETRY,LOW,576
T0040793,199.48,0.4220313839233073,0,0.0,84.18682046502134,1.5,0.25,1.75,82.43682046502134,82.43682046502134,True,RETRY,LOW,577
T0008036,197.03,0.4252322661571702,1,197.03,83.78351340094724,1.5,0.25,1.75,82.03351340094724,82.03351340094724,True,RETRY,LOW,578
T0004593,550.79,0.1304065657544532,0,0.0,71.82663235189527,1.5,0.25,1.75,70.07663235189527,70.07663235189527,True,RETRY,LOW,579
T0045469,110.46,0.5743320270439937,1,110.46,63.44071570727954,1.5,0.25,1.75,61.69071570727954,61.69071570727954,True,RETRY,LOW,580
T0002337,103.68,0.5937604647913978,1,103.68,61.56108498957212,1.5,0.25,1.75,59.81108498957212,59.81108498957212,True,RETRY,LOW,581
